{
  "resource_pack_name": "vanilla",
  "texture_name": "atlas.items",
  "texture_data": {
    "egg_camel": {
      "textures": "textures/items/egg_camel"
    },
    "egg_lion": {
      "textures": "textures/items/egg_lion"
    },
    "egg_penguin": {
      "textures": "textures/items/egg_penguin"
    },
    "egg_tiger": {
      "textures": "textures/items/egg_tiger"
    },
    "egg_elephant": {
      "textures": "textures/items/egg_elephant"
    },
    "egg_deer": {
      "textures": "textures/items/egg_deer"
    },
    "egg_panther": {
      "textures": "textures/items/egg_panther"
    },
    "egg_frog": {
      "textures": "textures/items/egg_frog"
    },
    "egg_crocodile": {
      "textures": "textures/items/egg_crocodile"
    },
    "egg_mouse": {
      "textures": "textures/items/egg_mouse"
    },
    "gallardo": {
      "textures": "textures/items/gallardo"
    },
    "bench": {
      "textures": "textures/items/bench"
    },
    "christmas_tree": {
      "textures": "textures/items/christmas_tree"
    },
    "tivi": {
      "textures": "textures/items/tivi"
    },
    "closet": {
      "textures": "textures/items/closet"
    },
    "laptop": {
      "textures": "textures/items/laptop"
    },
    "piano": {
      "textures": "textures/items/piano"
    },
    "armchairs": {
      "textures": "textures/items/armchairs"
    },
    "chair": {
      "textures": "textures/items/chair"
    },
    "big_table": {
      "textures": "textures/items/big_table"
    },
    "small_table": {
      "textures": "textures/items/small_table"
    },
    "drone": {
      "textures": "textures/items/drone"
    },
    "colorful_gifts": {
      "textures": "textures/items/colorful_gifts"
    },
    "lwp:pibby2": {
      "textures": "textures/items/pamobile/lwp_pibby2"
    },
    "lwp:pibby": {
      "textures": "textures/items/pamobile/lwp_pibby"
    },
    "lwp:corrupbunbun": {
      "textures": "textures/items/pamobile/lwp_corrupbunbun"
    },
    "lwp:pibby3": {
      "textures": "textures/items/pamobile/lwp_pibby3"
    },
    "lwp:corruptedspongebob": {
      "textures": "textures/items/pamobile/lwp_corruptedspongebob"
    },
    "lwp:corruptedjake": {
      "textures": "textures/items/pamobile/lwp_corruptedjake"
    },
    "lwp:corrupfinn": {
      "textures": "textures/items/pamobile/lwp_corrupfinn"
    },
    "lwp:bun_bun": {
      "textures": "textures/items/pamobile/lwp_bun_bun"
    },
    "reddit:spibby": {
      "textures": "textures/items/pamobile/reddit_spibby"
    },
    "lwp:corruptedbunbun1": {
      "textures": "textures/items/pamobile/lwp_corruptedbunbun1"
    }
  }
}