{
  "format_version": "1.8.0",
  "animations": {
    "animation.cn_bugs_bunny_glitched.idle": {
      "loop": true,
      "animation_length": 1,
      "bones": {
        "bugs": {
          "scale": 1.2
        },
        "body": {
          "rotation": {
            "0.0": [
              0,
              0,
              0
            ],
            "0.5": [
              0,
              0,
              0
            ],
            "0.75": [
              -7.5,
              0,
              0
            ],
            "1.0": [
              0,
              0,
              0
            ]
          }
        },
        "head": {
          "rotation": {
            "0.5": [
              0,
              0,
              0
            ],
            "0.75": [
              5,
              0,
              0
            ],
            "1.0": [
              0,
              0,
              0
            ]
          }
        },
        "leftear": {
          "rotation": {
            "0.5": [
              0,
              0,
              0
            ],
            "0.75": [
              20,
              0,
              0
            ],
            "1.0": [
              0,
              0,
              0
            ]
          }
        },
        "rightear": {
          "rotation": {
            "0.5": [
              10,
              0,
              0
            ],
            "0.75": [
              30,
              0,
              0
            ],
            "1.0": [
              10,
              0,
              0
            ]
          }
        },
        "leftleg": {
          "rotation": [
            -10,
            0,
            0
          ],
          "scale": [
            1,
            1.1,
            1
          ]
        },
        "bone": {
          "rotation": [
            47.5,
            0,
            0
          ]
        },
        "bone2": {
          "rotation": [
            -37.5,
            0,
            0
          ]
        },
        "leftarm": {
          "rotation": {
            "0.0": [
              -25.78231,
              24.21697,
              95.65761
            ],
            "0.5": [
              -25.78231,
              24.21697,
              95.65761
            ],
            "0.75": [
              -30,
              37.5,
              87.5
            ],
            "1.0": [
              -25.78231,
              24.21697,
              95.65761
            ]
          }
        },
        "bone3": {
          "rotation": [
            0,
            90,
            0
          ]
        },
        "bone4": {
          "rotation": [
            125,
            0,
            0
          ]
        },
        "bone5": {
          "rotation": [
            0,
            0,
            47.5
          ]
        },
        "bone6": {
          "rotation": [
            0,
            0,
            60
          ]
        },
        "bone7": {
          "rotation": [
            0,
            0,
            57.5
          ]
        },
        "bone8": {
          "rotation": [
            0,
            0,
            52.5
          ]
        },
        "bone9": {
          "rotation": [
            0,
            0,
            47.5
          ]
        },
        "bone10": {
          "rotation": [
            0,
            0,
            60
          ]
        },
        "GLITCH": {
          "position": {
            "0.0": [
              -10,
              12,
              3
            ],
            "0.0833": [
              -10,
              7,
              3
            ],
            "0.1667": [
              -10,
              20,
              3
            ],
            "0.25": [
              -10,
              7,
              3
            ],
            "0.3333": [
              -10,
              20,
              3
            ],
            "0.4167": [
              -10,
              7,
              3
            ],
            "0.5": [
              -10,
              20,
              3
            ],
            "0.5833": [
              -10,
              7,
              3
            ],
            "0.6667": [
              -10,
              20,
              3
            ],
            "0.75": [
              -10,
              7,
              3
            ],
            "0.8333": [
              -10,
              20,
              3
            ],
            "0.9167": [
              -10,
              7,
              3
            ],
            "1.0": [
              -10,
              20,
              3
            ]
          }
        },
        "bone11": {
          "position": {
            "0.0": [
              -3,
              -2,
              -6
            ],
            "0.0417": [
              0,
              5,
              -6
            ],
            "0.0833": [
              -3,
              -2,
              -6
            ],
            "0.125": [
              0,
              5,
              -6
            ],
            "0.1667": [
              -3,
              -2,
              -6
            ],
            "0.2083": [
              0,
              5,
              -6
            ],
            "0.25": [
              -3,
              -2,
              -6
            ],
            "0.2917": [
              0,
              5,
              -6
            ],
            "0.3333": [
              -3,
              -2,
              -6
            ],
            "0.375": [
              0,
              5,
              -6
            ],
            "0.4167": [
              -3,
              -2,
              -6
            ],
            "0.4583": [
              0,
              5,
              -6
            ],
            "0.5": [
              -3,
              -2,
              -6
            ],
            "0.5417": [
              0,
              5,
              -6
            ],
            "0.5833": [
              -3,
              -2,
              -6
            ],
            "0.625": [
              0,
              5,
              -6
            ],
            "0.6667": [
              -3,
              -2,
              -6
            ],
            "0.7083": [
              0,
              5,
              -6
            ],
            "0.75": [
              -3,
              -2,
              -6
            ],
            "0.7917": [
              0,
              5,
              -6
            ],
            "0.8333": [
              -3,
              -2,
              -6
            ],
            "0.875": [
              0,
              5,
              -6
            ],
            "0.9167": [
              -3,
              -2,
              -6
            ],
            "0.9583": [
              0,
              5,
              -6
            ],
            "1.0": [
              -3,
              -2,
              -6
            ]
          }
        },
        "bone12": {
          "position": {
            "0.0": [
              0,
              7,
              -4
            ],
            "0.0417": [
              0,
              0,
              -4
            ],
            "0.0833": [
              0,
              7,
              -4
            ],
            "0.125": [
              0,
              0,
              -4
            ],
            "0.1667": [
              0,
              7,
              -4
            ],
            "0.2083": [
              0,
              0,
              -4
            ],
            "0.25": [
              0,
              7,
              -4
            ],
            "0.2917": [
              0,
              0,
              -4
            ],
            "0.3333": [
              0,
              7,
              -4
            ],
            "0.375": [
              0,
              0,
              -4
            ],
            "0.4167": [
              0,
              7,
              -4
            ],
            "0.4583": [
              0,
              0,
              -4
            ],
            "0.5": [
              0,
              7,
              -4
            ],
            "0.5417": [
              0,
              0,
              -4
            ],
            "0.5833": [
              0,
              7,
              -4
            ],
            "0.625": [
              0,
              0,
              -4
            ],
            "0.6667": [
              0,
              7,
              -4
            ],
            "0.7083": [
              0,
              0,
              -4
            ],
            "0.75": [
              0,
              7,
              -4
            ],
            "0.7917": [
              0,
              0,
              -4
            ],
            "0.8333": [
              0,
              7,
              -4
            ],
            "0.875": [
              0,
              0,
              -4
            ],
            "0.9167": [
              0,
              7,
              -4
            ],
            "0.9583": [
              0,
              0,
              -4
            ],
            "1.0": [
              0,
              7,
              -4
            ]
          }
        },
        "bone13": {
          "position": {
            "0.0": [
              5,
              0,
              -2
            ],
            "0.0417": [
              3,
              3,
              -2
            ],
            "0.0833": [
              5,
              0,
              -2
            ],
            "0.125": [
              3,
              3,
              -2
            ],
            "0.1667": [
              5,
              0,
              -2
            ],
            "0.2083": [
              3,
              3,
              -2
            ],
            "0.25": [
              5,
              0,
              -2
            ],
            "0.2917": [
              3,
              3,
              -2
            ],
            "0.3333": [
              5,
              0,
              -2
            ],
            "0.375": [
              3,
              3,
              -2
            ],
            "0.4167": [
              5,
              0,
              -2
            ],
            "0.4583": [
              3,
              3,
              -2
            ],
            "0.5": [
              5,
              0,
              -2
            ],
            "0.5417": [
              3,
              3,
              -2
            ],
            "0.5833": [
              5,
              0,
              -2
            ],
            "0.625": [
              3,
              3,
              -2
            ],
            "0.6667": [
              5,
              0,
              -2
            ],
            "0.7083": [
              3,
              3,
              -2
            ],
            "0.75": [
              5,
              0,
              -2
            ],
            "0.7917": [
              3,
              3,
              -2
            ],
            "0.8333": [
              5,
              0,
              -2
            ],
            "0.875": [
              3,
              3,
              -2
            ],
            "0.9167": [
              5,
              0,
              -2
            ],
            "0.9583": [
              3,
              3,
              -2
            ],
            "1.0": [
              5,
              0,
              -2
            ]
          }
        },
        "bone14": {
          "position": {
            "0.0": [
              4,
              -5,
              -8
            ],
            "0.0417": [
              2,
              -5,
              -8
            ],
            "0.0833": [
              4,
              -5,
              -8
            ],
            "0.125": [
              2,
              -5,
              -8
            ],
            "0.1667": [
              4,
              -5,
              -8
            ],
            "0.2083": [
              2,
              -5,
              -8
            ],
            "0.25": [
              4,
              -5,
              -8
            ],
            "0.2917": [
              2,
              -5,
              -8
            ],
            "0.3333": [
              4,
              -5,
              -8
            ],
            "0.375": [
              2,
              -5,
              -8
            ],
            "0.4167": [
              4,
              -5,
              -8
            ],
            "0.4583": [
              2,
              -5,
              -8
            ],
            "0.5": [
              4,
              -5,
              -8
            ],
            "0.5417": [
              2,
              -5,
              -8
            ],
            "0.5833": [
              4,
              -5,
              -8
            ],
            "0.625": [
              2,
              -5,
              -8
            ],
            "0.6667": [
              4,
              -5,
              -8
            ],
            "0.7083": [
              2,
              -5,
              -8
            ],
            "0.75": [
              4,
              -5,
              -8
            ],
            "0.7917": [
              2,
              -5,
              -8
            ],
            "0.8333": [
              4,
              -5,
              -8
            ],
            "0.875": [
              2,
              -5,
              -8
            ],
            "0.9167": [
              4,
              -5,
              -8
            ],
            "0.9583": [
              2,
              -5,
              -8
            ],
            "1.0": [
              4,
              -5,
              -8
            ]
          }
        },
        "bone15": {
          "position": [
            0,
            8,
            0
          ]
        },
        "bone16": {
          "position": [
            0,
            0,
            2
          ]
        },
        "leftarm2": {
          "rotation": [
            0,
            0,
            -35
          ]
        },
        "bone19": {
          "rotation": [
            0,
            0,
            -100
          ]
        },
        "gloves2": {
          "rotation": [
            0,
            -180,
            -112.5
          ]
        },
        "bone20": {
          "rotation": [
            0,
            0,
            30
          ]
        },
        "bone21": {
          "rotation": [
            -5.11293,
            0.86247,
            24.42628
          ]
        },
        "bone22": {
          "rotation": [
            0,
            0,
            10
          ]
        },
        "bone23": {
          "rotation": [
            0,
            0,
            22.5
          ]
        },
        "bone24": {
          "rotation": [
            0,
            0,
            15
          ]
        },
        "bone25": {
          "rotation": [
            0,
            0,
            15
          ]
        },
        "GLITCH2": {
          "position": {
            "0.0": [
              10,
              11,
              3
            ],
            "0.0833": [
              8,
              11,
              3
            ],
            "0.1667": [
              12,
              2,
              3
            ],
            "0.25": [
              6,
              6,
              3
            ],
            "0.3333": [
              9,
              20,
              3
            ],
            "0.4167": [
              9,
              9,
              3
            ],
            "0.5": [
              12,
              23,
              3
            ],
            "0.5833": [
              6,
              15,
              3
            ],
            "0.6667": [
              11,
              8,
              3
            ],
            "0.75": [
              6,
              14,
              3
            ],
            "0.8333": [
              9,
              19,
              3
            ],
            "0.9167": [
              7,
              1,
              3
            ],
            "1.0": [
              11,
              8,
              3
            ]
          }
        },
        "bone28": {
          "position": [
            0,
            0,
            -1
          ]
        },
        "bone29": {
          "position": [
            -4,
            3,
            1
          ]
        },
        "bone30": {
          "position": [
            2,
            2,
            3
          ]
        },
        "bone31": {
          "position": [
            -3,
            6,
            -3
          ]
        },
        "bone32": {
          "position": [
            0,
            7,
            5
          ]
        }
      }
    },
    "animation.cn_bugs_bunny_glitched.walk": {
      "loop": true,
      "animation_length": 2,
      "bones": {
        "bugs": {
          "scale": 1.2
        },
        "body": {
          "rotation": {
            "0.0": [
              22.5,
              0,
              0
            ],
            "0.5": [
              32.5,
              0,
              0
            ],
            "1.0": [
              22.5,
              0,
              0
            ],
            "1.5": [
              32.5,
              0,
              0
            ],
            "2.0": [
              22.5,
              0,
              0
            ]
          }
        },
        "head": {
          "rotation": {
            "0.0": [
              -17.5,
              0,
              0
            ],
            "0.5": [
              -25,
              0,
              0
            ],
            "1.0": [
              -17.5,
              0,
              0
            ],
            "1.5": [
              -25,
              0,
              0
            ],
            "2.0": [
              -17.5,
              0,
              0
            ]
          }
        },
        "leftleg": {
          "rotation": {
            "0.0": [
              -62.5,
              0,
              0
            ],
            "0.5": [
              -22.5,
              0,
              0
            ],
            "1.0": [
              2.5,
              0,
              0
            ],
            "1.5": [
              35,
              0,
              0
            ],
            "2.0": [
              -62.5,
              0,
              0
            ]
          }
        },
        "bone": {
          "rotation": {
            "0.0": [
              32.5,
              0,
              0
            ],
            "0.5": [
              0,
              0,
              0
            ],
            "1.0": [
              42.5,
              0,
              0
            ],
            "1.5": [
              35,
              0,
              0
            ],
            "2.0": [
              32.5,
              0,
              0
            ]
          }
        },
        "bone2": {
          "rotation": {
            "0.0": [
              0,
              0,
              0
            ],
            "0.5": [
              22.5,
              0,
              0
            ],
            "1.0": [
              -29.9981,
              0.44303,
              0.03981
            ],
            "1.5": [
              -29.9981,
              0.44303,
              0.03981
            ],
            "2.0": [
              0,
              0,
              0
            ]
          }
        },
        "leftarm": {
          "rotation": {
            "0.0": [
              0,
              12.5,
              75
            ],
            "1.0": [
              0,
              -65,
              75
            ],
            "2.0": [
              0,
              12.5,
              75
            ]
          }
        },
        "bone3": {
          "rotation": [
            0,
            47.5,
            0
          ]
        },
        "bone4": {
          "rotation": [
            135,
            0,
            0
          ]
        },
        "bone5": {
          "rotation": [
            0,
            0,
            75
          ]
        },
        "bone6": {
          "rotation": [
            0,
            0,
            32.5
          ]
        },
        "bone7": {
          "rotation": [
            0,
            0,
            72.5
          ]
        },
        "bone8": {
          "rotation": [
            0,
            0,
            45
          ]
        },
        "bone9": {
          "rotation": [
            0,
            0,
            72.5
          ]
        },
        "bone10": {
          "rotation": [
            0,
            0,
            40
          ]
        },
        "GLITCH": {
          "position": {
            "0.0": [
              -11,
              12,
              -3
            ],
            "0.25": [
              -4,
              12,
              -3
            ],
            "0.5": [
              -10,
              5,
              -3
            ],
            "0.75": [
              -10,
              23,
              -3
            ],
            "1.0": [
              -5,
              18,
              -3
            ],
            "1.25": [
              -5,
              7,
              -3
            ],
            "1.5": [
              -11,
              7,
              -3
            ],
            "1.75": [
              -4,
              2,
              -3
            ],
            "2.0": [
              -4,
              20,
              -3
            ]
          }
        },
        "rightleg": {
          "rotation": {
            "0.0": [
              20,
              0,
              0
            ],
            "0.5": [
              35,
              0,
              0
            ],
            "1.0": [
              -62.5,
              0,
              0
            ],
            "1.5": [
              -30,
              0,
              0
            ],
            "2.0": [
              20,
              0,
              0
            ]
          }
        },
        "bone17": {
          "rotation": {
            "0.0": [
              17.5,
              0,
              0
            ],
            "1.0": [
              37.5,
              0,
              0
            ],
            "1.5": [
              0,
              0,
              0
            ],
            "2.0": [
              17.5,
              0,
              0
            ]
          }
        },
        "bone18": {
          "rotation": {
            "0.0": [
              -17.5,
              0,
              0
            ],
            "0.5": [
              -25,
              0,
              0
            ],
            "1.0": [
              -12.5,
              0,
              0
            ],
            "1.5": [
              32.5,
              0,
              0
            ],
            "2.0": [
              -17.5,
              0,
              0
            ]
          }
        },
        "leftarm2": {
          "rotation": {
            "0.0": [
              -0.80714,
              49.96606,
              -75.79943
            ],
            "1.0": [
              -0.56208,
              -22.53016,
              -74.96604
            ],
            "2.0": [
              -0.80714,
              49.96606,
              -75.79943
            ]
          }
        },
        "bone19": {
          "rotation": [
            0,
            -42.5,
            0
          ]
        },
        "bone20": {
          "rotation": [
            0,
            0,
            67.5
          ]
        },
        "bone21": {
          "rotation": [
            0,
            0,
            90
          ]
        },
        "bone22": {
          "rotation": [
            0,
            0,
            67.5
          ]
        },
        "bone23": {
          "rotation": [
            0,
            0,
            90
          ]
        },
        "bone24": {
          "rotation": [
            0,
            0,
            72.5
          ]
        },
        "bone25": {
          "rotation": [
            0,
            0,
            87.5
          ]
        },
        "bone26": {
          "rotation": [
            -155,
            0,
            0
          ]
        },
        "GLITCH2": {
          "position": {
            "0.0": [
              12,
              3,
              0
            ],
            "0.25": [
              8,
              14,
              0
            ],
            "0.5": [
              10,
              24,
              -6
            ],
            "0.75": [
              10,
              4,
              -2
            ],
            "1.0": [
              5,
              4,
              -4
            ],
            "1.25": [
              5,
              4,
              4
            ],
            "1.5": [
              5,
              11,
              4
            ],
            "1.75": [
              5,
              4,
              -7
            ],
            "2.0": [
              10,
              4,
              2
            ]
          }
        }
      }
    },
    "animation.cn_bugs_bunny_glitched.pose": {
      "loop": true,
      "animation_length": 1,
      "bones": {
        "bugs": {
          "position": {
            "0.0": [
              0,
              -1,
              -2
            ],
            "0.5": [
              0,
              -2,
              -4
            ],
            "1.0": [
              0,
              -1,
              -2
            ]
          }
        },
        "body": {
          "rotation": {
            "0.0": [
              17.5,
              0,
              0
            ],
            "0.5": [
              25,
              0,
              0
            ],
            "1.0": [
              17.5,
              0,
              0
            ]
          }
        },
        "head": {
          "rotation": [
            -15.89651,
            -2.52309,
            0.94849
          ]
        },
        "leftleg": {
          "rotation": {
            "0.0": [
              -62.5,
              0,
              0
            ],
            "0.5": [
              -82.5,
              0,
              0
            ],
            "1.0": [
              -62.5,
              0,
              0
            ]
          }
        },
        "bone": {
          "rotation": [
            120,
            0,
            0
          ]
        },
        "bone2": {
          "rotation": [
            -20,
            0,
            0
          ]
        },
        "leftarm": {
          "rotation": {
            "0.0": [
              0,
              0,
              62.5
            ],
            "0.5": [
              0,
              15,
              62.5
            ],
            "1.0": [
              0,
              0,
              62.5
            ]
          }
        },
        "bone3": {
          "rotation": [
            0,
            55,
            0
          ]
        },
        "bone4": {
          "rotation": [
            82.5,
            0,
            0
          ]
        },
        "bone5": {
          "rotation": [
            0,
            0,
            47.5
          ]
        },
        "bone6": {
          "rotation": [
            0,
            0,
            57.5
          ]
        },
        "bone7": {
          "rotation": [
            0,
            0,
            55
          ]
        },
        "bone8": {
          "rotation": [
            0,
            0,
            57.5
          ]
        },
        "bone9": {
          "rotation": [
            0,
            0,
            55
          ]
        },
        "bone10": {
          "rotation": [
            0,
            0,
            47.5
          ]
        },
        "GLITCH": {
          "position": [
            -9,
            12,
            3
          ]
        },
        "bone11": {
          "position": [
            5,
            6,
            -6
          ]
        },
        "bone12": {
          "position": [
            3,
            3,
            -4
          ]
        },
        "bone13": {
          "position": [
            0,
            0,
            -2
          ]
        },
        "bone14": {
          "position": [
            1,
            5,
            -8
          ]
        },
        "bone15": {
          "position": [
            -2,
            3,
            0
          ]
        },
        "rightleg": {
          "rotation": {
            "0.0": [
              25,
              0,
              0
            ],
            "0.5": [
              35,
              0,
              0
            ],
            "1.0": [
              25,
              0,
              0
            ]
          }
        },
        "bone18": {
          "rotation": {
            "0.0": [
              -25,
              0,
              0
            ],
            "0.5": [
              -34.91362,
              0.71692,
              -1.16417
            ],
            "1.0": [
              -25,
              0,
              0
            ]
          }
        },
        "leftarm2": {
          "rotation": [
            -2.35666,
            17.34551,
            -65.35952
          ]
        }
      }
    }
  }
}