{
  "format_version": "1.8.0",
  "animations": {
    "animation.cn_finn_glitch.idle": {
      "loop": true,
      "animation_length": 0.75,
      "bones": {
        "body": {
          "rotation": {
            "0.0": [
              20,
              0,
              0
            ],
            "0.1667": [
              25,
              0,
              0
            ],
            "0.3333": [
              20,
              0,
              0
            ]
          }
        },
        "leftarm": {
          "rotation": {
            "0.0": [
              -42.5,
              0,
              0
            ],
            "0.1667": [
              -49.59894,
              -1.34891,
              2.0962
            ],
            "0.3333": [
              -42.5,
              0,
              0
            ]
          }
        },
        "bone": {
          "rotation": [
            -110,
            0,
            0
          ]
        },
        "bone3": {
          "rotation": [
            0,
            0,
            75
          ]
        },
        "bone4": {
          "rotation": [
            0,
            0,
            85
          ]
        },
        "bone7": {
          "rotation": [
            0,
            0,
            77.5
          ]
        },
        "bone8": {
          "rotation": [
            0,
            0,
            90
          ]
        },
        "rightarm": {
          "rotation": {
            "0.0": [
              -22.5,
              0,
              0
            ],
            "0.1667": [
              -27.4892,
              0.17945,
              -0.2831
            ],
            "0.3333": [
              -22.5,
              0,
              0
            ]
          }
        },
        "leftleg": {
          "rotation": [
            -24.52264,
            0.30987,
            -2.63541
          ],
          "position": [
            0,
            -1,
            0
          ]
        },
        "bone19": {
          "rotation": [
            23.62252,
            -2.90248,
            1.63831
          ]
        },
        "rightleg": {
          "rotation": [
            9.91247,
            0.06553,
            -1.31453
          ]
        },
        "bone20": {
          "rotation": [
            23.87654,
            -0.38312,
            1.03888
          ]
        },
        "bone21": {
          "rotation": {
            "0.7083": [
              0,
              -2.5,
              0
            ],
            "0.75": [
              0,
              180,
              0
            ]
          },
          "position": {
            "0.0": [
              0,
              -1,
              0
            ],
            "0.25": [
              0,
              0,
              1
            ],
            "0.5": [
              0,
              0,
              1
            ],
            "0.75": [
              0,
              -1,
              0
            ]
          }
        },
        "head": {
          "rotation": [
            -10,
            0,
            0
          ]
        },
        "bone22": {
          "position": {
            "0.0": [
              0,
              -3,
              1
            ],
            "0.25": [
              0,
              -4,
              0
            ],
            "0.5": [
              0,
              -3,
              1
            ]
          }
        },
        "bone23": {
          "position": {
            "0.25": [
              0,
              -6,
              1
            ],
            "0.5": [
              0,
              -7,
              0
            ],
            "0.75": [
              0,
              -6,
              1
            ]
          }
        },
        "bone11": {
          "rotation": [
            0,
            -92.5,
            0
          ]
        },
        "bone12": {
          "rotation": [
            0,
            -55,
            0
          ]
        },
        "bone13": {
          "rotation": [
            0,
            0,
            -7.5
          ]
        },
        "bone14": {
          "rotation": [
            0,
            0,
            -47.5
          ]
        },
        "bone15": {
          "rotation": [
            0,
            0,
            -10
          ]
        },
        "bone16": {
          "rotation": [
            0,
            0,
            -57.5
          ]
        },
        "bone17": {
          "rotation": [
            0,
            0,
            -5
          ]
        },
        "bone18": {
          "rotation": [
            0,
            0,
            -52.5
          ]
        },
        "bone24": {
          "scale": {
            "0.0": [
              1,
              1,
              1
            ],
            "0.25": [
              1,
              1.6,
              1
            ],
            "0.3333": [
              1,
              2.1,
              1
            ],
            "0.4167": [
              1,
              1,
              1
            ]
          }
        },
        "glitch": {
          "position": [
            7,
            0,
            4
          ],
          "scale": {
            "0.0": [
              1,
              1,
              1
            ],
            "0.0417": [
              2.4,
              1,
              1
            ],
            "0.0833": [
              1.3,
              1.9,
              1
            ],
            "0.2917": [
              0.8,
              2.7,
              1
            ],
            "0.5": [
              0.8,
              3.8,
              1.5
            ]
          }
        },
        "glitch2": {
          "position": [
            2,
            -7,
            2
          ],
          "scale": {
            "0.0": [
              1,
              1,
              1
            ],
            "0.0417": [
              1,
              2,
              1
            ],
            "0.0833": [
              1.6,
              0.8,
              1
            ],
            "0.2917": [
              1,
              2,
              1
            ],
            "0.5": [
              2,
              3.7,
              2.1
            ]
          }
        },
        "glitch12": {
          "position": [
            -3,
            0,
            2
          ],
          "scale": {
            "0.0": [
              1,
              1,
              1
            ],
            "0.0417": [
              1.15,
              3.1,
              1
            ],
            "0.0833": [
              1.3,
              2,
              1
            ],
            "0.2917": [
              1,
              3.7,
              1
            ],
            "0.5": [
              1.6,
              4.8,
              1
            ]
          }
        },
        "glitch3": {
          "position": [
            -4,
            18,
            5
          ],
          "scale": {
            "0.0": [
              1,
              1,
              1
            ],
            "0.0417": [
              1.7,
              2.7,
              1
            ],
            "0.0833": [
              0.6,
              2.7,
              1
            ],
            "0.2917": [
              1.6,
              4.7,
              1
            ],
            "0.5": [
              0.5,
              4.7,
              2.1
            ]
          }
        },
        "glitch4": {
          "position": [
            -3,
            0,
            2
          ],
          "scale": {
            "0.0": [
              1,
              1,
              1
            ],
            "0.0417": [
              1.4,
              1.9,
              1
            ],
            "0.2917": [
              1,
              -1.6,
              1
            ],
            "0.5": [
              0.5,
              3.3,
              1
            ]
          }
        },
        "glitch5": {
          "position": [
            0,
            0,
            10
          ],
          "scale": {
            "0.0": [
              1,
              1,
              1
            ],
            "0.0417": [
              1,
              -1.8,
              1
            ],
            "0.0833": [
              1.4,
              -1.1,
              1
            ],
            "0.2917": [
              0.8,
              -2.5,
              1
            ],
            "0.5": [
              0.9,
              -1.4,
              1.9
            ]
          }
        },
        "glitch6": {
          "position": [
            0,
            4,
            2
          ],
          "scale": {
            "0.0": [
              1,
              1,
              1
            ],
            "0.0417": [
              1,
              2.2,
              1
            ],
            "0.0833": [
              2.1,
              1.5,
              1
            ],
            "0.1667": [
              2.1,
              3.2,
              1
            ],
            "0.3333": [
              3.8778,
              -1.9778,
              1
            ],
            "0.5": [
              3.4,
              1.9,
              1
            ]
          }
        },
        "glitch7": {
          "position": [
            -3,
            -12,
            8
          ],
          "scale": {
            "0.0": [
              1,
              0.9,
              1
            ],
            "0.0417": [
              1.7,
              1.8,
              1
            ],
            "0.0833": [
              0.7,
              2.9,
              1
            ],
            "0.2917": [
              1,
              3.6,
              1
            ],
            "0.5": [
              -0.2,
              5,
              1
            ]
          }
        },
        "glitch8": {
          "position": [
            -4,
            -5,
            1
          ],
          "scale": {
            "0.0": [
              1,
              1,
              1
            ],
            "0.0417": [
              0.3,
              1.9,
              1
            ],
            "0.2917": [
              1.3,
              2.4,
              1
            ],
            "0.5": [
              0.6,
              3.4,
              1
            ]
          }
        },
        "glitch9": {
          "position": [
            -1,
            -9,
            2
          ],
          "scale": {
            "0.0": [
              1,
              1,
              1
            ],
            "0.0417": [
              0.6,
              -2.7,
              1
            ],
            "0.2917": [
              0.2,
              -3.2,
              1
            ],
            "0.5": [
              -0.6,
              -4.3,
              1
            ]
          }
        },
        "glitch10": {
          "position": [
            3,
            -3,
            10
          ],
          "scale": {
            "0.0": [
              1,
              0.9,
              1
            ],
            "0.0417": [
              1.9,
              1.7,
              1
            ],
            "0.0833": [
              1.9,
              0.9,
              1.6
            ],
            "0.2917": [
              2.2,
              0.5,
              2.8
            ],
            "0.5": [
              2.4,
              1.9,
              2.1
            ]
          }
        },
        "glitch11": {
          "position": [
            0,
            0,
            12
          ],
          "scale": {
            "0.0": [
              1,
              1,
              1
            ],
            "0.0417": [
              1.3,
              -2.7,
              1
            ],
            "0.0833": [
              0.5,
              -3.5,
              1
            ],
            "0.2917": [
              -0.8,
              -2.1,
              1
            ],
            "0.5": [
              -1.4,
              3.5,
              1
            ]
          }
        },
        "GLITCHE": {
          "position": {
            "0.0": [
              0,
              0,
              -3
            ],
            "0.0417": [
              0,
              -1,
              -3
            ],
            "0.0833": [
              3,
              1,
              -3
            ],
            "0.125": [
              -1,
              1,
              -3
            ],
            "0.1667": [
              1,
              -2,
              -3
            ],
            "0.2083": [
              -1,
              2,
              -3
            ],
            "0.25": [
              -1,
              -5,
              -3
            ],
            "0.2917": [
              3,
              -5,
              -3
            ],
            "0.3333": [
              0,
              0,
              -3
            ],
            "0.375": [
              0,
              -5,
              -3
            ],
            "0.4167": [
              -3,
              1,
              -3
            ],
            "0.5": [
              4,
              -2,
              -3
            ],
            "0.5417": [
              0,
              -2,
              -3
            ],
            "0.5833": [
              0,
              3,
              -3
            ],
            "0.625": [
              0,
              -2,
              -3
            ],
            "0.6667": [
              2,
              2,
              -3
            ],
            "0.7083": [
              0,
              2,
              -3
            ]
          }
        },
        "bone25": {
          "scale": [
            1,
            0,
            1
          ]
        },
        "bone26": {
          "position": [
            0,
            0,
            4
          ]
        }
      }
    },
    "animation.cn_finn_glitch.walk": {
      "loop": true,
      "animation_length": 0.75,
      "bones": {
        "retro": {
          "position": [
            0,
            -2,
            0
          ]
        },
        "leftarm": {
          "rotation": {
            "0.0": [
              -55,
              0,
              127.5
            ],
            "0.75": [
              -54.06134,
              -12.2403,
              118.76261
            ]
          },
          "position": [
            0,
            -3,
            0
          ]
        },
        "bone": {
          "rotation": {
            "0.0": [
              -47.5,
              0,
              0
            ],
            "0.1667": [
              105,
              0,
              0
            ]
          }
        },
        "bone9": {
          "rotation": [
            0,
            67.5,
            0
          ]
        },
        "bone3": {
          "rotation": [
            0,
            0,
            50
          ]
        },
        "bone4": {
          "rotation": [
            0,
            0,
            52.5
          ]
        },
        "bone5": {
          "rotation": [
            0,
            0,
            32.5
          ]
        },
        "bone6": {
          "rotation": [
            0,
            0,
            65
          ]
        },
        "bone7": {
          "rotation": [
            0,
            0,
            42.5
          ]
        },
        "bone8": {
          "rotation": [
            0,
            0,
            75
          ]
        },
        "rightarm": {
          "rotation": [
            47.5,
            0,
            0
          ]
        },
        "bone10": {
          "rotation": [
            -30,
            0,
            0
          ]
        },
        "bone12": {
          "rotation": [
            0,
            -117.5,
            0
          ]
        },
        "bone14": {
          "rotation": [
            0,
            0,
            -80
          ]
        },
        "bone16": {
          "rotation": [
            0,
            0,
            -70
          ]
        },
        "bone18": {
          "rotation": [
            0,
            0,
            -97.5
          ]
        },
        "head": {
          "position": {
            "0.0": [
              0,
              0,
              0
            ],
            "0.0417": [
              0,
              -1,
              0
            ],
            "0.0833": [
              -1,
              0,
              0
            ],
            "0.125": [
              1,
              -1,
              0
            ],
            "0.1667": [
              0,
              0,
              0
            ],
            "0.2083": [
              -1,
              0,
              0
            ],
            "0.25": [
              0,
              0,
              0
            ]
          }
        },
        "bone21": {
          "position": [
            0,
            -1,
            1
          ]
        },
        "bone22": {
          "position": [
            0,
            -4,
            3
          ]
        },
        "bone23": {
          "position": [
            0,
            -7,
            3
          ]
        },
        "leftleg": {
          "rotation": {
            "0.0": [
              -45,
              0,
              0
            ],
            "0.375": [
              22.5,
              0,
              0
            ],
            "0.75": [
              -45,
              0,
              0
            ]
          }
        },
        "bone19": {
          "rotation": [
            47.5,
            0,
            0
          ]
        },
        "rightleg": {
          "rotation": {
            "0.0": [
              22.5,
              0,
              0
            ],
            "0.375": [
              -45,
              0,
              0
            ],
            "0.75": [
              22.5,
              0,
              0
            ]
          }
        },
        "bone20": {
          "rotation": [
            47.5,
            0,
            0
          ]
        },
        "glitch": {
          "position": [
            0,
            16,
            7
          ]
        },
        "glitch2": {
          "position": [
            -5,
            0,
            4
          ]
        },
        "glitch3": {
          "position": [
            0,
            -11,
            2
          ]
        },
        "glitch4": {
          "position": [
            0,
            0,
            6
          ]
        },
        "glitch5": {
          "position": [
            -3,
            -3,
            3
          ]
        },
        "glitch6": {
          "position": [
            2,
            -3,
            6
          ]
        },
        "glitch7": {
          "position": [
            0,
            0,
            10
          ]
        },
        "glitch9": {
          "position": [
            0,
            0,
            10
          ]
        },
        "glitch10": {
          "position": [
            2,
            7,
            10
          ]
        },
        "glitch11": {
          "position": [
            0,
            0,
            1
          ]
        },
        "glitch12": {
          "position": [
            -2,
            -7,
            3
          ]
        },
        "bone25": {
          "scale": {
            "0.1667": [
              1,
              1,
              1
            ],
            "0.25": [
              1,
              0,
              1
            ]
          }
        },
        "bone26": {
          "position": [
            0,
            -1,
            2
          ]
        }
      }
    },
    "animation.cn_finn_glitch.parry": {
      "loop": true,
      "animation_length": 0.5,
      "bones": {
        "retro": {
          "position": [
            0,
            -2,
            0
          ]
        },
        "body": {
          "rotation": [
            30,
            0,
            0
          ]
        },
        "leftarm": {
          "rotation": {
            "0.0": [
              -62.20554,
              -1.11215,
              101.3071
            ],
            "0.25": [
              -42.54888,
              -34.38752,
              81.16117
            ]
          },
          "position": [
            0,
            -2,
            0
          ]
        },
        "bone": {
          "rotation": {
            "0.0": [
              -75,
              0,
              0
            ],
            "0.25": [
              137.5,
              0,
              0
            ]
          }
        },
        "bone9": {
          "rotation": [
            0,
            92.5,
            0
          ]
        },
        "bone3": {
          "rotation": [
            0,
            0,
            67.5
          ]
        },
        "bone4": {
          "rotation": [
            0,
            0,
            60
          ]
        },
        "bone5": {
          "rotation": [
            0,
            0,
            42.5
          ]
        },
        "bone6": {
          "rotation": [
            0,
            0,
            67.5
          ]
        },
        "bone7": {
          "rotation": [
            0,
            0,
            62.5
          ]
        },
        "bone8": {
          "rotation": [
            0,
            0,
            75
          ]
        },
        "rightarm": {
          "rotation": [
            103.9042,
            -5.68422,
            59.30633
          ]
        },
        "bone10": {
          "rotation": [
            77.5,
            0,
            0
          ]
        },
        "bone12": {
          "rotation": [
            0,
            110,
            0
          ]
        },
        "bone13": {
          "rotation": [
            0,
            0,
            40
          ]
        },
        "bone14": {
          "rotation": [
            0,
            0,
            25
          ]
        },
        "bone15": {
          "rotation": [
            0,
            0,
            27.5
          ]
        },
        "bone16": {
          "rotation": [
            0,
            0,
            50
          ]
        },
        "bone18": {
          "rotation": [
            0,
            0,
            55
          ]
        },
        "head": {
          "rotation": [
            22.5,
            0,
            0
          ]
        },
        "bone21": {
          "position": [
            0,
            0,
            5
          ]
        },
        "bone22": {
          "position": [
            0,
            -3,
            2
          ]
        },
        "bone23": {
          "position": [
            0,
            -7,
            0
          ]
        },
        "leftleg": {
          "rotation": [
            -51.73596,
            -37.57311,
            -5.12735
          ]
        },
        "bone19": {
          "rotation": [
            72.5,
            0,
            0
          ]
        },
        "rightleg": {
          "rotation": [
            9.26433,
            11.84911,
            38.46347
          ]
        },
        "glitch": {
          "position": [
            0,
            -8,
            2
          ]
        },
        "glitch2": {
          "position": [
            2,
            12,
            1
          ]
        },
        "glitch3": {
          "position": [
            0,
            0,
            2
          ]
        },
        "glitch4": {
          "position": [
            -2,
            0,
            4
          ]
        },
        "glitch5": {
          "position": [
            10,
            8,
            1
          ]
        },
        "glitch6": {
          "position": [
            4,
            -11,
            2
          ]
        },
        "glitch7": {
          "position": [
            -1,
            11,
            7
          ]
        },
        "glitch8": {
          "position": [
            -3,
            -5,
            3
          ]
        },
        "glitch9": {
          "position": [
            0,
            -2,
            7
          ]
        },
        "glitch10": {
          "position": [
            0,
            0,
            7
          ]
        },
        "glitch11": {
          "position": [
            0,
            0,
            10
          ]
        },
        "glitch12": {
          "position": [
            -2,
            -7,
            3
          ]
        },
        "bone25": {
          "scale": {
            "0.25": [
              1,
              1,
              1
            ],
            "0.3333": [
              1,
              0,
              1
            ]
          }
        },
        "bone26": {
          "position": [
            0,
            0,
            5
          ]
        }
      }
    }
  }
}