{
  "format_version": "1.8.0",
  "animations": {
    "animation.cn_greencolotl.idle": {
      "loop": true,
      "animation_length": 0.5,
      "bones": {
        "rightarm": {
          "rotation": {
            "0.0": [
              -82.5,
              0,
              0
            ],
            "0.125": [
              -82.5,
              0,
              0
            ],
            "0.25": [
              -82.5,
              0,
              0
            ],
            "0.375": [
              -82.5,
              0,
              0
            ],
            "0.5": [
              -82.5,
              0,
              0
            ]
          },
          "position": {
            "0.0": [
              0,
              0,
              0
            ],
            "0.0417": [
              0,
              -1,
              0
            ],
            "0.0833": [
              0,
              0.09,
              -1
            ],
            "0.125": [
              0,
              1.08,
              0.1
            ],
            "0.1667": [
              0,
              -1.04,
              0.09
            ],
            "0.2083": [
              0,
              -0.91,
              -0.92
            ],
            "0.25": [
              0,
              -0.78,
              1.21
            ],
            "0.2917": [
              0,
              0.35,
              1.01
            ],
            "0.3333": [
              0,
              -0.72,
              -0.19
            ],
            "0.375": [
              0,
              -0.54,
              1.86
            ],
            "0.4167": [
              0,
              -2.36,
              -0.76
            ],
            "0.4583": [
              0,
              -0.18,
              -0.38
            ],
            "0.5": [
              0,
              0,
              0
            ]
          }
        },
        "rightleg": {
          "rotation": [
            -27.5,
            0,
            0
          ],
          "position": [
            0,
            0,
            -1
          ],
          "scale": [
            1,
            1.1,
            1
          ]
        },
        "leftleg": {
          "position": [
            0,
            0,
            1
          ]
        },
        "body": {
          "rotation": [
            -7.5,
            0,
            0
          ],
          "position": {
            "0.0": [
              0,
              0,
              1
            ],
            "0.125": [
              0,
              0,
              0
            ],
            "0.25": [
              0,
              -1,
              0.33
            ],
            "0.375": [
              0,
              0.5,
              2.67
            ],
            "0.5": [
              0,
              0,
              1
            ]
          }
        },
        "bone": {
          "rotation": [
            -17.5,
            0,
            0
          ],
          "position": {
            "0.0": [
              0,
              0,
              0
            ],
            "0.125": [
              0,
              1.5,
              0
            ],
            "0.25": [
              0,
              -1,
              0
            ],
            "0.375": [
              0,
              -1.5,
              0
            ],
            "0.5": [
              0,
              0,
              0
            ]
          }
        },
        "head": {
          "rotation": {
            "0.0": [
              -17.5,
              0,
              0
            ],
            "0.25": [
              -10,
              0,
              0
            ],
            "0.5": [
              -17.5,
              0,
              0
            ]
          }
        },
        "leftarm": {
          "rotation": {
            "0.0": [
              12.5,
              0,
              0
            ],
            "0.5": [
              12.5,
              0,
              0
            ]
          },
          "position": {
            "0.0": [
              0,
              0,
              0
            ],
            "0.0417": [
              0,
              0,
              1
            ],
            "0.0833": [
              0,
              -1,
              -0.09
            ],
            "0.125": [
              0,
              1.1,
              -0.08
            ],
            "0.1667": [
              0,
              0.98,
              -1.07
            ],
            "0.2083": [
              0,
              -0.14,
              -0.94
            ],
            "0.25": [
              0,
              -0.12,
              0.19
            ],
            "0.2917": [
              0,
              -0.1,
              2.16
            ],
            "0.3333": [
              0,
              0.92,
              0.73
            ],
            "0.375": [
              0,
              -2.31,
              0.55
            ],
            "0.4167": [
              0,
              -1.54,
              -1.63
            ],
            "0.4583": [
              0,
              -0.77,
              0.18
            ],
            "0.5": [
              0,
              0,
              0
            ]
          }
        },
        "bone2": {
          "position": [
            2,
            17,
            8
          ]
        },
        "bone3": {
          "position": [
            -10,
            9,
            10
          ]
        },
        "bone4": {
          "position": [
            8,
            23,
            6
          ]
        },
        "bone5": {
          "position": [
            2,
            13,
            0
          ]
        },
        "bone6": {
          "position": [
            -11,
            24,
            4
          ]
        },
        "bone10": {
          "position": {
            "0.0": [
              0,
              0,
              0
            ],
            "0.0417": [
              0,
              0,
              -3
            ],
            "0.125": [
              0,
              0,
              0
            ],
            "0.1667": [
              0,
              0,
              -3
            ],
            "0.25": [
              0,
              0,
              0
            ],
            "0.2917": [
              0,
              0,
              -3
            ],
            "0.375": [
              0,
              0,
              0
            ],
            "0.4167": [
              0,
              0,
              -3
            ],
            "0.5": [
              0,
              0,
              0
            ]
          }
        },
        "bone7": {
          "position": {
            "0.0": [
              0,
              0,
              0
            ],
            "0.0417": [
              3,
              0,
              0
            ],
            "0.125": [
              0,
              0,
              0
            ],
            "0.1667": [
              3,
              0,
              0
            ],
            "0.25": [
              0,
              0,
              0
            ],
            "0.2917": [
              3,
              0,
              0
            ],
            "0.375": [
              0,
              0,
              0
            ],
            "0.4167": [
              3,
              0,
              0
            ],
            "0.5": [
              0,
              0,
              0
            ]
          }
        },
        "bone8": {
          "position": {
            "0.0": [
              0,
              0,
              0
            ],
            "0.0417": [
              -3,
              0,
              0
            ],
            "0.125": [
              0,
              0,
              0
            ],
            "0.1667": [
              -3,
              0,
              0
            ],
            "0.25": [
              0,
              0,
              0
            ],
            "0.2917": [
              -3,
              0,
              0
            ],
            "0.375": [
              0,
              0,
              0
            ],
            "0.4167": [
              -3,
              0,
              0
            ],
            "0.5": [
              0,
              0,
              0
            ]
          }
        },
        "bone9": {
          "position": {
            "0.0": [
              0,
              0,
              0
            ],
            "0.0417": [
              0,
              0,
              3
            ],
            "0.125": [
              0,
              0,
              0
            ],
            "0.1667": [
              0,
              0,
              3
            ],
            "0.25": [
              0,
              0,
              0
            ],
            "0.2917": [
              0,
              0,
              3
            ],
            "0.375": [
              0,
              0,
              0
            ],
            "0.4167": [
              0,
              0,
              3
            ],
            "0.5": [
              0,
              0,
              0
            ]
          }
        },
        "gli8": {
          "rotation": {
            "0.0": [
              0,
              0,
              0
            ],
            "0.0833": [
              0,
              22.5,
              0
            ],
            "0.125": [
              0,
              0,
              0
            ]
          },
          "position": {
            "0.0": [
              0,
              0,
              0
            ],
            "0.0417": [
              -4,
              0,
              3
            ],
            "0.0833": [
              5,
              0,
              3
            ],
            "0.125": [
              2,
              0,
              -4
            ],
            "0.1667": [
              -3,
              0,
              -1
            ],
            "0.2083": [
              0,
              0,
              4
            ],
            "0.25": [
              -3,
              0,
              -3
            ],
            "0.2917": [
              -1,
              0,
              -5
            ],
            "0.3333": [
              1,
              0,
              3
            ],
            "0.375": [
              6,
              0,
              3
            ],
            "0.4167": [
              -4,
              0,
              10
            ],
            "0.4583": [
              2,
              0,
              -3
            ],
            "0.5": [
              2,
              0,
              5
            ]
          },
          "scale": {
            "0.2083": [
              1,
              0.6,
              1
            ],
            "0.25": [
              1,
              1,
              1
            ],
            "0.5": [
              1,
              1,
              2.2
            ]
          }
        }
      }
    },
    "animation.cn_greencolotl.walk": {
      "loop": true,
      "animation_length": 0.5,
      "bones": {
        "rightarm": {
          "rotation": {
            "0.0": [
              -71.45165,
              -19.03771,
              -6.24605
            ],
            "0.25": [
              57.76457,
              -55.68422,
              -152.4878
            ],
            "0.5": [
              -71.45165,
              -19.03771,
              -6.24605
            ]
          },
          "position": {
            "0.0": [
              0,
              0,
              0
            ],
            "0.0417": [
              0,
              -1,
              0
            ],
            "0.0833": [
              0,
              0.09,
              -1
            ],
            "0.125": [
              0,
              1.08,
              0.1
            ],
            "0.1667": [
              0,
              -1.04,
              0.09
            ],
            "0.2083": [
              0,
              -0.91,
              -0.92
            ],
            "0.25": [
              0,
              -0.78,
              1.21
            ],
            "0.2917": [
              0,
              0.35,
              1.01
            ],
            "0.3333": [
              0,
              -0.72,
              -0.19
            ],
            "0.375": [
              0,
              -0.54,
              1.86
            ],
            "0.4167": [
              0,
              -2.36,
              -0.76
            ],
            "0.4583": [
              0,
              -0.18,
              -0.38
            ],
            "0.5": [
              0,
              0,
              0
            ]
          }
        },
        "rightleg": {
          "rotation": {
            "0.0": [
              -35,
              0,
              0
            ],
            "0.25": [
              30,
              0,
              0
            ],
            "0.5": [
              -35,
              0,
              0
            ]
          }
        },
        "leftleg": {
          "rotation": {
            "0.0": [
              27.5,
              0,
              0
            ],
            "0.25": [
              -35,
              0,
              0
            ],
            "0.5": [
              27.5,
              0,
              0
            ]
          }
        },
        "body": {
          "rotation": [
            5,
            0,
            0
          ],
          "position": {
            "0.0": [
              0,
              0,
              -1
            ],
            "0.125": [
              0,
              0,
              0
            ],
            "0.25": [
              0,
              -1,
              0.33
            ],
            "0.375": [
              0,
              0.5,
              2.67
            ],
            "0.5": [
              0,
              0,
              1
            ]
          }
        },
        "bone": {
          "rotation": [
            -17.5,
            0,
            0
          ],
          "position": {
            "0.0": [
              0,
              0,
              0
            ],
            "0.125": [
              0,
              1.5,
              0
            ],
            "0.25": [
              0,
              -1,
              0
            ],
            "0.375": [
              0,
              -1.5,
              0
            ],
            "0.5": [
              0,
              0,
              0
            ]
          }
        },
        "head": {
          "rotation": [
            27.5,
            0,
            0
          ]
        },
        "leftarm": {
          "rotation": {
            "0.0": [
              50.35254,
              -11.31255,
              64.46949
            ],
            "0.25": [
              -49.64746,
              -11.31255,
              64.46949
            ],
            "0.5": [
              50.35254,
              -11.31255,
              64.46949
            ]
          },
          "position": {
            "0.0": [
              0,
              0,
              0
            ],
            "0.0417": [
              0,
              0,
              1
            ],
            "0.0833": [
              0,
              -1,
              -0.09
            ],
            "0.125": [
              0,
              1.1,
              -0.08
            ],
            "0.1667": [
              0,
              0.98,
              -1.07
            ],
            "0.2083": [
              0,
              -0.14,
              -0.94
            ],
            "0.25": [
              0,
              -0.12,
              0.19
            ],
            "0.2917": [
              0,
              -0.1,
              2.16
            ],
            "0.3333": [
              0,
              0.92,
              0.73
            ],
            "0.375": [
              0,
              -2.31,
              0.55
            ],
            "0.4167": [
              0,
              -1.54,
              -1.63
            ],
            "0.4583": [
              0,
              -0.77,
              0.18
            ],
            "0.5": [
              0,
              0,
              0
            ]
          }
        },
        "bone2": {
          "position": [
            2,
            17,
            8
          ]
        },
        "bone3": {
          "position": [
            -10,
            9,
            10
          ]
        },
        "bone4": {
          "position": [
            8,
            23,
            6
          ]
        },
        "bone5": {
          "position": [
            2,
            13,
            0
          ]
        },
        "bone6": {
          "position": [
            -11,
            24,
            4
          ]
        },
        "bone10": {
          "position": {
            "0.0": [
              0,
              0,
              0
            ],
            "0.0417": [
              0,
              0,
              -3
            ],
            "0.125": [
              0,
              0,
              0
            ],
            "0.1667": [
              0,
              0,
              -3
            ],
            "0.25": [
              0,
              0,
              0
            ],
            "0.2917": [
              0,
              0,
              -3
            ],
            "0.375": [
              0,
              0,
              0
            ],
            "0.4167": [
              0,
              0,
              -3
            ],
            "0.5": [
              0,
              0,
              0
            ]
          }
        },
        "bone7": {
          "position": {
            "0.0": [
              0,
              0,
              0
            ],
            "0.0417": [
              3,
              0,
              0
            ],
            "0.125": [
              0,
              0,
              0
            ],
            "0.1667": [
              3,
              0,
              0
            ],
            "0.25": [
              0,
              0,
              0
            ],
            "0.2917": [
              3,
              0,
              0
            ],
            "0.375": [
              0,
              0,
              0
            ],
            "0.4167": [
              3,
              0,
              0
            ],
            "0.5": [
              0,
              0,
              0
            ]
          }
        },
        "bone8": {
          "position": {
            "0.0": [
              0,
              0,
              0
            ],
            "0.0417": [
              -3,
              0,
              0
            ],
            "0.125": [
              0,
              0,
              0
            ],
            "0.1667": [
              -3,
              0,
              0
            ],
            "0.25": [
              0,
              0,
              0
            ],
            "0.2917": [
              -3,
              0,
              0
            ],
            "0.375": [
              0,
              0,
              0
            ],
            "0.4167": [
              -3,
              0,
              0
            ],
            "0.5": [
              0,
              0,
              0
            ]
          }
        },
        "bone9": {
          "position": {
            "0.0": [
              0,
              0,
              0
            ],
            "0.0417": [
              0,
              0,
              3
            ],
            "0.125": [
              0,
              0,
              0
            ],
            "0.1667": [
              0,
              0,
              3
            ],
            "0.25": [
              0,
              0,
              0
            ],
            "0.2917": [
              0,
              0,
              3
            ],
            "0.375": [
              0,
              0,
              0
            ],
            "0.4167": [
              0,
              0,
              3
            ],
            "0.5": [
              0,
              0,
              0
            ]
          }
        },
        "gli8": {
          "rotation": {
            "0.0": [
              0,
              0,
              0
            ],
            "0.0833": [
              0,
              22.5,
              0
            ],
            "0.125": [
              0,
              0,
              0
            ]
          },
          "position": {
            "0.0": [
              0,
              0,
              0
            ],
            "0.0417": [
              -4,
              0,
              3
            ],
            "0.0833": [
              5,
              0,
              3
            ],
            "0.125": [
              2,
              0,
              -4
            ],
            "0.1667": [
              -3,
              0,
              -1
            ],
            "0.2083": [
              0,
              0,
              4
            ],
            "0.25": [
              -3,
              0,
              -3
            ],
            "0.2917": [
              -1,
              0,
              -5
            ],
            "0.3333": [
              1,
              0,
              3
            ],
            "0.375": [
              6,
              0,
              3
            ],
            "0.4167": [
              -4,
              0,
              10
            ],
            "0.4583": [
              2,
              0,
              -3
            ],
            "0.5": [
              2,
              0,
              5
            ]
          },
          "scale": {
            "0.2083": [
              1,
              0.6,
              1
            ],
            "0.25": [
              1,
              1,
              1
            ],
            "0.5": [
              1,
              1,
              2.2
            ]
          }
        }
      }
    },
    "animation.cn_greencolotl.death": {
      "loop": "hold_on_last_frame",
      "animation_length": 3,
      "bones": {
        "waist": {
          "rotation": {
            "0.0": [
              0,
              0,
              0
            ],
            "0.2917": [
              -2.5,
              0,
              0
            ],
            "0.5": [
              -2.5,
              0,
              0
            ],
            "0.6667": [
              0,
              0,
              0
            ],
            "0.8333": [
              90,
              0,
              0
            ]
          }
        },
        "body": {
          "rotation": [
            -10,
            0,
            0
          ],
          "position": {
            "0.0": [
              0,
              0,
              2
            ],
            "0.0417": [
              1,
              0,
              2
            ],
            "0.0833": [
              -1,
              0,
              2
            ],
            "0.125": [
              0,
              0,
              3
            ],
            "0.1667": [
              0,
              0,
              1
            ],
            "0.2083": [
              0,
              0,
              3
            ],
            "0.25": [
              0,
              0,
              2
            ]
          }
        },
        "bone": {
          "rotation": {
            "0.0": [
              0,
              0,
              0
            ],
            "0.8333": [
              -92.5,
              0,
              0
            ]
          }
        },
        "head": {
          "rotation": {
            "0.0": [
              -15,
              0,
              0
            ],
            "0.8333": [
              12.5,
              0,
              0
            ]
          },
          "position": {
            "1.0": [
              0,
              0,
              0
            ],
            "3.0": [
              0,
              -6,
              1
            ]
          }
        },
        "rightarm": {
          "rotation": [
            0,
            0,
            -27.5
          ]
        },
        "leftarm": {
          "rotation": [
            0,
            0,
            27.5
          ]
        },
        "bone6": {
          "scale": [
            0,
            0.2,
            1
          ]
        },
        "bone5": {
          "scale": [
            0,
            0,
            1
          ]
        },
        "bone4": {
          "scale": [
            0,
            0,
            1
          ]
        },
        "bone3": {
          "scale": [
            0,
            0,
            1
          ]
        },
        "bone2": {
          "scale": [
            0,
            0.2,
            1
          ]
        }
      }
    }
  }
}