{
  "format_version": "1.8.0",
  "animations": {
    "animation.cn_jake.move": {
      "loop": true,
      "animation_length": 2,
      "bones": {
        "corruption": {
          "scale": {
            "0.0": [
              1,
              1,
              1
            ],
            "1.0": [
              0.8,
              1,
              0.8
            ],
            "2.0": [
              1,
              1,
              1
            ]
          }
        },
        "bone3": {
          "scale": {
            "0.0": [
              1,
              1,
              1
            ],
            "1.0": [
              1,
              2.05,
              1
            ],
            "2.0": [
              1,
              0.9,
              1
            ]
          }
        },
        "bone4": {
          "rotation": {
            "0.0": [
              -2.5,
              0,
              0
            ],
            "0.25": [
              -78.75,
              0,
              0
            ],
            "0.5": [
              0,
              0,
              0
            ],
            "0.75": [
              -58.75,
              0,
              0
            ],
            "1.0": [
              2.5,
              0,
              0
            ],
            "1.25": [
              -73.75,
              0,
              0
            ],
            "1.5": [
              5,
              0,
              0
            ],
            "1.75": [
              -66.25,
              0,
              0
            ],
            "2.0": [
              7.5,
              0,
              0
            ]
          }
        },
        "bone5": {
          "rotation": {
            "0.0": [
              0,
              0,
              0
            ],
            "0.25": [
              -75,
              0,
              0
            ],
            "0.5": [
              5,
              0,
              0
            ],
            "0.75": [
              30,
              0,
              0
            ],
            "1.0": [
              5,
              0,
              0
            ],
            "1.25": [
              -55,
              0,
              0
            ],
            "1.5": [
              5,
              0,
              0
            ],
            "1.75": [
              45,
              0,
              0
            ],
            "2.0": [
              5,
              0,
              0
            ]
          }
        },
        "bone6": {
          "scale": {
            "0.0": [
              1,
              0.4,
              1
            ],
            "0.5": [
              1,
              0.9,
              1
            ],
            "1.0": [
              1,
              2.4,
              1
            ],
            "1.5": [
              1,
              0.4,
              1
            ],
            "2.0": [
              1,
              1.3,
              1
            ]
          }
        }
      }
    }
  }
}