{
  "format_version": "1.8.0",
  "animations": {
    "animation.cn_jake_glitched.idle": {
      "loop": true,
      "animation_length": 1.5,
      "bones": {
        "bone": {
          "rotation": {
            "0.5": [
              10,
              0,
              0
            ],
            "0.75": [
              20,
              0,
              0
            ],
            "1.0": [
              10,
              0,
              0
            ]
          }
        },
        "bone12": {
          "rotation": [
            17.5,
            0,
            0
          ]
        },
        "bone2": {
          "rotation": {
            "0.5": [
              37.80633,
              -17.85868,
              78.24696
            ],
            "0.75": [
              55.30633,
              -17.85868,
              78.24696
            ],
            "1.0417": [
              37.80633,
              -17.85868,
              78.24696
            ]
          }
        },
        "bone3": {
          "rotation": {
            "0.0": [
              25,
              0,
              0
            ],
            "0.5": [
              25,
              0,
              0
            ],
            "0.75": [
              17.5,
              0,
              0
            ],
            "1.0": [
              25,
              0,
              0
            ]
          }
        },
        "bone14": {
          "scale": [
            0,
            1,
            0
          ]
        },
        "glitch": {
          "scale": {
            "0.0": [
              1,
              1,
              1
            ],
            "0.25": [
              1,
              0.9,
              1.3
            ],
            "0.5": [
              1.3,
              1.1,
              0.9
            ],
            "0.75": [
              1,
              1.3,
              1
            ],
            "0.9583": [
              1,
              0.9,
              1
            ],
            "1.25": [
              1.4,
              1,
              1.4
            ],
            "1.5": [
              1,
              1,
              1
            ]
          }
        }
      }
    },
    "animation.cn_jake_glitched.walk": {
      "loop": true,
      "animation_length": 1,
      "bones": {
        "bone": {
          "rotation": {
            "0.0": [
              0,
              0,
              0
            ],
            "0.25": [
              10,
              0,
              0
            ],
            "0.75": [
              10,
              0,
              0
            ],
            "1.0": [
              0,
              0,
              0
            ]
          }
        },
        "bone2": {
          "rotation": {
            "0.0": [
              -64.93213,
              -103.91541,
              14.60366
            ],
            "0.25": [
              84.70349,
              -117.8715,
              3.05116
            ],
            "0.75": [
              84.70349,
              -117.8715,
              3.05116
            ]
          }
        },
        "bone3": {
          "rotation": [
            0,
            0,
            0
          ],
          "scale": {
            "0.0": [
              1,
              1,
              1
            ],
            "0.25": [
              1,
              1,
              1
            ]
          }
        },
        "bone14": {
          "position": {
            "0.0": [
              0,
              1,
              -4
            ],
            "0.25": [
              0,
              2,
              0
            ]
          },
          "scale": {
            "0.0": [
              1,
              1,
              0.2
            ],
            "0.25": [
              1.1,
              1.2,
              1.2
            ],
            "0.6667": [
              1.1,
              1.2,
              1.2
            ]
          }
        },
        "glitch": {
          "scale": {
            "0.0": [
              1,
              1,
              1
            ],
            "0.5": [
              1,
              1,
              1.7
            ],
            "1.0": [
              1,
              1,
              1
            ]
          }
        },
        "bone4": {
          "scale": [
            0,
            -0.1,
            1
          ]
        }
      }
    },
    "animation.cn_jake_glitched.riding_arms": {
      "loop": "hold_on_last_frame",
      "bones": {
        "bone2": {
          "rotation": [
            0,
            -85,
            0
          ]
        },
        "bone14": {
          "position": [
            0,
            1,
            0
          ]
        },
        "bone4": {
          "scale": [
            0.1,
            0.2,
            0.2
          ]
        }
      }
    },
    "animation.cn_jake_glitched.move": {
      "loop": true,
      "animation_length": 1,
      "bones": {
        "bone": {
          "rotation": {
            "0.0": [
              12.5,
              0,
              0
            ],
            "0.5": [
              20,
              0,
              0
            ],
            "1.0": [
              12.5,
              0,
              0
            ]
          }
        },
        "bone12": {
          "rotation": {
            "0.0": [
              7.5,
              0,
              0
            ],
            "0.5": [
              26.25,
              0,
              0
            ],
            "1.0": [
              5,
              0,
              0
            ]
          }
        },
        "bone2": {
          "rotation": {
            "0.0": [
              -12.5,
              -157.5,
              0
            ],
            "0.5": [
              -25,
              -157.5,
              0
            ],
            "1.0": [
              -12.5,
              -157.5,
              0
            ]
          }
        },
        "bone3": {
          "rotation": [
            112.5,
            0,
            -182.5
          ]
        },
        "bone14": {
          "scale": [
            1,
            0.1,
            0
          ]
        },
        "glitch": {
          "scale": {
            "0.0": [
              1,
              1,
              1
            ],
            "0.5": [
              1,
              1,
              1.6
            ],
            "1.0": [
              1,
              1,
              1
            ]
          }
        }
      }
    }
  }
}