{
  "format_version": "1.8.0",
  "animations": {
    "animation.cn_retro_finn.idle": {
      "loop": true,
      "animation_length": 2,
      "bones": {
        "body": {
          "rotation": [
            12.5,
            0,
            0
          ]
        },
        "bone3": {
          "rotation": {
            "0.0": [
              10,
              0,
              0
            ],
            "1.0": [
              15,
              0,
              0
            ],
            "2.0": [
              10,
              0,
              0
            ]
          }
        },
        "rightarm": {
          "rotation": [
            12.5,
            0,
            7.5
          ]
        },
        "bone7": {
          "rotation": [
            -15,
            0,
            0
          ]
        },
        "leftarm": {
          "rotation": [
            5,
            0,
            -7.5
          ]
        },
        "bone6": {
          "rotation": [
            -22.5,
            0,
            0
          ]
        },
        "head": {
          "rotation": {
            "0.0": [
              -20,
              0,
              0
            ],
            "1.0": [
              -22.5,
              0,
              0
            ],
            "2.0": [
              -20,
              0,
              0
            ]
          }
        },
        "bone5": {
          "scale": [
            0,
            1,
            1
          ]
        },
        "GLITCH8": {
          "scale": [
            0,
            1,
            0
          ]
        },
        "GLITCH9": {
          "scale": [
            0.1,
            1,
            0
          ]
        }
      }
    },
    "animation.cn_retro_finn.walk": {
      "loop": true,
      "animation_length": 2,
      "bones": {
        "body": {
          "rotation": [
            12.5,
            0,
            0
          ]
        },
        "bone3": {
          "rotation": {
            "0.0": [
              10,
              0,
              0
            ],
            "1.0": [
              15,
              0,
              0
            ],
            "2.0": [
              10,
              0,
              0
            ]
          }
        },
        "rightarm": {
          "rotation": {
            "0.0": [
              47.5,
              0,
              7.5
            ],
            "1.0": [
              -52.5,
              0,
              7.5
            ],
            "2.0": [
              47.5,
              0,
              7.5
            ]
          }
        },
        "bone7": {
          "rotation": [
            -15,
            0,
            0
          ]
        },
        "leftarm": {
          "rotation": {
            "0.0": [
              -55,
              0,
              -7.5
            ],
            "1.0": [
              35,
              0,
              -7.5
            ],
            "2.0": [
              -55,
              0,
              -7.5
            ]
          }
        },
        "bone6": {
          "rotation": [
            -22.5,
            0,
            0
          ]
        },
        "head": {
          "rotation": {
            "0.0": [
              -20,
              0,
              0
            ],
            "1.0": [
              -22.5,
              0,
              0
            ],
            "2.0": [
              -20,
              0,
              0
            ]
          }
        },
        "bone5": {
          "scale": [
            0,
            1,
            1
          ]
        },
        "GLITCH8": {
          "scale": [
            0,
            1,
            0
          ]
        },
        "GLITCH9": {
          "scale": [
            0.1,
            1,
            0
          ]
        },
        "leftleg": {
          "rotation": {
            "0.0": [
              -50,
              0,
              0
            ],
            "0.5": [
              -25,
              0,
              0
            ],
            "1.0": [
              5,
              0,
              0
            ],
            "1.5": [
              25,
              0,
              0
            ],
            "2.0": [
              -50,
              0,
              0
            ]
          }
        },
        "bone": {
          "rotation": {
            "0.0": [
              37.5,
              0,
              0
            ],
            "0.5": [
              2.5,
              0,
              0
            ],
            "2.0": [
              37.5,
              0,
              0
            ]
          }
        },
        "leftleg2": {
          "rotation": {
            "0.0": [
              12.5,
              0,
              0
            ],
            "0.5": [
              30,
              0,
              0
            ],
            "1.0": [
              -55,
              0,
              0
            ],
            "1.5": [
              -27.5,
              0,
              0
            ],
            "2.0": [
              12.5,
              0,
              0
            ]
          }
        },
        "bone2": {
          "rotation": {
            "0.0": [
              0,
              0,
              0
            ],
            "1.0": [
              37.5,
              0,
              0
            ],
            "1.5": [
              0,
              0,
              0
            ]
          }
        }
      }
    },
    "animation.cn_retro_finn.idle_glitch": {
      "loop": true,
      "animation_length": 0.33333,
      "bones": {
        "leftleg": {
          "rotation": [
            15.21994,
            -19.82169,
            -7.97532
          ]
        },
        "leftleg2": {
          "rotation": [
            -7.43656,
            0.9762,
            7.43656
          ]
        },
        "bone2": {
          "rotation": [
            -17.5,
            0,
            0
          ]
        },
        "bone3": {
          "rotation": [
            5,
            0,
            0
          ]
        },
        "bone8": {
          "rotation": {
            "0.1667": [
              -12.5,
              0,
              0
            ],
            "0.2083": [
              37.5,
              0,
              0
            ],
            "0.25": [
              -12.5,
              0,
              0
            ]
          },
          "scale": {
            "0.1667": [
              1,
              1,
              1
            ],
            "0.2083": [
              1,
              2.1,
              0.6
            ],
            "0.25": [
              1,
              1,
              1
            ]
          }
        },
        "head": {
          "rotation": {
            "0.1667": [
              7.5,
              0,
              0
            ],
            "0.2083": [
              22.5,
              0,
              0
            ]
          },
          "position": [
            0,
            0,
            -1
          ],
          "scale": {
            "0.1667": [
              1,
              1,
              1
            ],
            "0.2083": [
              1.3,
              0.6,
              1
            ],
            "0.25": [
              1,
              1,
              1
            ]
          }
        },
        "bone4": {
          "position": [
            0,
            0,
            1
          ]
        },
        "bone5": {
          "position": {
            "0.0": [
              -9,
              0,
              0
            ],
            "0.0417": [
              -10,
              0,
              0
            ],
            "0.0833": [
              -9,
              1,
              0
            ],
            "0.125": [
              -9,
              -1,
              0
            ],
            "0.1667": [
              -8,
              -1,
              0
            ],
            "0.2083": [
              -10,
              0,
              0
            ],
            "0.25": [
              -8,
              -1,
              0
            ],
            "0.2917": [
              -9,
              0,
              0
            ],
            "0.3333": [
              -9,
              -1,
              0
            ]
          }
        },
        "glitch": {
          "position": [
            6,
            -5,
            4
          ]
        },
        "glitch2": {
          "position": [
            -6,
            0,
            0
          ]
        },
        "glitch3": {
          "position": [
            -3,
            5,
            0
          ]
        },
        "glitch4": {
          "position": [
            -2,
            -2,
            0
          ]
        },
        "GLITCH8": {
          "position": {
            "0.0": [
              -6,
              27,
              3
            ],
            "0.0417": [
              -1,
              24,
              -2
            ],
            "0.0833": [
              -13,
              16,
              -2
            ],
            "0.125": [
              -2,
              25,
              1
            ],
            "0.1667": [
              -2,
              9,
              1
            ],
            "0.2083": [
              -12,
              31,
              1
            ],
            "0.25": [
              -12,
              13,
              -9
            ],
            "0.2917": [
              -2,
              27,
              0
            ],
            "0.3333": [
              -11,
              27,
              0
            ]
          }
        },
        "glitch5": {
          "position": [
            0,
            0,
            -5
          ]
        },
        "glitch6": {
          "position": [
            5,
            4,
            0
          ]
        },
        "glitch7": {
          "position": [
            0,
            0,
            -9
          ]
        },
        "GLITCH9": {
          "position": {
            "0.0": [
              -7,
              17,
              0
            ],
            "0.0417": [
              -14,
              10,
              0
            ],
            "0.0833": [
              -6,
              32,
              -5
            ],
            "0.125": [
              -17,
              13,
              -9
            ],
            "0.1667": [
              -8,
              27,
              -2
            ],
            "0.2083": [
              -8,
              9,
              -2
            ],
            "0.25": [
              -15,
              29,
              -4
            ],
            "0.2917": [
              -15,
              10,
              0
            ],
            "0.3333": [
              -4,
              15,
              0
            ]
          }
        },
        "glitch10": {
          "position": [
            -4,
            4,
            0
          ]
        },
        "glitch11": {
          "position": [
            0,
            6,
            0
          ]
        },
        "glitch12": {
          "position": [
            5,
            0,
            0
          ]
        },
        "glitch14": {
          "position": [
            4,
            -3,
            0
          ]
        },
        "glitch15": {
          "position": [
            -5,
            0,
            0
          ]
        }
      }
    },
    "animation.cn_retro_finn.slash_glitch": {
      "animation_length": 0.33333,
      "bones": {
        "leftleg": {
          "rotation": [
            15.21994,
            -19.82169,
            -7.97532
          ]
        },
        "leftleg2": {
          "rotation": [
            -7.43656,
            0.9762,
            7.43656
          ]
        },
        "bone2": {
          "rotation": [
            -17.5,
            0,
            0
          ]
        },
        "bone3": {
          "rotation": [
            -9.79402,
            2.37924,
            -1.08737
          ]
        },
        "bone8": {
          "rotation": [
            87.5,
            0,
            0
          ],
          "position": [
            0,
            0,
            2
          ]
        },
        "head": {
          "rotation": [
            -30,
            0,
            0
          ],
          "position": [
            0,
            0,
            -1
          ],
          "scale": {
            "0.1667": [
              1,
              1,
              1
            ],
            "0.25": [
              1,
              1,
              1
            ]
          }
        },
        "bone4": {
          "position": [
            0,
            0,
            1
          ]
        },
        "bone5": {
          "position": {
            "0.0": [
              -9,
              0,
              0
            ],
            "0.0417": [
              -10,
              0,
              0
            ],
            "0.0833": [
              -9,
              1,
              0
            ],
            "0.125": [
              -9,
              -1,
              0
            ],
            "0.1667": [
              -8,
              -1,
              0
            ],
            "0.2083": [
              -10,
              0,
              0
            ],
            "0.25": [
              -8,
              -1,
              0
            ],
            "0.2917": [
              -9,
              0,
              0
            ],
            "0.3333": [
              -9,
              -1,
              0
            ]
          }
        },
        "glitch": {
          "position": [
            6,
            -5,
            4
          ]
        },
        "glitch2": {
          "position": [
            -6,
            0,
            0
          ]
        },
        "glitch3": {
          "position": [
            -3,
            5,
            0
          ]
        },
        "glitch4": {
          "position": [
            -2,
            -2,
            0
          ]
        },
        "GLITCH8": {
          "position": {
            "0.0": [
              -6,
              27,
              3
            ],
            "0.0417": [
              -1,
              24,
              -2
            ],
            "0.0833": [
              -13,
              16,
              -2
            ],
            "0.125": [
              -2,
              25,
              1
            ],
            "0.1667": [
              -2,
              9,
              1
            ],
            "0.2083": [
              -12,
              31,
              1
            ],
            "0.25": [
              -12,
              13,
              -9
            ],
            "0.2917": [
              -2,
              27,
              0
            ],
            "0.3333": [
              -11,
              27,
              0
            ]
          }
        },
        "glitch5": {
          "position": [
            0,
            0,
            -5
          ]
        },
        "glitch6": {
          "position": [
            5,
            4,
            0
          ]
        },
        "glitch7": {
          "position": [
            0,
            0,
            -9
          ]
        },
        "GLITCH9": {
          "position": {
            "0.0": [
              -7,
              17,
              0
            ],
            "0.0417": [
              -14,
              10,
              0
            ],
            "0.0833": [
              -6,
              32,
              -5
            ],
            "0.125": [
              -17,
              13,
              -9
            ],
            "0.1667": [
              -8,
              27,
              -2
            ],
            "0.2083": [
              -8,
              9,
              -2
            ],
            "0.25": [
              -15,
              29,
              -4
            ],
            "0.2917": [
              -15,
              10,
              0
            ],
            "0.3333": [
              -4,
              15,
              0
            ]
          }
        },
        "glitch10": {
          "position": [
            -4,
            4,
            0
          ]
        },
        "glitch11": {
          "position": [
            0,
            6,
            0
          ]
        },
        "glitch12": {
          "position": [
            5,
            0,
            0
          ]
        },
        "glitch14": {
          "position": [
            4,
            -3,
            0
          ]
        },
        "glitch15": {
          "position": [
            -5,
            0,
            0
          ]
        },
        "rightarm": {
          "rotation": {
            "0.0": [
              -35,
              0,
              0
            ],
            "0.3333": [
              -112.5,
              0,
              0
            ]
          },
          "scale": [
            1,
            0.9,
            1
          ]
        },
        "leftarm": {
          "rotation": [
            0,
            0,
            -27.5
          ]
        },
        "bone6": {
          "rotation": [
            0,
            0,
            -87.5
          ]
        }
      }
    },
    "animation.cn_retro_finn.walk_glitch": {
      "loop": true,
      "animation_length": 1,
      "bones": {
        "leftleg": {
          "rotation": {
            "0.0": [
              -45,
              0,
              0
            ],
            "0.5": [
              22.5,
              0,
              0
            ],
            "1.0": [
              -45,
              0,
              0
            ]
          }
        },
        "leftleg2": {
          "rotation": {
            "0.0": [
              20,
              0,
              0
            ],
            "0.5": [
              -46.25,
              0,
              0
            ],
            "1.0": [
              22.5,
              0,
              0
            ]
          }
        },
        "bone2": {
          "rotation": [
            35,
            0,
            0
          ]
        },
        "bone3": {
          "rotation": [
            5,
            0,
            0
          ]
        },
        "bone8": {
          "rotation": {
            "0.1667": [
              -12.5,
              0,
              0
            ],
            "0.25": [
              -12.5,
              0,
              0
            ]
          },
          "scale": {
            "0.1667": [
              1,
              1,
              1
            ],
            "0.25": [
              1,
              1,
              1
            ]
          }
        },
        "head": {
          "rotation": [
            7.5,
            0,
            0
          ],
          "position": [
            0,
            0,
            -1
          ],
          "scale": {
            "0.1667": [
              1,
              1,
              1
            ],
            "0.25": [
              1,
              1,
              1
            ]
          }
        },
        "bone4": {
          "position": [
            0,
            0,
            1
          ]
        },
        "bone5": {
          "position": {
            "0.0": [
              -9,
              0,
              0
            ],
            "0.0417": [
              -10,
              0,
              0
            ],
            "0.0833": [
              -9,
              1,
              0
            ],
            "0.125": [
              -9,
              -1,
              0
            ],
            "0.1667": [
              -8,
              -1,
              0
            ],
            "0.2083": [
              -10,
              0,
              0
            ],
            "0.25": [
              -8,
              -1,
              0
            ],
            "0.2917": [
              -9,
              0,
              0
            ],
            "0.3333": [
              -9,
              -1,
              0
            ]
          }
        },
        "glitch": {
          "position": [
            6,
            -5,
            4
          ]
        },
        "glitch2": {
          "position": [
            -6,
            0,
            0
          ]
        },
        "glitch3": {
          "position": [
            -3,
            5,
            0
          ]
        },
        "glitch4": {
          "position": [
            -2,
            -2,
            0
          ]
        },
        "GLITCH8": {
          "position": {
            "0.0": [
              -6,
              27,
              3
            ],
            "0.0417": [
              -1,
              24,
              -2
            ],
            "0.0833": [
              -13,
              16,
              -2
            ],
            "0.125": [
              -2,
              25,
              1
            ],
            "0.1667": [
              -2,
              9,
              1
            ],
            "0.2083": [
              -12,
              31,
              1
            ],
            "0.25": [
              -12,
              13,
              -9
            ],
            "0.2917": [
              -2,
              27,
              0
            ],
            "0.3333": [
              -11,
              27,
              0
            ],
            "0.375": [
              -1,
              27,
              0
            ],
            "0.4167": [
              -1,
              3,
              0
            ],
            "0.4583": [
              -14,
              25,
              0
            ],
            "0.5": [
              -1,
              34,
              0
            ]
          }
        },
        "glitch5": {
          "position": [
            0,
            0,
            -5
          ]
        },
        "glitch6": {
          "position": [
            5,
            4,
            0
          ]
        },
        "glitch7": {
          "position": [
            0,
            0,
            -9
          ]
        },
        "GLITCH9": {
          "position": {
            "0.0": [
              -7,
              17,
              0
            ],
            "0.0417": [
              -14,
              10,
              0
            ],
            "0.0833": [
              -6,
              32,
              -5
            ],
            "0.125": [
              -17,
              13,
              -9
            ],
            "0.1667": [
              -8,
              27,
              -2
            ],
            "0.2083": [
              -8,
              9,
              -2
            ],
            "0.25": [
              -15,
              29,
              -4
            ],
            "0.2917": [
              -15,
              10,
              0
            ],
            "0.3333": [
              -4,
              15,
              0
            ],
            "0.375": [
              -15,
              8,
              0
            ],
            "0.4167": [
              -11,
              34,
              -5
            ],
            "0.4583": [
              -6,
              12,
              1
            ],
            "0.5": [
              -11,
              20,
              1
            ]
          }
        },
        "glitch10": {
          "position": [
            -4,
            4,
            0
          ]
        },
        "glitch11": {
          "position": [
            0,
            6,
            0
          ]
        },
        "glitch12": {
          "position": [
            5,
            0,
            0
          ]
        },
        "glitch14": {
          "position": [
            4,
            -3,
            0
          ]
        },
        "glitch15": {
          "position": [
            -5,
            0,
            0
          ]
        },
        "bone": {
          "rotation": [
            32.5,
            0,
            0
          ]
        },
        "rightarm": {
          "rotation": {
            "0.0": [
              40,
              0,
              0
            ],
            "0.5": [
              25,
              0,
              0
            ],
            "1.0": [
              40,
              0,
              0
            ]
          }
        },
        "bone7": {
          "rotation": [
            -17.5,
            0,
            0
          ]
        },
        "leftarm": {
          "rotation": {
            "0.0": [
              -10,
              0,
              0
            ],
            "0.5": [
              2.5,
              0,
              0
            ],
            "1.0": [
              -10,
              0,
              0
            ]
          }
        }
      }
    },
    "animation.cn_retro_finn.transform": {
      "loop": "hold_on_last_frame",
      "animation_length": 5.5,
      "bones": {
        "bone3": {
          "rotation": {
            "1.0": [
              0,
              0,
              0
            ],
            "1.1667": [
              -5,
              0,
              0
            ],
            "1.5": [
              -5,
              0,
              0
            ],
            "1.75": [
              20,
              0,
              0
            ],
            "1.9583": [
              20,
              0,
              0
            ],
            "2.0": [
              162.5,
              0,
              0
            ],
            "2.0417": [
              16.12299,
              -6.65904,
              0.34936
            ],
            "2.25": [
              -3.26206,
              -39.95426,
              2.09615
            ],
            "2.5": [
              -3.26206,
              -39.95426,
              2.09615
            ],
            "4.0": [
              42.49762,
              2.49762,
              -0.10912
            ],
            "4.5417": [
              42.49762,
              2.49762,
              -0.10912
            ],
            "5.0": [
              4.99762,
              2.49762,
              -0.10912
            ]
          }
        },
        "rightarm": {
          "rotation": {
            "2.5": [
              0,
              2.5,
              0
            ],
            "4.0": [
              -42.5,
              2.5,
              0
            ],
            "4.5417": [
              -42.5,
              2.5,
              0
            ],
            "5.0": [
              -7.5,
              2.5,
              0
            ]
          }
        },
        "leftarm": {
          "rotation": {
            "1.5": [
              0,
              2.5,
              0
            ],
            "2.5": [
              0,
              2.5,
              0
            ],
            "4.0": [
              -40,
              2.5,
              0
            ],
            "4.5417": [
              -40,
              2.5,
              0
            ],
            "5.0": [
              -5.11125,
              -2.69051,
              0.64079
            ]
          }
        },
        "bone6": {
          "rotation": {
            "1.5": [
              0,
              0,
              0
            ],
            "1.5417": [
              0,
              0,
              -117.5
            ],
            "1.5833": [
              0,
              0,
              0
            ]
          }
        },
        "head": {
          "rotation": {
            "1.0": [
              -2.5,
              0,
              0
            ],
            "1.1667": [
              -12.5,
              0,
              0
            ],
            "1.5": [
              -12.5,
              0,
              0
            ],
            "1.75": [
              17.5,
              0,
              0
            ],
            "2.0": [
              17.5,
              0,
              0
            ],
            "2.25": [
              9.70047,
              -52.7253,
              -6.86543
            ],
            "2.4583": [
              8.86047,
              -52.7253,
              -6.86543
            ],
            "2.5": [
              -152.79953,
              -52.7253,
              -6.86543
            ],
            "2.5417": [
              9.59372,
              -51.2779,
              -6.65202
            ],
            "4.0": [
              5.85748,
              -0.61893,
              0.81721
            ],
            "4.5417": [
              5.85748,
              -0.61893,
              0.81721
            ],
            "5.0": [
              -4.14252,
              -0.61893,
              0.81721
            ]
          }
        },
        "bone4": {
          "position": {
            "4.0": [
              0,
              0,
              0
            ],
            "4.5": [
              0,
              0,
              0
            ],
            "4.5417": [
              0,
              0,
              1
            ]
          }
        },
        "bone5": {
          "position": {
            "0.0": [
              -9,
              0,
              1
            ],
            "4.5": [
              -9,
              0,
              1
            ],
            "4.5417": [
              -9,
              0,
              0
            ],
            "5.0": [
              -9,
              0,
              0
            ],
            "5.5": [
              -9,
              2,
              0
            ]
          },
          "scale": {
            "5.0": [
              1,
              1,
              1
            ],
            "5.5": [
              1,
              1.4,
              1
            ]
          }
        },
        "GLITCH8": {
          "scale": [
            0,
            1,
            0
          ]
        },
        "GLITCH9": {
          "scale": [
            0,
            1,
            0
          ]
        }
      }
    }
  }
}