{
  "format_version": "1.8.0",
  "animations": {
    "animation.cn_steven.idle": {
      "loop": true,
      "animation_length": 0.5,
      "bones": {
        "steven": {
          "position": [
            0,
            -1,
            0
          ]
        },
        "body": {
          "rotation": {
            "0.0": [
              15,
              0,
              0
            ],
            "0.25": [
              10,
              0,
              0
            ],
            "0.5": [
              15,
              0,
              0
            ]
          }
        },
        "leftarm": {
          "rotation": [
            0,
            0,
            25
          ],
          "position": [
            -1,
            0,
            0
          ]
        },
        "bone18": {
          "rotation": [
            -15.20094,
            0.56762,
            -25.07458
          ],
          "scale": {
            "0.3333": [
              1,
              1,
              1
            ],
            "0.4167": [
              1,
              1,
              1
            ]
          }
        },
        "bone19": {
          "position": {
            "0.0": [
              0,
              0,
              0
            ],
            "0.0417": [
              0,
              -3,
              -1
            ],
            "0.0833": [
              0,
              3,
              -3
            ],
            "0.125": [
              0,
              4,
              -3
            ],
            "0.1667": [
              0,
              3,
              -6
            ],
            "0.2083": [
              0,
              -4,
              -5
            ],
            "0.25": [
              0,
              -2,
              0
            ],
            "0.2917": [
              0,
              4,
              0
            ],
            "0.3333": [
              0,
              1,
              0
            ],
            "0.375": [
              0,
              -3,
              -2
            ],
            "0.4167": [
              0,
              -5,
              2
            ],
            "0.4583": [
              0,
              4,
              1
            ],
            "0.5": [
              0,
              1,
              1
            ]
          }
        },
        "bone20": {
          "position": {
            "0.0": [
              0,
              0,
              0
            ],
            "0.0417": [
              0,
              0,
              3
            ],
            "0.0833": [
              0,
              -3,
              -1
            ],
            "0.125": [
              0,
              -3,
              2
            ],
            "0.1667": [
              0,
              -3,
              6
            ],
            "0.2083": [
              0,
              -3,
              3
            ],
            "0.25": [
              0,
              -3,
              -1
            ],
            "0.2917": [
              0,
              1,
              -1
            ],
            "0.3333": [
              0,
              -7,
              1
            ],
            "0.375": [
              0,
              1,
              1
            ],
            "0.4167": [
              0,
              2,
              4
            ],
            "0.4583": [
              0,
              -5,
              4
            ],
            "0.5": [
              0,
              -2,
              2
            ]
          }
        },
        "bone21": {
          "position": {
            "0.0": [
              0,
              0,
              0
            ],
            "0.0417": [
              0,
              3,
              -1
            ],
            "0.0833": [
              0,
              3,
              4
            ],
            "0.125": [
              0,
              -1,
              4
            ],
            "0.1667": [
              0,
              2,
              1
            ],
            "0.2083": [
              0,
              7,
              1
            ],
            "0.25": [
              0,
              4,
              2
            ],
            "0.2917": [
              0,
              1,
              2
            ],
            "0.3333": [
              0,
              5,
              0
            ],
            "0.375": [
              0,
              3,
              4
            ],
            "0.4167": [
              0,
              3,
              -3
            ],
            "0.4583": [
              0,
              6,
              -1
            ],
            "0.5": [
              0,
              0,
              -1
            ]
          }
        },
        "bone": {
          "rotation": [
            0,
            0,
            12.5
          ]
        },
        "bone2": {
          "rotation": [
            0,
            0,
            12.5
          ]
        },
        "bone3": {
          "rotation": [
            0,
            0,
            12.5
          ]
        },
        "bone4": {
          "rotation": [
            0,
            0,
            20
          ]
        },
        "bone5": {
          "rotation": [
            0,
            0,
            7.5
          ]
        },
        "bone6": {
          "rotation": [
            0,
            0,
            15
          ]
        },
        "rightarm": {
          "rotation": {
            "0.0": [
              -182.20462,
              -167.6929,
              -257.73772
            ],
            "0.25": [
              -182.17878,
              -171.44017,
              -257.59215
            ],
            "0.5": [
              -182.20462,
              -167.6929,
              -257.73772
            ]
          },
          "position": [
            1,
            1,
            0
          ]
        },
        "bone11": {
          "rotation": [
            0,
            0,
            7.5
          ]
        },
        "bone12": {
          "rotation": [
            0,
            0,
            22.5
          ]
        },
        "bone13": {
          "rotation": [
            0,
            0,
            7.5
          ]
        },
        "bone14": {
          "rotation": [
            0,
            0,
            20
          ]
        },
        "bone15": {
          "rotation": [
            0,
            0,
            7.5
          ]
        },
        "bone16": {
          "rotation": [
            0,
            0,
            25
          ]
        },
        "head": {
          "rotation": [
            -7.5,
            0,
            0
          ]
        },
        "bone17": {
          "scale": {
            "0.0": [
              1,
              1.9,
              1
            ],
            "0.25": [
              1,
              1.5,
              1
            ],
            "0.5": [
              1,
              1.9,
              1
            ]
          }
        },
        "leftleg": {
          "rotation": [
            -40,
            0,
            0
          ]
        },
        "bone7": {
          "rotation": [
            42.5,
            0,
            0
          ],
          "position": [
            0,
            1,
            0
          ]
        },
        "rightleg": {
          "rotation": [
            15,
            0,
            0
          ]
        },
        "bone9": {
          "rotation": [
            7.5,
            0,
            0
          ]
        },
        "bone10": {
          "rotation": [
            -20,
            0,
            0
          ]
        }
      }
    },
    "animation.cn_steven.walk": {
      "loop": true,
      "animation_length": 2.04167,
      "bones": {
        "body": {
          "rotation": {
            "0.0": [
              15,
              0,
              0
            ],
            "1.0": [
              22.5,
              0,
              0
            ],
            "2.0": [
              15,
              0,
              0
            ]
          }
        },
        "leftarm": {
          "rotation": [
            0,
            0,
            30
          ],
          "position": [
            -1,
            0,
            0
          ]
        },
        "bone18": {
          "rotation": [
            0,
            0,
            -30
          ],
          "position": {
            "0.5": [
              0,
              0,
              0
            ],
            "0.5417": [
              0,
              -3,
              3
            ],
            "0.5833": [
              0,
              0,
              0
            ],
            "1.0": [
              0,
              0,
              0
            ],
            "1.0417": [
              0,
              4,
              -2
            ],
            "1.0833": [
              0,
              0,
              0
            ],
            "1.5": [
              0,
              0,
              0
            ],
            "1.5417": [
              2,
              -2,
              0
            ],
            "1.5833": [
              0,
              0,
              0
            ],
            "1.9583": [
              0,
              0,
              0
            ],
            "2.0": [
              -5,
              3,
              -3
            ]
          }
        },
        "rightarm": {
          "rotation": [
            -180,
            -165,
            -260
          ],
          "position": [
            1,
            0,
            0
          ]
        },
        "bone11": {
          "rotation": [
            0,
            0,
            10
          ]
        },
        "bone12": {
          "rotation": [
            0,
            0,
            15
          ]
        },
        "bone13": {
          "rotation": [
            0,
            0,
            7.5
          ]
        },
        "bone14": {
          "rotation": [
            0,
            0,
            12.5
          ]
        },
        "bone15": {
          "rotation": [
            0,
            0,
            15
          ]
        },
        "bone16": {
          "rotation": [
            0,
            0,
            12.5
          ]
        },
        "head": {
          "rotation": {
            "0.0": [
              -7.5,
              0,
              0
            ],
            "1.0": [
              -12.5,
              0,
              0
            ],
            "2.0": [
              -7.5,
              0,
              0
            ]
          }
        },
        "bone17": {
          "position": {
            "0.0": [
              0,
              0,
              0
            ],
            "0.5": [
              0,
              1,
              0
            ],
            "1.0": [
              0,
              0,
              0
            ],
            "1.5": [
              0,
              1,
              0
            ],
            "2.0417": [
              0,
              0,
              0
            ]
          },
          "scale": {
            "0.0": [
              1,
              1,
              1
            ],
            "0.5": [
              1,
              2.1,
              1
            ],
            "1.0": [
              1,
              1,
              1
            ],
            "1.5": [
              1,
              1.5,
              1
            ],
            "2.0": [
              1,
              1,
              1
            ]
          }
        },
        "leftleg": {
          "rotation": {
            "0.0": [
              -52.5,
              0,
              0
            ],
            "0.5": [
              -15,
              0,
              0
            ],
            "1.0": [
              -5,
              0,
              0
            ],
            "1.5": [
              15,
              0,
              0
            ],
            "2.0": [
              -52.5,
              0,
              0
            ]
          },
          "position": [
            0,
            0,
            0
          ]
        },
        "bone7": {
          "rotation": {
            "0.0": [
              32.5,
              0,
              0
            ],
            "0.5": [
              2.5,
              0,
              0
            ],
            "1.5": [
              2.5,
              0,
              0
            ],
            "2.0": [
              32.5,
              0,
              0
            ]
          }
        },
        "bone8": {
          "rotation": {
            "0.0": [
              0,
              0,
              0
            ],
            "0.5": [
              12.5,
              0,
              0
            ],
            "1.0": [
              2.5,
              0,
              0
            ],
            "1.5": [
              -15.13563,
              1.14135,
              -0.14738
            ],
            "2.0": [
              0,
              0,
              0
            ]
          }
        },
        "rightleg": {
          "rotation": [
            12.01377,
            -2.30028,
            3.38168
          ],
          "position": [
            0,
            0,
            0
          ],
          "scale": [
            1,
            1.1,
            1
          ]
        },
        "bone9": {
          "rotation": [
            10,
            0,
            0
          ]
        },
        "bone10": {
          "rotation": [
            -22.5,
            0,
            0
          ]
        }
      }
    },
    "animation.cn_steven.new": {
      "loop": true,
      "animation_length": 1,
      "bones": {
        "steven": {
          "rotation": {
            "0.0": [
              0,
              0,
              0
            ],
            "1.0": [
              0,
              -360,
              0
            ]
          }
        }
      }
    }
  }
}