{
  "format_version": "1.16.100",
  "minecraft:item": {
      "description": {
          "identifier": "blockception:gax_lasers",
          "category" : "Unknown"     
      },
      "components": {		  
		  "minecraft:display_name":{
			  "value": "§cLasers_Em Breve"
		  },
		  "minecraft:icon":{
			  "texture": "jetray_lasers"
		  },
            "tag:invisible_item": {},
	        "minecraft:should_despawn": true,
			"minecraft:use_duration": 1,
			"minecraft:cooldown": {
				"category": "lasers",
				"duration": 1.0
		  },
            "minecraft:render_offsets": {
                "main_hand": {
                    "first_person": { "scale": [0.0,0.0,0.0]},
                    "third_person": { "scale": [0.0,0.0,0.0]}
                },
                "off_hand": {
                    "first_person": { "scale": [0.0,0.0,0.0]},
                    "third_person": { "scale": [0.0,0.0,0.0]
            }
        }
    },
		  "minecraft:on_use": {
			"on_use": {
			"event": "use",
			"target": "self"
			}
		 }
	  },
      "events": {
		 "use":{
            "shoot": {
              "projectile": "blockception:gax_lasers",
              "launch_power": 3,
              "angle_offset": 20
            }
			}
		 }			 
	  }
  }