{
  "format_version": "1.12",
  "minecraft:recipe_shaped": {
    "description": {
      "identifier": "cake_htf_985dfe54"
    },
    "tags": [
      "crafting_table"
    ],
    "pattern": [
      " A ",
      "BCB",
      " A "
    ],
    "key": {
      "A": {
        "item": "minecraft:carrot",
        "data": 0
      },
      "B": {
        "item": "minecraft:bread",
        "data": 0
      },
      "C": {
        "item": "minecraft:dye",
        "data": 11
      }
    },
    "result": {
      "item": "pa:cake_htf",
      "count": 1
    }
  }
}