{
  "format_version": "1.16.100",
  "minecraft:item": {
    "description": {
      "identifier": "ben:clock1"
    },
    "components": {
    "minecraft:render_offsets": {
        "main_hand": {
            "first_person": { 
                "scale": [0.002,0.002,0.002]
            },
            "third_person": { 
                "scale": [0.01,0.01,0.01]
            }
        }
    },
      "minecraft:icon": {
		"texture": "clock1"
	  },
      "minecraft:max_stack_size": 1,
      "minecraft:use_duration": 0,

	  "minecraft:cooldown": {
		"category": "nature",
		"duration": 1
      },
	  "minecraft:on_use": {
		"on_use": {
		  "event": "clock1"
		}
	  }
    },
    "events": {
	  "clock1": {
		"run_command": {
		  "command": [
      "function clock1"
		  ]
	    }
	  }
	}
  }
}