{
    "format_version":"1.16.100",
    "minecraft:item":  {
        "description":  {
            "category":"nature",
            "identifier":"ben:uafchill"
        },
        "components":  {
  	"minecraft:render_offsets": {
  		"main_hand": {
	  		"third_person": {
				"position": [0.26, 1.0, -0.55],
	  			"scale": [0.012, 0.012, 0.012]
	  		},
	  		"first_person": {
  				"position": [3.54, -0.8, -6.4],
	  			"scale": [0.03, 0.03, 0.03]
	       	      	}
          	  	}
	          }, 
            "minecraft:icon": { 
                "texture": "uafchill"
            },
            "minecraft:max_stack_size":  1,
            "minecraft:enchantable":  {
                "value":  10,
                "slot":  "armor_head"
            },
            "minecraft:damageable":  {
                "max_damage":  10000000,
                "damage_chance":  {
                    "min":  10000000,
                    "max":  10000000
                 }
                },
            "minecraft:armor":  {
                "protection":  0
            },
            "minecraft:wearable":  {
                "slot":  "slot.armor.head"
            },
	  "minecraft:on_use": {
		"on_use": {
		  "event": "uafchill"
		}
	  }
    },
    "events": {
	  "uafchill": {
		"run_command": {
		  "command": [
		    "function uafchill"
		  ]
	    }
	  }
        }
    }
}