{
  "format_version": "1.12.0",
  "minecraft:geometry": [
    {
      "description": {
        "identifier": "geometry.bot_killer",
        "texture_width": 100,
        "texture_height": 100,
        "visible_bounds_width": 8,
        "visible_bounds_height": 8,
        "visible_bounds_offset": [
          0,
          3,
          0
        ]
      },
      "bones": [
        {
          "name": "Obasus",
          "cubes": [
            {
              "origin": [
                -50.0,
                0.0,
                1.0
              ],
              "size": [
                96.0,
                97.0,
                0.0
              ],
              "uv": [
                0,
                0
              ],
              "inflate": 0
            }
          ]
        }
      ]
    }
  ]
}