{
  "format_version": "1.10.0",
  "minecraft:client_entity": {
    "description": {
      "identifier": "blockception:ben_tennyson",
      "materials": { "default": "entity", "alpha": "entity_alphatest" },
      "textures": { "default": "textures/entity/npc/ben" },
      "render_controllers": ["controller.render.default"],
      "geometry": { "default": "geometry.ben" },
      "animations": {
        "base_pose": "animation.ben.base_pose",
        "lookat": "animation.common.look_at_target",
        "idle": "animation.empty.s1",
        "breathe": "animation.default.breathe",
        "hurt": "animation.ben.hurt",

        "run_start": "animation.ben.run1",
        "run": "animation.ben.run2",
        "run_end": "animation.ben.run3",
        "walk_start": "animation.ben.walk1",
        "walk": "animation.ben.walk2",
        "walk_end": "animation.ben.walk3",

        "celebrate": "animation.ben.celebrate",
        "hero_pose": "animation.ben.hero_pose",
        "hero_pose_idle": "animation.ben.hero_pose_idle",
        "hero_to_portal": "animation.ben.hero_to_portal",

        "intro_ben": "animation.ben.intro_ben",
        "intro_ben_action": "animation.ben.intro_ben_action",
        "intro_ben_idle": "animation.ben.intro_ben_idle",
        "intro_gwen": "animation.ben.intro_gwen",
        "intro_gwen_idle": "animation.ben.intro_gwen_idle",
        "intro_max": "animation.ben.intro_max",
        "intro_max_end": "animation.ben.intro_max_end",
        "intro_max_idle": "animation.ben.intro_max_idle",
        "into_portal_idle": "animation.ben.into_portal_idle",
        "jump_start": "animation.ben.jump1",
        "jump": "animation.ben.jump2",
        "jump_end": "animation.ben.jump3",
        "shrug": "animation.ben.shrug",
        "stare": "animation.ben.stare",
        "wave_start": "animation.ben.wave1",
        "wave": "animation.ben.wave2",
        "wave_end": "animation.ben.wave3",
        "hero_time": "animation.ben.hero_time",
        "portal_exit_idle": "animation.ben.portal_exit_idle",
        "portal_exit_landed": "animation.ben.portal_exit_landed",
        "worry_start": "animation.ben.worry1",
        "worry_loop": "animation.ben.worry2",
        "worry_end": "animation.ben.worry3",

        "controller.basic": "controller.animation.basic",
        "controller.walk": "controller.animation.walk_run_complex",
        "controller.hurt": "controller.animation.hurt",
        "controller.jump": "controller.animation.jump_complex",
        "controller.emote": "controller.animation.ben.emote"
      },
      "scripts": {
        "initialize": ["variable.run_speed = 0.8;"],
        "animate": [{ "controller.basic": "query.variant < 5" }, "controller.walk", "controller.hurt", "controller.jump", "controller.emote"]
      },
      "spawn_egg": {
        "base_color": "#00FF00",
        "overlay_color": "#000000"
      }
    }
  }
}
