{
  "format_version": "1.10.0",
  "minecraft:client_entity": {
    "description": {
      "identifier": "blockception:ben_xlr8",
      "materials": { "default": "entity", "alpha": "entity_alphatest" },
      "textures": { "default": "textures/entity/aliens/xlr8/xlr8" },
      "render_controllers": ["controller.render.default"],
      "geometry": { "default": "geometry.xlr8" },
      "animations": {
        //XLR8
        "xlr8.controller.move": "controller.animation.xlr8.move",
        "xlr8.controller.tail": "controller.animation.xlr8.tail",

        "xlr8.breathe": "animation.xlr8.breathe",
        "xlr8.base_pose": "animation.xlr8.base_pose",
        "xlr8.dodge_right": "animation.xlr8.strafe_right",
        "xlr8.dodge_left": "animation.xlr8.strafe_left",

        "xlr8.walk": "animation.xlr8.walk2",
        "xlr8.run": "animation.xlr8.run2",
        "xlr8.swim": "animation.xlr8.swim2",
        "xlr8.fall_start": "animation.xlr8.fall1",
        "xlr8.fall_mid": "animation.xlr8.fall2",
        "xlr8.fall_end": "animation.xlr8.fall3",
        "xlr8.jump_start": "animation.xlr8.jump1",
        "xlr8.jump_mid": "animation.xlr8.jump2",
        "xlr8.jump_end": "animation.xlr8.jump3",
        "xlr8.attack_full": "animation.xlr8.kick_full",
        "xlr8.scale": "animation.xlr8.scale",
        "xlr8.sneak": "animation.xlr8.sneak1",
        "xlr8.sneak_pose": "animation.xlr8.sneak_pose",
        "xlr8.sneak_move": "animation.xlr8.sneak2",
        "xlr8.tornado": "animation.xlr8.tornado_throw",
        "xlr8.tornado_tail": "animation.xlr8.tornado_throw_tail"
      },
      "scripts": {
        "initialize": ["variable.is_first_person = 0.0;"],
        "animate": [
          //XLR8
          "xlr8.scale",
          "xlr8.controller.move",
          "xlr8.controller.tail"
        ]
      },
      "sound_effects": {
        "xr-kick": "xr-kick",
        "xr-throw": "xr-throw",
        "xr-select": "xr-select",
        "xr-jump": "xr-jump",
        "xr-dodge": "xr-dodge",
        "xr-boost": "xr-boost"
      },
      "spawn_egg": {
        "base_color": "#00FF00",
        "overlay_color": "#000000"
      }
    }
  }
}
