{
  "format_version": "1.10.0",
  "minecraft:client_entity": {
    "description": {
      "identifier": "blockception:ben_figthing_drones",
      "materials": { "default": "entity", "alpha": "entity_alphatest" },
      "textures": { "default": "textures/entity/ben_figthing_drones" },
      "render_controllers": ["controller.render.default"],
      "geometry": { "default": "geometry.ben_figthing_drones" },
      "animations": {
        "start": "animation.ben_figthing_drones_start",
        "loop": "animation.ben_fighting_drones_loop",
        "end": "animation.ben_figthing_drones_end",

        "controller.state": "controller.animation.ben.cutscene"
      },
      "scripts": {
        "animate": ["controller.state"]
      },
      "spawn_egg": {
        "base_color": "#00FF00",
        "overlay_color": "#000000"
      },
      "sound_effects": {
        //Ben
        "be-droneend": "be-droneend",
        "be-droneloop": "be-droneloop",
        "be-dronestart": "be-dronestart"
      }
    }
  }
}
