{
  "format_version": "1.10.0",
  "minecraft:client_entity": {
    "description": {
      "identifier": "blockception:citizens",
      "materials": { "default": "entity", "alpha": "entity_alphatest" },
      "textures": {
        "skin1": "textures/entity/npc/citizen1",
        "skin2": "textures/entity/npc/citizen2",
        "skin3": "textures/entity/npc/citizen3"
      },
      "render_controllers": ["controller.render.citizen"],
      "geometry": { "default": "geometry.prisoner1" },

      "animations": {
        "base_pose": "animation.empty.pose",
        "lookat": "animation.common.look_at_target",

        "controller.walk": "controller.animation.blockception_humanoid.walk",
        "idle": "animation.empty.pose",

        "scared1": "animation.prisoner.scared1",
        "scared2": "animation.prisoner.scared2",
        "scared3": "animation.prisoner.scared3",

        "talking": "animation.prisoner.talk",
        "thankful": "animation.prisoner.thankful",
        "walk": "animation.blockception_humanoid.walk",

        "controller.basic": "controller.animation.basic",
        "controller.emote": "controller.animation.citizin.emote"
      },
      "scripts": {
        "initialize": ["variable.tcos0=0;variable.tcos1=0;"],
        "animate": ["controller.basic", "controller.emote"]
      },
      "spawn_egg": {
        "base_color": "#00FF00",
        "overlay_color": "#000000"
      }
    }
  }
}
