{
  "format_version": "1.10.0",
  "minecraft:client_entity": {
    "description": {
      "identifier": "blockception:gwen_tennyson",
      "materials": { "default": "entity", "alpha": "entity_alphatest" },
      "textures": { "default": "textures/entity/npc/gwen" },
      "render_controllers": ["controller.render.default"],
      "geometry": { "default": "geometry.gwen" },
      "animations": {
        "base_pose": "animation.empty.s1",
        "lookat": "animation.common.look_at_target",
        "idle": "animation.empty.s1",
        "breathe": "animation.default.breathe",

        "stare": "animation.gwen.stare",
        "wave_start": "animation.gwen.wave1",
        "wave_loop": "animation.gwen.wave2",
        "wave_end": "animation.gwen.wave3",
        "angry_start": "animation.gwen.angry1",
        "angry_loop": "animation.gwen.angry2",
        "angry_end": "animation.gwen.angry3",
        "worry_start": "animation.gwen.worry1",
        "worry_loop": "animation.gwen.worry2",
        "worry_end": "animation.gwen.worry3",
        "portal_start": "animation.gwen.portal1",
        "portal_loop": "animation.gwen.portal2",

        "controller.walk": "controller.animation.walk",
        "walk": "animation.gwen.walk",

        "portal_exit_idle": "animation.ben.portal_exit_idle",
        "portal_exit_landed": "animation.gwen.portal_exit_landed",

        "controller.basic": "controller.animation.basic",
        "controller.emote": "controller.animation.gwen.emote"
      },
      "scripts": {
        "animate": [{ "controller.basic": "query.variant < 5" }, "controller.emote", "controller.walk"],
        "pre_animation": [
          "variable.tcos0 = (Math.cos(query.modified_distance_moved * 38.17) * query.modified_move_speed / variable.gliding_speed_value) * 57.3;",
          "variable.tcos1 = -variable.tcos0;",
          "variable.leftArm = (-(Math.cos(query.life_time * 103.2) * 2.865) - 2.865);",
          "variable.rightArm = ((Math.cos(query.life_time * 103.2) * 2.865) + 2.865);"
        ]
      },
      "spawn_egg": {
        "base_color": "#00FF00",
        "overlay_color": "#000000"
      }
    }
  }
}
