{
  "format_version": "1.10.0",
  "minecraft:client_entity": {
    "description": {
      "identifier": "blockception:max_tennyson",
      "materials": { "default": "entity", "alpha": "entity_alphatest" },
      "textures": { "default": "textures/entity/npc/max" },
      "render_controllers": ["controller.render.default"],
      "geometry": { "default": "geometry.max" },

      "animations": {
        "base_pose": "animation.max.base_pose",
        "hurt": "animation.max.hurt",
        "idle": "animation.max.breathe",
        "jump_start": "animation.max.jump1",
        "jump": "animation.max.jump2",
        "jump_end": "animation.max.jump3",
        "lookat": "animation.common.look_at_target",
        "talking": "animation.max.speak",

        "walk_start": "animation.max.walk1",
        "walk": "animation.max.walk2",
        "walk_end": "animation.max.walk3",
        "run_start": "animation.max.run1",
        "run": "animation.max.run2",
        "run_end": "animation.max.run3",

        //Variant 1
        "angry_point1": "animation.max.angry_point1",
        "angry_point2": "animation.max.angry_point2",
        "angry_point3": "animation.max.angry_point3",
        //Variant 2
        "explain1": "animation.max.explain1",
        "explain2": "animation.max.explain2",
        "explain3": "animation.max.explain3",
        //Variant 3
        "hold_key1": "animation.max.hold_key1",
        "hold_key2": "animation.max.hold_key2",
        "hold_key3": "animation.max.hold_key3",
        //Variant 4
        "listen_action_chin1": "animation.max.listen_action_chin1",
        "listen_action_chin2": "animation.max.listen_action_chin2",
        "listen_action_chin3": "animation.max.listen_action_chin3",
        //Variant 5
        "panic1": "animation.max.panic1",
        "panic2": "animation.max.panic2",
        "panic3": "animation.max.panic3",
        //Variant 6
        "point_to_player1": "animation.max.point_to_player1",
        "point_to_player2": "animation.max.point_to_player2",
        "point_to_player3": "animation.max.point_to_player3",
        //Variant 7
        "wave_to_player1": "animation.max.wave_to_player1",
        "wave_to_player2": "animation.max.wave_to_player2",
        "wave_to_player3": "animation.max.wave_to_player3",
        //Variant 8
        "worry1": "animation.max.worry1",
        "worry2": "animation.max.worry2",
        "worry3": "animation.max.worry3",
        //Variant 9
        "reassure": "animation.max.reassure",
        //Variant 10
        "thumbs_up1": "animation.max.thumbs_up1",
        "thumbs_up2": "animation.max.thumbs_up2",
        "thumbs_up3": "animation.max.thumbs_up3",
        //Variant 11
        "listen_chin1": "animation.max.listen_chin1",
        "listen_chin2": "animation.max.listen_chin2",
        "listen_chin3": "animation.max.listen_chin3",

        "controller.jump": "controller.animation.jump_complex",
        "controller.walk": "controller.animation.walk_run_complex",
        "controller.basic": "controller.animation.basic",
        "controller.emotes": "controller.animation.max.emotes"
      },
      "scripts": {
        "initialize": ["variable.run_speed = 0.8;"],
        "animate": ["controller.basic", "controller.jump", "controller.walk", "controller.emotes"]
      },
      "spawn_egg": {
        "base_color": "#00FF00",
        "overlay_color": "#000000"
      }
    }
  }
}
