{
  "resource_pack_name": "vanilla",
  "texture_name": "atlas.items",
  "texture_data": {
    "egg_camel": {
      "textures": "textures/items/egg_camel"
    },
    "egg_lion": {
      "textures": "textures/items/egg_lion"
    },
    "egg_penguin": {
      "textures": "textures/items/egg_penguin"
    },
    "egg_tiger": {
      "textures": "textures/items/egg_tiger"
    },
    "egg_elephant": {
      "textures": "textures/items/egg_elephant"
    },
    "egg_deer": {
      "textures": "textures/items/egg_deer"
    },
    "egg_panther": {
      "textures": "textures/items/egg_panther"
    },
    "egg_frog": {
      "textures": "textures/items/egg_frog"
    },
    "egg_crocodile": {
      "textures": "textures/items/egg_crocodile"
    },
    "egg_mouse": {
      "textures": "textures/items/egg_mouse"
    },
    "gallardo": {
      "textures": "textures/items/gallardo"
    },
    "bench": {
      "textures": "textures/items/bench"
    },
    "christmas_tree": {
      "textures": "textures/items/christmas_tree"
    },
    "tivi": {
      "textures": "textures/items/tivi"
    },
    "closet": {
      "textures": "textures/items/closet"
    },
    "laptop": {
      "textures": "textures/items/laptop"
    },
    "piano": {
      "textures": "textures/items/piano"
    },
    "armchairs": {
      "textures": "textures/items/armchairs"
    },
    "chair": {
      "textures": "textures/items/chair"
    },
    "big_table": {
      "textures": "textures/items/big_table"
    },
    "small_table": {
      "textures": "textures/items/small_table"
    },
    "drone": {
      "textures": "textures/items/drone"
    },
    "colorful_gifts": {
      "textures": "textures/items/colorful_gifts"
    },
    "pa:cake_htf": {
      "textures": "textures/items/pamobile/pa_cake_htf"
    },
    "npc:cuddles": {
      "textures": "textures/items/pamobile/npc_cuddles"
    },
    "npc:giggles": {
      "textures": "textures/items/pamobile/npc_giggles"
    },
    "npc:toothy": {
      "textures": "textures/items/pamobile/npc_toothy"
    },
    "npc:flippy": {
      "textures": "textures/items/pamobile/npc_flippy"
    },
    "npc:fliqpy": {
      "textures": "textures/items/pamobile/npc_fliqpy"
    },
    "npc:handy": {
      "textures": "textures/items/pamobile/npc_handy"
    },
    "npc:flaky": {
      "textures": "textures/items/pamobile/npc_flaky"
    },
    "npc:nutty": {
      "textures": "textures/items/pamobile/npc_nutty"
    },
    "npc:petunia": {
      "textures": "textures/items/pamobile/npc_petunia"
    },
    "npc:mime": {
      "textures": "textures/items/pamobile/npc_mime"
    },
    "npc:lumpy": {
      "textures": "textures/items/pamobile/npc_lumpy"
    },
    "npc:sniffles": {
      "textures": "textures/items/pamobile/npc_sniffles"
    },
    "npc:russell": {
      "textures": "textures/items/pamobile/npc_russell"
    },
    "npc:disco_bear": {
      "textures": "textures/items/pamobile/npc_disco_bear"
    },
    "npc:pop": {
      "textures": "textures/items/pamobile/npc_pop"
    },
    "npc:cub": {
      "textures": "textures/items/pamobile/npc_cub"
    },
    "npc:splendid": {
      "textures": "textures/items/pamobile/npc_splendid"
    },
    "npc:shifty": {
      "textures": "textures/items/pamobile/npc_shifty"
    },
    "npc:the_mole": {
      "textures": "textures/items/pamobile/npc_the_mole"
    },
    "npc:lifty": {
      "textures": "textures/items/pamobile/npc_lifty"
    }
  }
}