{
  "format_version": "1.10.0",
  "animation_controllers": {
    "controller.animation.azmuth.emote": {
      "states": {
        "default": {
          "transitions": [{ "typing_start": "query.variant == 1" }, { "talking": "query.variant == 2" }]
        },
        //Variant 1
        "typing_start": {
          "animations": ["typing_start"],
          "blend_transition": 0.2,
          "transitions": [{ "typing_loop": "query.any_animation_finished" }],
          "blend_via_shortest_path": true
        },
        "typing_loop": {
          "animations": ["typing_loop"],
          "blend_transition": 0.2,
          "transitions": [{ "typing_end": "query.variant != 1" }]
        },
        "typing_end": {
          "animations": ["typing_end"],
          "blend_transition": 0.2,
          "transitions": [{ "default": "query.any_animation_finished" }]
        },
        //Variant 2
        "talking": {
          "animations": ["talking"],
          "blend_transition": 0.2,
          "transitions": [{ "default": "query.variant != 2" }]
        }
      }
    }
  }
}
