{
  "format_version": "1.10.0",
  "animation_controllers": {
    "controller.animation.ben.emote": {
      "initial_state": "default",
      "states": {
        "default": {
          "animations": ["breathe"],
          "blend_transition": 0.2,
          "transitions": [
            { "wave_start": "query.variant == 1" },
            { "intro_ben": "query.variant == 2" },
            { "intro_gwen": "query.variant == 3" },
            { "intro_max": "query.variant == 4" },
            { "stare": "query.variant == 5" },
            { "hero_pose": "query.variant == 6" },
            { "hero_to_portal": "query.variant == 7" },
            { "celebrate": "query.variant == 8" },
            { "hero_time": "query.variant == 9" },
            { "exit_portal_start": "query.variant == 10" },
            { "worry_start": "query.variant == 11" }
          ]
        },
        //Variant 1
        "wave_start": {
          "animations": ["wave_start"],
          "blend_transition": 0.2,
          "transitions": [{ "wave": "query.any_animation_finished" }]
        },
        "wave": {
          "animations": ["wave_start"],
          "blend_transition": 0.2,
          "transitions": [{ "wave_end": "query.variant != 1" }]
        },
        "wave_end": {
          "animations": ["wave_end"],
          "blend_transition": 0.2,
          "transitions": [{ "default": "query.any_animation_finished" }]
        },
        //Variant 2
        "intro_ben": {
          "animations": ["intro_ben"],
          "blend_transition": 0.2,
          "transitions": [{ "intro_ben_action": "query.any_animation_finished" }]
        },
        "intro_ben_action": {
          "animations": ["intro_ben_action"],
          "blend_transition": 0.2,
          "transitions": [{ "intro_ben_idle": "query.any_animation_finished" }]
        },
        "intro_ben_idle": {
          "animations": ["intro_ben_idle"],
          "blend_transition": 0.2,
          "transitions": [{ "default": "query.variant != 2" }]
        },
        //Variant 3
        "intro_gwen": {
          "animations": ["intro_gwen"],
          "blend_transition": 0.2,
          "transitions": [{ "intro_gwen_idle": "query.any_animation_finished" }]
        },
        "intro_gwen_idle": {
          "animations": ["intro_gwen_idle"],
          "blend_transition": 0.2,
          "transitions": [{ "default": "query.variant != 3" }]
        },
        //Variant 4
        "intro_max": {
          "animations": ["intro_max"],
          "blend_transition": 0.2,
          "transitions": [{ "intro_max_idle": "query.any_animation_finished" }]
        },
        "intro_max_idle": {
          "animations": ["intro_max_idle"],
          "blend_transition": 0.2,
          "transitions": [{ "intro_max_end": "query.any_animation_finished" }]
        },
        "intro_max_end": {
          "animations": ["intro_max_end"],
          "blend_transition": 0.2,
          "transitions": [{ "default": "query.variant != 4" }]
        },
        //Variant 5
        "stare": {
          "animations": ["stare"],
          "blend_transition": 0.2,
          "transitions": [{ "default": "query.variant != 5" }]
        },
        //Variant 6
        "hero_pose": {
          "animations": ["hero_pose"],
          "blend_transition": 0.2,
          "transitions": [{ "hero_pose_idle": "query.any_animation_finished" }]
        },
        "hero_pose_idle": {
          "animations": ["hero_pose_idle"],
          "blend_transition": 0.2,
          "transitions": [{ "hero_to_portal": "query.variant == 7" }, { "default": "query.variant != 6" }]
        },
        //Variant 7
        "hero_to_portal": {
          "animations": ["hero_to_portal"],
          "blend_transition": 0.2,
          "transitions": [{ "into_portal_idle": "query.any_animation_finished" }]
        },
        "into_portal_idle": {
          "animations": ["into_portal_idle"],
          "blend_transition": 0.2,
          "transitions": [{ "default": "query.variant != 7" }]
        },
        //Variant 8
        "celebrate": {
          "animations": ["celebrate"],
          "blend_transition": 0.2,
          "transitions": [{ "default": "query.variant != 8" }]
        },
        //Variant 9
        "hero_time": {
          "animations": ["hero_time"],
          "blend_transition": 0.2,
          "transitions": [{ "default": "query.variant != 9" }]
        },
        //Variant 10
        "exit_portal_start": {
          "animations": ["portal_exit_idle"],
          "blend_transition": 0.2,
          "transitions": [{ "exit_portal_landed": "query.vertical_speed <= 0.05" }]
        },
        "exit_portal_landed": {
          "animations": ["portal_exit_landed"],
          "blend_transition": 0.2,
          "transitions": [{ "default": "query.all_animations_finished && query.variant != 10" }]
        },
        //Variant 11
        "worry_start": {
          "animations": ["worry_start"],
          "blend_transition": 0.2,
          "transitions": [{ "worry_loop": "query.any_animation_finished" }]
        },
        "worry_loop": {
          "animations": ["worry_loop"],
          "blend_transition": 0.2,
          "transitions": [{ "worry_end": "query.variant != 11" }]
        },
        "worry_end": {
          "animations": ["worry_end"],
          "blend_transition": 0.2,
          "transitions": [{ "default": "query.any_animation_finished" }]
        }
      }
    }
  }
}
