{
  "format_version": "1.10.0",
  "animation_controllers": {
    "controller.animation.citizin.emote": {
      "states": {
        "default": {
          "transitions": [{ "scared_start": "query.variant == 1" }, { "thankful": "query.variant == 2" }]
        },
        "scared_start": {
          "animations": ["scared1"],
          "transitions": [{ "scared_loop": "query.any_animation_finished" }]
        },
        "scared_loop": {
          "animations": ["scared2"],
          "transitions": [{ "scared_end": "query.variant != 1" }]
        },
        "scared_end": {
          "animations": ["scared3"],
          "transitions": [{ "default": "query.any_animation_finished" }]
        },
        //Variant
        "thankful": {
          "animations": ["thankful"],
          "transitions": [{ "default": "query.variant != 2" }]
        }
      }
    }
  }
}
