{
  "format_version": "1.10.0",
  "animation_controllers": {
    "controller.animation.ben.cutscene": {
      "initial_state": "start",
      "states": {
        "start": {
          "animations": ["start"],
          "blend_transition": 0.2,
          "transitions": [{ "loop": "query.any_animation_finished" }]
        },
        "loop": {
          "animations": ["loop"],
          "blend_transition": 0.2,
          "transitions": [{ "loop": "query.is_sheared" }]
        },
        "end": {
          "animations": ["end"],
          "blend_transition": 0.2
        }
      }
    }
  }
}
