{
  "format_version": "1.10.0",
  "animation_controllers": {
    "controller.animation.basic": {
      "initial_state": "default",
      "states": {
        "default": {
          "animations": ["lookat", "base_pose"]
        }
      }
    },
    //The controller for just walking
    "controller.animation.walk": {
      "states": {
        "default": {
          "animations": ["idle"],
          "blend_transition": 0.1,
          "transitions": [{ "walking": "query.modified_move_speed > 0.05" }]
        },
        "walking": {
          "animations": ["walk"],
          "blend_transition": 0.1,
          "transitions": [{ "default": "query.modified_move_speed < 0.05" }]
        }
      }
    },
    //The controller for walking and running
    "controller.animation.walk_run": {
      "states": {
        "default": {
          "animations": ["idle"],
          "blend_transition": 0.1,
          "transitions": [{ "running": "query.modified_move_speed >= variable.run_speed" }, { "walking": "query.modified_move_speed > 0.05" }]
        },
        "walking": {
          "animations": ["walk"],
          "blend_transition": 0.1,
          "transitions": [{ "running": "query.modified_move_speed >= variable.run_speed" }, { "default": "query.modified_move_speed < 0.05" }]
        },
        "running": {
          "animations": ["run"],
          "blend_transition": 0.1,
          "transitions": [{ "default": "query.modified_move_speed < 0.05" }, { "walking": "query.modified_move_speed < variable.run_speed" }]
        }
      }
    },
    //The controller for walking and running
    "controller.animation.walk_run_complex": {
      "states": {
        "default": {
          "animations": ["idle"],
          "blend_transition": 0.1,
          "transitions": [{ "run_start": "query.modified_move_speed >= variable.run_speed" }, { "walk_start": "query.modified_move_speed > 0.01" }]
        },
        "walk_start": {
          "animations": ["walk_start"],
          "blend_transition": 0.1,
          "transitions": [{ "walk": "query.any_animation_finished" }]
        },
        "walk": {
          "animations": ["walk"],
          "blend_transition": 0.1,
          "transitions": [{ "run": "query.modified_move_speed >= variable.run_speed" }, { "walk_end": "query.modified_move_speed < 0.01" }]
        },
        "walk_end": {
          "animations": ["walk_end"],
          "blend_transition": 0.1,
          "transitions": [{ "default": "query.any_animation_finished" }]
        },
        "run_start": {
          "animations": ["run_start"],
          "blend_transition": 0.1,
          "transitions": [{ "run": "query.any_animation_finished" }]
        },
        "run": {
          "animations": ["run"],
          "blend_transition": 0.1,
          "transitions": [{ "walk": "query.modified_move_speed < variable.run_speed" }, { "run_end": "query.modified_move_speed < 0.01" }]
        },
        "run_end": {
          "animations": ["run_end"],
          "blend_transition": 0.1,
          "transitions": [{ "default": "query.any_animation_finished" }]
        }
      }
    },
    //The controller for walking and running
    "controller.animation.walk_complex": {
      "states": {
        "default": {
          "animations": ["idle"],
          "blend_transition": 0.1,
          "transitions": [{ "walk_start": "query.modified_move_speed > 0.01" }]
        },
        "walk_start": {
          "animations": ["walk_start"],
          "blend_transition": 0.1,
          "transitions": [{ "walk": "query.any_animation_finished" }]
        },
        "walk": {
          "animations": ["walk"],
          "blend_transition": 0.1,
          "transitions": [{ "walk_end": "query.modified_move_speed < 0.01" }]
        },
        "walk_end": {
          "animations": ["walk_end"],
          "blend_transition": 0.1,
          "transitions": [{ "default": "query.any_animation_finished" }]
        }
      }
    },
    //The controller for just melee attacking
    "controller.animation.attack_melee": {
      "states": {
        "default": {
          "transitions": [{ "attacking": "variable.attack_time > 0.0" }]
        },
        "attacking": {
          "animations": ["melee"],
          "blend_transition": 0.1,
          "transitions": [{ "default": "query.any_animation_finished" }]
        }
      }
    },
    //The controller for just melee
    "controller.animation.attack_melee_range": {
      "states": {
        "default": {
          "transitions": [{ "melee_attack": "variable.attack_time > 0.0" }, { "ranged_attack": "query.is_charged" }]
        },
        "melee_attack": {
          "animations": ["melee"],
          "blend_transition": 0.1,
          "transitions": [{ "default": "query.any_animation_finished" }]
        },
        "ranged_attack": {
          "animations": ["ranged"],
          "blend_transition": 0.1,
          "transitions": [{ "default": "query.any_animation_finished" }]
        }
      }
    },
    //The animation controller for hurt detection
    "controller.animation.hurt": {
      "states": {
        "default": {
          "transitions": [{ "hurting": "query.hurt_time > 0.0" }]
        },
        "hurting": {
          "animations": ["hurt"],
          "blend_transition": 0.1,
          "transitions": [{ "default": "query.any_animation_finished" }]
        }
      }
    },
    "controller.animation.hurt2": {
      "states": {
        "default": {
          "transitions": [{ "hurting": "query.hurt_time > 0.0" }]
        },
        "hurting": {
          "transitions": [{ "hurt_1": "math.random_integer(0, 1)" }, { "hurt_2": "(1.0)" }]
        },
        "hurt_1": {
          "animations": ["hurt"],
          "blend_transition": 0.1,
          "transitions": [{ "default": "query.any_animation_finished" }]
        },
        "hurt_2": {
          "animations": ["hurt_2"],
          "blend_transition": 0.1,
          "transitions": [{ "default": "query.any_animation_finished" }]
        }
      }
    },
    "controller.animation.jump": {
      "states": {
        "default": {
          "transitions": [{ "jumping": "query.vertical_speed > 0" }]
        },
        "jumping": {
          "animations": ["jump"],
          "blend_transition": 0.1,
          "transitions": [{ "default": "query.vertical_speed <= 0" }]
        }
      }
    },
    "controller.animation.jump_complex": {
      "states": {
        "default": {
          "transitions": [{ "start": "query.is_sheared" }]
        },
        "start": {
          "animations": ["jump_start"],
          "blend_transition": 0.1,
          "transitions": [{ "middle": "query.any_animation_finished" }]
        },
        "middle": {
          "animations": ["jump"],
          "blend_transition": 0.1,
          "transitions": [{ "end": "query.vertical_speed <= 0" }]
        },
        "end": {
          "animations": ["jump_end"],
          "blend_transition": 0.1,
          "transitions": [{ "default": "query.any_animation_finished" }]
        }
      }
    }
  }
}
