{
  "format_version": "1.10.0",
  "animation_controllers": {
    "controller.animation.dranimo.emote": {
      "states": {
        "default": {
          "transitions": [
            { "shouting": "query.variant == 1" },
            { "dna": "query.variant == 2" },
            { "world_gesture": "query.variant == 3" },
            { "death": "query.variant == 4" },
            { "point": "query.variant == 5" }
          ]
        },
        "shouting": {
          "animations": ["shouting"],
          "blend_transition": 0.2,
          "transitions": [{ "default": "query.variant != 1" }]
        },
        "dna": {
          "animations": ["dna"],
          "blend_transition": 0.2,
          "transitions": [{ "default": "query.variant != 2" }]
        },
        "world_gesture": {
          "animations": ["world_gesture"],
          "blend_transition": 0.2,
          "transitions": [{ "default": "query.variant != 3" }]
        },
        "death": {
          "animations": ["death"],
          "blend_transition": 0.2,
          "transitions": [{ "default": "query.variant != 4" }]
        },
        "point": {
          "animations": ["point"],
          "blend_transition": 0.2,
          "transitions": [{ "default": "query.variant != 5" }]
        }
      }
    },
    "controller.animation.dranimo.attack": {
      "states": {
        "default": {
          "transitions": [{ "attacking": "variable.attack_time > 0.0 || query.is_delayed_attacking" }]
        },
        "attacking": {
          "transitions": [{ "melee1": "math.random_integer(0, 2) == 0" }, { "melee2": "math.random_integer(0, 2) == 0" }, { "melee3": "(1.0)" }]
        },
        "melee1": {
          "animations": ["attack_1"],
          "blend_transition": 0.1,
          "transitions": [{ "default": "query.any_animation_finished" }]
        },
        "melee2": {
          "animations": ["attack_2"],
          "blend_transition": 0.1,
          "transitions": [{ "default": "query.any_animation_finished" }]
        },
        "melee3": {
          "animations": ["attack_3"],
          "blend_transition": 0.1,
          "transitions": [{ "default": "query.any_animation_finished" }]
        }
      }
    }
  }
}
