{
  "format_version": "1.10.0",
  "animation_controllers": {
    "controller.animation.forever_knight.basic": {
      "initial_state": "default",
      "states": {
        "default": {
          "animations": ["lookat", { "base_pose": "query.modified_move_speed > 0.005" }]
        }
      }
    },
    "controller.animation.forever_knight.correction": {
      "states": {
        "default": {
          "blend_transition": 0.2,
          "transitions": [{ "breathing": "query.variant < 7" }]
        },
        "breathing": {
          "animations": ["breathe"],
          "blend_transition": 0.2,
          "transitions": [{ "default": "query.variant >= 7" }]
        }
      }
    },
    "controller.animation.forever_knight.emote": {
      "states": {
        "default": {
          "blend_transition": 0.2,
          "transitions": [
            { "arm_crossed": "query.variant == 1" },
            { "leaning": "query.variant == 3" },
            //{ "melee": "query.variant == 4" },
            //{ "lasso_mode": "query.variant == 5" },
            { "yield": "query.variant == 7" },
            { "yield_breathing": "query.variant == 8" },
            { "death": "query.variant == 9" }
          ]
        },
        //Variant 1
        "arm_crossed": {
          "animations": ["arms_crossed"],
          "blend_transition": 0.1,
          "transitions": [{ "default": "query.variant != 1" }]
        },
        //Variant 3
        "leaning": {
          "animations": ["leaning_on_shield"],
          "blend_transition": 0.1,
          "transitions": [{ "default": "query.variant != 3" }]
        },
        //Variant 4
        "melee": {
          "animations": ["melee_attack"],
          "blend_transition": 0.1,
          "transitions": [{ "default": "query.variant != 4" }]
        },
        //Variant 5
        "lasso_mode": {
          "animations": ["lasso_attack"],
          "blend_transition": 0.1,
          "transitions": [{ "default": "query.variant != 5" }]
        },
        //Variant 6
        // Shield is handles by a different controller
        //Variant 7
        "yield": {
          "animations": ["yield"],
          "blend_transition": 0.1,
          "transitions": [{ "default": "query.variant != 7" }]
        },
        //Variant 8
        "yield_breathing": {
          "animations": ["yield_breathing"],
          "blend_transition": 0.1,
          "transitions": [{ "default": "query.variant != 8" }]
        },
        //Variant 9
        "death": {
          "animations": ["death"],
          "blend_transition": 0.1,
          "transitions": [{ "default": "query.variant != 9" }]
        }
      }
    },
    "controller.animation.forever_knight.attack": {
      "initial_state": "default",
      "states": {
        "default": {
          //DO NOT BLEND
          "transitions": [{ "melee": "query.variant == 4 && variable.attack_time > 0.0" }, { "lasso_mode": "query.variant == 5 && variable.attack_time > 0.0" }]
        },
        //Variant 4
        "lasso_mode": {
          //DO NOT BLEND
          "animations": ["lasso_attack"],
          "transitions": [{ "wait": "query.all_animations_finished" }]
        },
        //Variant 4
        "melee": {
          //DO NOT BLEND
          "animations": ["melee_attack"],
          "transitions": [{ "wait": "query.all_animations_finished" }]
        },
        "wait": {
          //DO NOT BLEND
          "transitions": [{ "default": "variable.attack_time <= 0" }]
        }
      }
    },
    "controller.animation.forever_knight.shield": {
      "states": {
        "default": {
          //DO NOT BLEND
          "transitions": [
            { "shield_walk": "query.variant == 6 && query.modified_move_speed > 0.05" },
            { "shield_stand": "query.variant == 6 && query.modified_move_speed <= 0.05" }
          ]
        },
        "shield_walk": {
          //DO NOT BLEND
          "animations": ["shield_walking"],
          "transitions": [{ "default": "query.variant != 6" }, { "shield_stand": "query.modified_move_speed <= 0.05" }]
        },
        "shield_stand": {
          //DO NOT BLEND
          "animations": ["shield_standing"],
          "transitions": [{ "default": "query.variant != 6" }, { "shield_walk": "query.modified_move_speed > 0.05" }]
        }
      }
    }
  }
}
