{
  "format_version": "1.10.0",
  "animation_controllers": {
    "controller.animation.gwen.emote": {
      "initial_state": "default",
      "states": {
        "default": {
          "animations": ["breathe"],
          "blend_transition": 0.2,
          "transitions": [
            { "stare": "query.variant == 1" },
            { "wave_start": "query.variant == 2" },
            { "angry_start": "query.variant == 3" },
            { "worry_start": "query.variant == 4" },
            { "portal_start": "query.variant == 5" },
            { "exit_portal_start": "query.variant == 6" }
          ]
        },
        //Variant 1
        "stare": {
          "animations": ["stare"],
          "blend_transition": 0.2,
          "transitions": [{ "default": "query.variant != 1" }]
        },
        //Variant 2
        "wave_start": {
          "animations": ["wave_start"],
          "blend_transition": 0.2,
          "transitions": [{ "wave_loop": "query.any_animation_finished" }]
        },
        "wave_loop": {
          "animations": ["wave_loop"],
          "blend_transition": 0.2,
          "transitions": [{ "wave_end": "query.variant != 2" }]
        },
        "wave_end": {
          "animations": ["wave_end"],
          "blend_transition": 0.2,
          "transitions": [{ "default": "query.any_animation_finished" }]
        },
        //Variant 3
        "angry_start": {
          "animations": ["angry_start"],
          "blend_transition": 0.2,
          "transitions": [{ "angry_loop": "query.any_animation_finished" }]
        },
        "angry_loop": {
          "animations": ["angry_loop"],
          "blend_transition": 0.2,
          "transitions": [{ "angry_end": "query.variant != 3" }]
        },
        "angry_end": {
          "animations": ["angry_end"],
          "blend_transition": 0.2,
          "transitions": [{ "default": "query.any_animation_finished" }]
        },
        //Variant 4
        "worry_start": {
          "animations": ["worry_start"],
          "blend_transition": 0.2,
          "transitions": [{ "worry_loop": "query.any_animation_finished" }]
        },
        "worry_loop": {
          "animations": ["worry_loop"],
          "blend_transition": 0.2,
          "transitions": [{ "worry_end": "query.variant != 4" }]
        },
        "worry_end": {
          "animations": ["worry_end"],
          "blend_transition": 0.2,
          "transitions": [{ "default": "query.any_animation_finished" }]
        },
        //Variant 5
        "portal_start": {
          "animations": ["portal_start"],
          "blend_transition": 0.2,
          "transitions": [{ "portal_loop": "query.any_animation_finished" }]
        },
        "portal_loop": {
          "animations": ["portal_loop"],
          "blend_transition": 0.2,
          "transitions": [{ "default": "query.variant != 5" }]
        },
        //Variant 6
        "exit_portal_start": {
          "animations": ["portal_exit_idle"],
          "blend_transition": 0.2,
          "transitions": [{ "exit_portal_landed": "query.vertical_speed <= 0.05" }]
        },
        "exit_portal_landed": {
          "animations": ["portal_exit_landed"],
          "blend_transition": 0.2,
          "transitions": [{ "default": "query.all_animations_finished && query.variant != 6" }]
        }
      }
    }
  }
}
