{
  "format_version": "1.10.0",
  "animation_controllers": {
    "controller.animation.max.emotes": {
      "initial_state": "default",
      "states": {
        "default": {
          "blend_transition": 0.2,
          "transitions": [
            { "angry_point_start": "query.variant == 1" },
            { "explain_start": "query.variant == 2" },
            { "hold_key_start": "query.variant == 3" },
            { "listen_action_chin_start": "query.variant == 4" },
            { "panic_start": "query.variant == 5" },
            { "point_to_player_start": "query.variant == 6" },
            { "wave_to_player_start": "query.variant == 7" },
            { "worry_start": "query.variant == 8" },
            { "reassure": "query.variant == 9" },
            { "thumbs_up_start": "query.variant == 10" },
            { "listen_chin_start": "query.variant == 11" }
          ]
        },

        //Variant 1
        "angry_point_start": {
          "animations": ["angry_point1"],
          "blend_transition": 0.2,
          "transitions": [{ "angry_point": "query.any_animation_finished" }]
        },
        "angry_point": {
          "animations": ["angry_point2"],
          "blend_transition": 0.2,
          "transitions": [{ "angry_point_end": "query.variant != 1" }]
        },
        "angry_point_end": {
          "animations": ["angry_point3"],
          "blend_transition": 0.2,
          "transitions": [{ "default": "query.any_animation_finished" }]
        },

        //Variant 2
        "explain_start": {
          "animations": ["explain1"],
          "blend_transition": 0.2,
          "transitions": [{ "explain": "query.any_animation_finished" }]
        },
        "explain": {
          "animations": ["explain2"],
          "blend_transition": 0.2,
          "transitions": [{ "explain_end": "query.variant != 2" }]
        },
        "explain_end": {
          "animations": ["explain3"],
          "blend_transition": 0.2,
          "transitions": [{ "default": "query.any_animation_finished" }]
        },

        //Variant 3
        "hold_key_start": {
          "animations": ["hold_key1"],
          "blend_transition": 0.2,
          "transitions": [{ "hold_key": "query.any_animation_finished" }]
        },
        "hold_key": {
          "animations": ["hold_key2"],
          "blend_transition": 0.2,
          "transitions": [{ "hold_key_end": "query.variant != 3" }]
        },
        "hold_key_end": {
          "animations": ["hold_key3"],
          "blend_transition": 0.2,
          "transitions": [{ "default": "query.any_animation_finished" }]
        },

        //Variant 4
        "listen_action_chin_start": {
          "animations": ["listen_action_chin1"],
          "blend_transition": 0.2,
          "transitions": [{ "listen_action_chin": "query.any_animation_finished" }]
        },
        "listen_action_chin": {
          "animations": ["listen_action_chin2"],
          "blend_transition": 0.2,
          "transitions": [{ "listen_action_chin_end": "query.variant != 4" }]
        },
        "listen_action_chin_end": {
          "animations": ["listen_action_chin3"],
          "blend_transition": 0.2,
          "transitions": [{ "default": "query.any_animation_finished" }]
        },

        //Variant 5
        "panic_start": {
          "animations": ["panic1"],
          "blend_transition": 0.2,
          "transitions": [{ "panic": "query.any_animation_finished" }]
        },
        "panic": {
          "animations": ["panic2"],
          "blend_transition": 0.2,
          "transitions": [{ "panic_end": "query.variant != 5" }]
        },
        "panic_end": {
          "animations": ["panic3"],
          "blend_transition": 0.2,
          "transitions": [{ "default": "query.any_animation_finished" }]
        },

        //Variant 6
        "point_to_player_start": {
          "animations": ["point_to_player1"],
          "blend_transition": 0.2,
          "transitions": [{ "point_to_player": "query.any_animation_finished" }]
        },
        "point_to_player": {
          "animations": ["point_to_player2"],
          "blend_transition": 0.2,
          "transitions": [{ "point_to_player_end": "query.variant != 6" }]
        },
        "point_to_player_end": {
          "animations": ["point_to_player3"],
          "blend_transition": 0.2,
          "transitions": [{ "default": "query.any_animation_finished" }]
        },

        //Variant 7
        "wave_to_player_start": {
          "animations": ["wave_to_player1"],
          "blend_transition": 0.2,
          "transitions": [{ "wave_to_player": "query.any_animation_finished" }]
        },
        "wave_to_player": {
          "animations": ["wave_to_player2"],
          "blend_transition": 0.2,
          "transitions": [{ "wave_to_player_end": "query.variant != 7" }]
        },
        "wave_to_player_end": {
          "animations": ["wave_to_player3"],
          "blend_transition": 0.2,
          "transitions": [{ "default": "query.any_animation_finished" }]
        },

        //Variant 8
        "worry_start": {
          "animations": ["worry1"],
          "blend_transition": 0.2,
          "transitions": [{ "worry": "query.any_animation_finished" }]
        },
        "worry": {
          "animations": ["worry2"],
          "blend_transition": 0.2,
          "transitions": [{ "worry_end": "query.variant != 8" }]
        },
        "worry_end": {
          "animations": ["worry3"],
          "blend_transition": 0.2,
          "transitions": [{ "default": "query.any_animation_finished" }]
        },

        //Variant 9
        "reassure": {
          "animations": ["reassure"],
          "blend_transition": 0.2,
          "transitions": [{ "default": "query.variant != 9" }]
        },
        //Variant 10
        "thumbs_up_start": {
          "animations": ["thumbs_up1"],
          "blend_transition": 0.2,
          "transitions": [{ "thumbs_up": "query.any_animation_finished" }]
        },
        "thumbs_up": {
          "animations": ["thumbs_up2"],
          "blend_transition": 0.2,
          "transitions": [{ "thumbs_up_end": "query.variant != 10" }]
        },
        "thumbs_up_end": {
          "animations": ["thumbs_up3"],
          "blend_transition": 0.2,
          "transitions": [{ "default": "query.any_animation_finished" }]
        },

        //Variant 11
        "listen_chin_start": {
          "animations": ["listen_chin1"],
          "blend_transition": 0.2,
          "transitions": [{ "listen_chin": "query.any_animation_finished" }]
        },
        "listen_chin": {
          "animations": ["listen_chin2"],
          "blend_transition": 0.2,
          "transitions": [{ "listen_chin_end": "query.variant != 11" }]
        },
        "listen_chin_end": {
          "animations": ["listen_chin3"],
          "blend_transition": 0.2,
          "transitions": [{ "default": "query.any_animation_finished" }]
        }
      }
    }
  }
}
