{
  "format_version": "1.10.0",
  "animation_controllers": {
    "controller.animation.omnitrix.cycle": {
      "states": {
        "default": {
          "transitions": [
            { "fourarms": "query.variant == 0" },
            { "xlr8": "query.variant == 1" },
            { "rath": "query.variant == 2" },
            { "slapback": "query.variant == 3" },
            { "cannonbolt": "query.variant == 4" },
            { "humungousaur": "query.variant == 5" },
            { "shockrock": "query.variant == 6" },
            { "diamondhead": "query.variant == 7" },
            { "heatblast": "query.variant == 8" },
            { "jetray": "query.variant == 9" },
            { "quadsmack": "query.variant == 10" },
            { "rush": "query.variant == 11" },
            { "crystalfist": "query.variant == 12" }
          ]
        },
        "fourarms": {
          "animations": ["fourarms.anim"],
          "transitions": [{ "crystalfist": "query.variant == 12" }, { "xlr8": "query.variant == 1" }],
          "blend_transition": 0.25,
          "blend_via_shortest_path": true
        },
        "xlr8": {
          "animations": ["xlr8.anim"],
          "transitions": [{ "fourarms": "query.variant == 0" }, { "rath": "query.variant == 2" }],
          "blend_transition": 0.25,
          "blend_via_shortest_path": true
        },
        "rath": {
          "animations": ["rath.anim"],
          "transitions": [{ "xlr8": "query.variant == 1" }, { "slapback": "query.variant == 3" }],
          "blend_transition": 0.25,
          "blend_via_shortest_path": true
        },
        "slapback": {
          "animations": ["slapback.anim"],
          "transitions": [{ "rath": "query.variant == 2" }, { "cannonbolt": "query.variant == 4" }],
          "blend_transition": 0.25,
          "blend_via_shortest_path": true
        },
        "cannonbolt": {
          "animations": ["cannonbolt.anim"],
          "transitions": [{ "slapback": "query.variant == 3" }, { "humungousaur": "query.variant == 5" }],
          "blend_transition": 0.25,
          "blend_via_shortest_path": true
        },
        "humungousaur": {
          "animations": ["humungousaur.anim"],
          "transitions": [{ "cannonbolt": "query.variant == 4" }, { "shockrock": "query.variant == 6" }],
          "blend_transition": 0.25,
          "blend_via_shortest_path": true
        },
        "shockrock": {
          "animations": ["shockrock.anim"],
          "transitions": [{ "humungousaur": "query.variant == 5" }, { "diamondhead": "query.variant == 7" }],
          "blend_transition": 0.25,
          "blend_via_shortest_path": true
        },
        "diamondhead": {
          "animations": ["diamondhead.anim"],
          "transitions": [{ "shockrock": "query.variant == 6" }, { "heatblast": "query.variant == 8" }],
          "blend_transition": 0.25,
          "blend_via_shortest_path": true
        },
        "heatblast": {
          "animations": ["heatblast.anim"],
          "transitions": [{ "diamondhead": "query.variant == 7" }, { "jetray": "query.variant == 9" }],
          "blend_transition": 0.25,
          "blend_via_shortest_path": true
        },
        "jetray": {
          "animations": ["jetray.anim"],
          "transitions": [{ "heatblast": "query.variant == 8" }, { "quadsmack": "query.variant == 10" }],
          "blend_transition": 0.25,
          "blend_via_shortest_path": true
        },
        "quadsmack": {
          "animations": ["quadsmack.anim"],
          "transitions": [{ "jetray": "query.variant == 9" }, { "rush": "query.variant == 11" }],
          "blend_transition": 0.25,
          "blend_via_shortest_path": true
        },
        "rush": {
          "animations": ["rush.anim"],
          "transitions": [{ "quadsmack": "query.variant == 10" }, { "crystalfist": "query.variant == 12" }],
          "blend_transition": 0.25,
          "blend_via_shortest_path": true
        },
        "crystalfist": {
          "animations": ["crystalfist.anim"],
          "transitions": [{ "rush": "query.variant == 11" }, { "fourarms": "query.variant == 0" }],
          "blend_transition": 0.25,
          "blend_via_shortest_path": true
        }
      }
    },
    "controller.animation.omnitrix.select": {
      "states": {
        "default": { "transitions": [{ "selected": "query.is_sheared" }] },
        "selected": { "animations": ["select.anim"], "transitions": [{ "default": "!query.is_sheared" }] },
        "failed": { "animations": ["fail.anim"], "transitions": [{ "default": "!query.is_sheared" }] }
      }
    },
    "controller.animation.omnitrix.open_close": {
      "initial_state": "open",
      "states": {
        "open": {
          "animations": ["open.anim"],
          "transitions": [{ "close": "!variable.active" }]
        },
        "close": {
          "animations": ["close.anim"],
          "transitions": [{ "open": "variable.active" }]
        }
      }
    }
  }
}
