{
  "format_version": "1.10.0",
  "animation_controllers": {
    "controller.animation.player.root_first_person": {
      "initial_state": "first_person",
      "states": {
        "first_person": {
          "animations": [
            "first_person_swap_item",
            { "first_person_attack_controller": "variable.attack_time > 0.0 && query.get_equipped_item_name != 'map'" },
            "first_person_base_pose",
            { "first_person_empty_hand": "query.get_equipped_item_name(0, 1) != 'map'" },
            { "first_person_walk": "variable.bob_animation" },
            { "first_person_map_controller": "(query.get_equipped_item_name(0, 1) == 'map' || query.get_equipped_item_name('off_hand') == 'map')" },
            {
              "first_person_crossbow_equipped": "query.get_equipped_item_name == 'crossbow' && (variable.item_use_normalized > 0 && variable.item_use_normalized < 1.0)"
            }
          ]
        }
      }
    }
  }
}
