{
  "format_version": "1.10.0",
  "animation_controllers": {
    "controller.animation.portal.state": {
      "states": {
        "default": {
          "animations": ["start"],
          "transitions": [{ "idle": "query.any_animation_finished" }]
        },
        "idle": {
          "animations": ["idle"],
          "blend_transition": 0.2,
          "transitions": [{ "end": "query.is_chested" }]
        },
        "end": {
          "animations": ["end"],
          "blend_transition": 0.2
        }
      }
    }
  }
}
