{
  "format_version": "1.10.0",
  "animation_controllers": {
    "controller.animation.seismic_clap.basic": {
      "states": {
        "default": {
          "transitions": [{ "starting": "query.life_time > 0 && query.life_time <= 0.72" }, { "moving": "query.life_time > 0.72" }, { "destroy": "query.life_time >= 2.44" }]
        },
        "starting": {
          "animations": ["start.anim"],
          "transitions": [{ "destroy": "query.life_time >= 2.44" }, { "moving": "query.all_animations_finished" }]
        },
        "moving": { "animations": ["move.anim"], "transitions": [{ "destroy": "query.life_time >= 2.44" }] },
        "destroy": { "animations": ["destroy.anim"] }
      }
    }
  }
}
