{
  "format_version": "1.10.0",
  "animation_controllers": {
    "controller.animation.steam_mech.attack_melee": {
      "states": {
        "default": {
          "transitions": [{ "attacking": "variable.attack_time > 0.0 || query.is_delayed_attacking" }]
        },
        "attacking": {
          "transitions": [{ "melee1": "math.random_integer(0, 1) == 1" }, { "melee2": "(1.0)" }]
        },
        "melee1": {
          "animations": ["melee1"],
          "blend_transition": 0.1,
          "transitions": [{ "wait": "query.any_animation_finished" }]
        },
        "melee2": {
          "animations": ["melee2"],
          "blend_transition": 0.1,
          "transitions": [{ "wait": "query.any_animation_finished" }]
        },
        "wait": {
          "transitions": [{ "default": "!(variable.attack_time > 0.0 || query.is_delayed_attacking)" }]
        }
      }
    },
    "controller.animation.steam_smythe.emote": {
      "initial_state": "default",
      "states": {
        "default": {
          "blend_transition": 0.2,
          "transitions": [{ "explaingin.start": "query.variant == 1" }, { "tantrum": "query.variant == 2" }, { "giving_up": "query.variant == 3" }]
        },
        "explaingin.start": {
          "animations": ["explaingin.start"],
          "blend_transition": 0.2,
          "transitions": [{ "explaingin.loop": "query.any_animation_finished" }]
        },
        "explaingin.loop": {
          "animations": ["explaingin.loop"],
          "blend_transition": 0.2,
          "transitions": [{ "default": "query.variant != 1" }]
        },
        "tantrum": {
          "animations": ["tantrum"],
          "blend_transition": 0.2,
          "transitions": [{ "default": "query.variant != 2" }]
        },
        "giving_up": {
          "animations": ["giving_up"],
          "blend_transition": 0.2,
          "transitions": [{ "default": "query.variant != 3" }]
        }
      }
    }
  }
}
