{
  "format_version": "1.10.0",
  "animation_controllers": {
    "controller.animation.vilgax_drone.pose": {
      "initial_state": "closed",
      "states": {
        "closed": {
          "animations": ["pose_close"],
          "transitions": [{ "to_open": "query.distance_from_camera < 7" }]
        },
        "to_closed": {
          "animations": ["pose_to_close"],
          "transitions": [{ "closed": "query.any_animation_finished" }]
        },
        "to_open": {
          "animations": ["pose_to_open"],
          "transitions": [{ "open": "query.any_animation_finished" }]
        },
        "open": {
          "animations": ["pose_open"],
          "transitions": [{ "to_closed": "query.distance_from_camera >= 7" }]
        }
      }
    }
  }
}
