{
  "format_version": "1.10.0",
  "animation_controllers": {
    "controller.animation.wall": {
      "states": {
        "normal": {
          "transitions": [{ "melted": "query.is_chested" }]
        },
        "melted": {
          "animations": ["melt"],
          "blend_transition": 1,
          "transitions": [{ "normal": "!query.is_chested" }]
        }
      }
    },
    "controller.animation.rock_wall": {
      "states": {
        "default": {
          "transitions": [{ "half_destroyed": "query.variant == 1" }, { "full_destroyed": "query.variant == 2" }],
          "blend_transition": 0.1
        },
        "half_destroyed": {
          "animations": ["destroy_half"],
          "transitions": [{ "full_destroyed": "query.variant == 2" }],
          "blend_transition": 0.1
        },
        "full_destroyed": {
          "animations": ["destroy_full"],
          "blend_transition": 0.1
        }
      }
    }
  }
}
