{
  "format_version": "1.8.0",
  "minecraft:client_entity": {
    "description": {
      "identifier": "cn:bugs_bunny_glitched",
      "materials": {
        "default": "axolotl",
        "limbs": "axolotl_limbs"
      },
      "textures": {
        "blue": "textures/entity/pamobile/cn_bugs_bunny_glitched",
        "cyan": "textures/entity/pamobile/cn_bugs_bunny_glitched",
        "gold": "textures/entity/pamobile/cn_bugs_bunny_glitched",
        "lucy": "textures/entity/pamobile/cn_bugs_bunny_glitched",
        "wild": "textures/entity/pamobile/cn_bugs_bunny_glitched"
      },
      "geometry": {
        "default": "geometry.cn_bugs_bunny_glitched"
      },
      "animations": {
        "idle_float": "animation.cn_bugs_bunny_glitched.idle",
        "idle_floor": "animation.cn_bugs_bunny_glitched.idle",
        "idle_floor_water": "animation.cn_bugs_bunny_glitched.idle",
        "swim": "animation.cn_bugs_bunny_glitched.walk",
        "walk_floor": "animation.cn_bugs_bunny_glitched.walk",
        "walk_floor_water": "animation.cn_bugs_bunny_glitched.pose",
        "play_dead": "animation.cn_bugs_bunny_glitched.play_dead",
        "swim_angle": "animation.cn_bugs_bunny_glitched.swim_angle",
        "look_at_target": "animation.cn_bugs_bunny_glitched.look_at_target"
      },
      "scripts": {
        "pre_animation": [
          "variable.moving = query.ground_speed > 0 || query.vertical_speed > 0;",
          "variable.pitch = query.body_x_rotation;"
        ]
      },
      "animation_controllers": [
        {
          "general": "controller.animation.axolotl.general"
        },
        {
          "move": "controller.animation.axolotl.move"
        }
      ],
      "render_controllers": [
        "controller.render.axolotl"
      ],
      "spawn_egg": {
        "texture": "cn:bugs_bunny_glitched",
        "texture_index": 0
      }
    }
  }
}