{
  "format_version": "1.12.0",
  "minecraft:geometry": [
    {
      "description": {
        "identifier": "geometry.cn_bugs_bunny_glitched",
        "texture_width": 64,
        "texture_height": 64,
        "visible_bounds_width": 4,
        "visible_bounds_height": 3.5,
        "visible_bounds_offset": [
          0,
          1.25,
          0
        ]
      },
      "bones": [
        {
          "name": "bugs"
        },
        {
          "name": "body",
          "pivot": [
            0,
            13,
            0
          ],
          "cubes": [
            {
              "origin": [
                -3.0,
                13.0,
                -2.0
              ],
              "size": [
                6.0,
                10.0,
                4.0
              ],
              "uv": [
                0,
                0
              ],
              "inflate": 0
            },
            {
              "origin": [
                -1.5,
                23.0,
                -1.0
              ],
              "size": [
                3.0,
                1.0,
                2.0
              ],
              "uv": [
                26,
                11
              ],
              "inflate": 0
            },
            {
              "origin": [
                -1.0,
                13.0,
                2.0
              ],
              "size": [
                2.0,
                2.0,
                2.0
              ],
              "uv": [
                24,
                31
              ],
              "inflate": 0.3
            }
          ],
          "parent": "bugs"
        },
        {
          "name": "leftarm",
          "pivot": [
            3,
            22,
            0
          ],
          "cubes": [
            {
              "origin": [
                3.0,
                21.0,
                -1.0
              ],
              "size": [
                5.0,
                2.0,
                2.0
              ],
              "uv": [
                28,
                27
              ],
              "inflate": 0
            }
          ],
          "parent": "body"
        },
        {
          "name": "bone3",
          "pivot": [
            8,
            22,
            0
          ],
          "cubes": [
            {
              "origin": [
                8.0,
                21.0,
                -1.0
              ],
              "size": [
                6.0,
                2.0,
                2.0
              ],
              "uv": [
                14,
                25
              ],
              "inflate": 0
            }
          ],
          "parent": "leftarm"
        },
        {
          "name": "gloves",
          "pivot": [
            14,
            22,
            0
          ],
          "cubes": [
            {
              "origin": [
                14.0,
                20.5,
                -1.5
              ],
              "size": [
                1.0,
                3.0,
                3.0
              ],
              "uv": [
                16,
                29
              ],
              "inflate": 0
            },
            {
              "origin": [
                15.0,
                21.0,
                -2.0
              ],
              "size": [
                3.0,
                2.0,
                4.0
              ],
              "uv": [
                0,
                23
              ],
              "inflate": 0
            }
          ],
          "parent": "bone3"
        },
        {
          "name": "bone27",
          "pivot": [
            17,
            21,
            -1
          ],
          "cubes": [
            {
              "origin": [
                16.0,
                19.0,
                -4.0
              ],
              "size": [
                2.0,
                2.0,
                7.0
              ],
              "uv": [
                13,
                16
              ],
              "inflate": 0
            }
          ],
          "parent": "gloves"
        },
        {
          "name": "bone5",
          "pivot": [
            18,
            22,
            -1
          ],
          "cubes": [
            {
              "origin": [
                18.0,
                21.0,
                -2.0
              ],
              "size": [
                2.0,
                1.0,
                1.0
              ],
              "uv": [
                33,
                36
              ],
              "inflate": 0
            }
          ],
          "parent": "gloves"
        },
        {
          "name": "bone6",
          "pivot": [
            20,
            22,
            -1
          ],
          "cubes": [
            {
              "origin": [
                20.0,
                21.0,
                -2.0
              ],
              "size": [
                2.0,
                1.0,
                1.0
              ],
              "uv": [
                36,
                2
              ],
              "inflate": 0
            }
          ],
          "parent": "bone5"
        },
        {
          "name": "bone9",
          "pivot": [
            18,
            22,
            0
          ],
          "cubes": [
            {
              "origin": [
                18.0,
                21.0,
                -0.5
              ],
              "size": [
                2.0,
                1.0,
                1.0
              ],
              "uv": [
                36,
                0
              ],
              "inflate": 0
            }
          ],
          "parent": "gloves"
        },
        {
          "name": "bone10",
          "pivot": [
            20,
            22,
            1
          ],
          "cubes": [
            {
              "origin": [
                20.0,
                21.0,
                -0.5
              ],
              "size": [
                2.0,
                1.0,
                1.0
              ],
              "uv": [
                21,
                29
              ],
              "inflate": 0
            }
          ],
          "parent": "bone9"
        },
        {
          "name": "bone7",
          "pivot": [
            18,
            22,
            1
          ],
          "cubes": [
            {
              "origin": [
                18.0,
                21.0,
                1.0
              ],
              "size": [
                2.0,
                1.0,
                1.0
              ],
              "uv": [
                10,
                25
              ],
              "inflate": 0
            }
          ],
          "parent": "gloves"
        },
        {
          "name": "bone8",
          "pivot": [
            20,
            22,
            2
          ],
          "cubes": [
            {
              "origin": [
                20.0,
                21.0,
                1.0
              ],
              "size": [
                2.0,
                1.0,
                1.0
              ],
              "uv": [
                0,
                19
              ],
              "inflate": 0
            }
          ],
          "parent": "bone7"
        },
        {
          "name": "bone4",
          "pivot": [
            15,
            21,
            -2
          ],
          "cubes": [
            {
              "origin": [
                15.0,
                21.0,
                -5.0
              ],
              "size": [
                1.0,
                1.0,
                3.0
              ],
              "uv": [
                16,
                0
              ],
              "inflate": 0
            }
          ],
          "parent": "gloves"
        },
        {
          "name": "leftarm2",
          "pivot": [
            -3,
            22,
            0
          ],
          "cubes": [
            {
              "origin": [
                -8.0,
                21.0,
                -1.0
              ],
              "size": [
                5.0,
                2.0,
                2.0
              ],
              "uv": [
                28,
                27
              ],
              "inflate": 0
            }
          ],
          "parent": "body"
        },
        {
          "name": "bone19",
          "pivot": [
            -8,
            22,
            0
          ],
          "cubes": [
            {
              "origin": [
                -14.0,
                21.0,
                -1.0
              ],
              "size": [
                6.0,
                2.0,
                2.0
              ],
              "uv": [
                14,
                25
              ],
              "inflate": 0
            }
          ],
          "parent": "leftarm2"
        },
        {
          "name": "gloves2",
          "pivot": [
            -14,
            22,
            0
          ],
          "cubes": [
            {
              "origin": [
                -14.0,
                20.5,
                -1.5
              ],
              "size": [
                1.0,
                3.0,
                3.0
              ],
              "uv": [
                16,
                29
              ],
              "inflate": 0
            },
            {
              "origin": [
                -13.0,
                21.0,
                -2.0
              ],
              "size": [
                3.0,
                2.0,
                4.0
              ],
              "uv": [
                0,
                23
              ],
              "inflate": 0
            }
          ],
          "parent": "bone19",
          "rotation": [
            0,
            180,
            0
          ]
        },
        {
          "name": "bone20",
          "pivot": [
            -10,
            22,
            -1
          ],
          "cubes": [
            {
              "origin": [
                -10.0,
                21.0,
                -2.0
              ],
              "size": [
                2.0,
                1.0,
                1.0
              ],
              "uv": [
                33,
                36
              ],
              "inflate": 0
            }
          ],
          "parent": "gloves2"
        },
        {
          "name": "bone21",
          "pivot": [
            -8,
            22,
            -1
          ],
          "cubes": [
            {
              "origin": [
                -8.0,
                21.0,
                -2.0
              ],
              "size": [
                2.0,
                1.0,
                1.0
              ],
              "uv": [
                36,
                2
              ],
              "inflate": 0
            }
          ],
          "parent": "bone20"
        },
        {
          "name": "bone22",
          "pivot": [
            -10,
            22,
            0
          ],
          "cubes": [
            {
              "origin": [
                -10.0,
                21.0,
                -0.5
              ],
              "size": [
                2.0,
                1.0,
                1.0
              ],
              "uv": [
                36,
                0
              ],
              "inflate": 0
            }
          ],
          "parent": "gloves2"
        },
        {
          "name": "bone23",
          "pivot": [
            -8,
            22,
            1
          ],
          "cubes": [
            {
              "origin": [
                -8.0,
                21.0,
                -0.5
              ],
              "size": [
                2.0,
                1.0,
                1.0
              ],
              "uv": [
                21,
                29
              ],
              "inflate": 0
            }
          ],
          "parent": "bone22"
        },
        {
          "name": "bone24",
          "pivot": [
            -10,
            22,
            1
          ],
          "cubes": [
            {
              "origin": [
                -10.0,
                21.0,
                1.0
              ],
              "size": [
                2.0,
                1.0,
                1.0
              ],
              "uv": [
                10,
                25
              ],
              "inflate": 0
            }
          ],
          "parent": "gloves2"
        },
        {
          "name": "bone25",
          "pivot": [
            -8,
            22,
            2
          ],
          "cubes": [
            {
              "origin": [
                -8.0,
                21.0,
                1.0
              ],
              "size": [
                2.0,
                1.0,
                1.0
              ],
              "uv": [
                0,
                19
              ],
              "inflate": 0
            }
          ],
          "parent": "bone24"
        },
        {
          "name": "bone26",
          "pivot": [
            -13,
            21,
            2
          ],
          "cubes": [
            {
              "origin": [
                -13.0,
                21.0,
                2.0
              ],
              "size": [
                1.0,
                1.0,
                3.0
              ],
              "uv": [
                16,
                0
              ],
              "inflate": 0
            }
          ],
          "parent": "gloves2"
        },
        {
          "name": "head",
          "pivot": [
            0,
            24,
            0
          ],
          "cubes": [
            {
              "origin": [
                -3.0,
                24.0,
                -2.0
              ],
              "size": [
                6.0,
                2.0,
                4.0
              ],
              "uv": [
                20,
                0
              ],
              "inflate": 0
            },
            {
              "origin": [
                -0.5,
                24.5,
                -2.0
              ],
              "size": [
                1.0,
                1.0,
                1.0
              ],
              "pivot": [
                0.0,
                25.5,
                -2.0
              ],
              "rotation": [
                -15.0,
                0.0,
                0.0
              ],
              "uv": [
                0,
                0
              ],
              "inflate": 0
            },
            {
              "origin": [
                2.0,
                24.0,
                -2.0
              ],
              "size": [
                3.0,
                2.0,
                0.0
              ],
              "pivot": [
                0.0,
                25.0,
                -2.0
              ],
              "rotation": [
                -0.87038,
                4.92385,
                -10.03742
              ],
              "uv": [
                0,
                37
              ],
              "inflate": 0
            },
            {
              "origin": [
                2.0,
                24.0,
                -2.0
              ],
              "size": [
                3.0,
                2.0,
                0.0
              ],
              "pivot": [
                0.0,
                25.0,
                -2.0
              ],
              "rotation": [
                -178.62772,
                4.6295,
                -172.32133
              ],
              "uv": [
                0,
                37
              ],
              "inflate": 0
            },
            {
              "origin": [
                -2.5,
                26.0,
                -2.0
              ],
              "size": [
                5.0,
                3.0,
                4.0
              ],
              "uv": [
                24,
                16
              ],
              "inflate": 0
            }
          ],
          "parent": "body"
        },
        {
          "name": "bone16",
          "pivot": [
            0,
            24,
            -2
          ],
          "cubes": [
            {
              "origin": [
                -2.0,
                22.0,
                -2.1
              ],
              "size": [
                4.0,
                4.0,
                0.0
              ],
              "uv": [
                31,
                23
              ],
              "inflate": 0
            }
          ],
          "parent": "head"
        },
        {
          "name": "leftear",
          "pivot": [
            1,
            29,
            0
          ],
          "cubes": [
            {
              "origin": [
                0.5,
                29.0,
                -1.0
              ],
              "size": [
                2.0,
                4.0,
                1.0
              ],
              "uv": [
                15,
                35
              ],
              "inflate": 0
            },
            {
              "origin": [
                0.5,
                33.0,
                -1.0
              ],
              "size": [
                2.0,
                4.0,
                1.0
              ],
              "pivot": [
                1.0,
                33.0,
                0.0
              ],
              "rotation": [
                30.0,
                0.0,
                0.0
              ],
              "uv": [
                32,
                31
              ],
              "inflate": 0
            }
          ],
          "parent": "head",
          "rotation": [
            0,
            -17.5,
            0
          ]
        },
        {
          "name": "rightear",
          "pivot": [
            -1,
            29,
            0
          ],
          "cubes": [
            {
              "origin": [
                -2.5,
                29.0,
                -1.0
              ],
              "size": [
                2.0,
                4.0,
                1.0
              ],
              "uv": [
                13,
                16
              ],
              "inflate": 0
            },
            {
              "origin": [
                -2.5,
                33.0,
                -1.0
              ],
              "size": [
                2.0,
                4.0,
                1.0
              ],
              "pivot": [
                -2.0,
                33.0,
                0.0
              ],
              "rotation": [
                30.0,
                0.0,
                0.0
              ],
              "uv": [
                0,
                14
              ],
              "inflate": 0
            }
          ],
          "parent": "head",
          "rotation": [
            0,
            25,
            0
          ]
        },
        {
          "name": "leftleg",
          "pivot": [
            2,
            13,
            0
          ],
          "cubes": [
            {
              "origin": [
                1.0,
                8.0,
                -1.0
              ],
              "size": [
                2.0,
                5.0,
                2.0
              ],
              "uv": [
                8,
                29
              ],
              "inflate": 0
            }
          ],
          "parent": "bugs"
        },
        {
          "name": "bone",
          "pivot": [
            2,
            8,
            0
          ],
          "cubes": [
            {
              "origin": [
                1.0,
                2.0,
                -1.0
              ],
              "size": [
                2.0,
                6.0,
                2.0
              ],
              "uv": [
                0,
                29
              ],
              "inflate": 0
            }
          ],
          "parent": "leftleg"
        },
        {
          "name": "bone2",
          "pivot": [
            2,
            2,
            0
          ],
          "cubes": [
            {
              "origin": [
                0.5,
                0.0,
                -6.0
              ],
              "size": [
                3.0,
                2.0,
                7.0
              ],
              "pivot": [
                2.0,
                2.0,
                0.0
              ],
              "rotation": [
                0.0,
                7.5,
                0.0
              ],
              "uv": [
                0,
                14
              ],
              "inflate": 0
            },
            {
              "origin": [
                0.5,
                0.0,
                -6.0
              ],
              "size": [
                3.0,
                2.0,
                7.0
              ],
              "pivot": [
                2.0,
                2.0,
                0.0
              ],
              "rotation": [
                0.0,
                -10.0,
                0.0
              ],
              "uv": [
                13,
                7
              ],
              "inflate": 0
            },
            {
              "origin": [
                -0.4,
                0.0,
                -7.0
              ],
              "size": [
                5.0,
                3.0,
                2.0
              ],
              "uv": [
                26,
                6
              ],
              "inflate": 0
            }
          ],
          "parent": "bone"
        },
        {
          "name": "rightleg",
          "pivot": [
            -2,
            13,
            0
          ],
          "cubes": [
            {
              "origin": [
                -3.0,
                8.0,
                -1.0
              ],
              "size": [
                2.0,
                5.0,
                2.0
              ],
              "uv": [
                8,
                29
              ],
              "inflate": 0
            }
          ],
          "parent": "bugs"
        },
        {
          "name": "bone17",
          "pivot": [
            -2,
            8,
            0
          ],
          "cubes": [
            {
              "origin": [
                -3.0,
                2.0,
                -1.0
              ],
              "size": [
                2.0,
                6.0,
                2.0
              ],
              "uv": [
                0,
                29
              ],
              "inflate": 0
            }
          ],
          "parent": "rightleg"
        },
        {
          "name": "bone18",
          "pivot": [
            -2,
            2,
            0
          ],
          "cubes": [
            {
              "origin": [
                -3.5,
                0.0,
                -6.0
              ],
              "size": [
                3.0,
                2.0,
                7.0
              ],
              "pivot": [
                -2.0,
                2.0,
                0.0
              ],
              "rotation": [
                0.0,
                7.5,
                0.0
              ],
              "uv": [
                0,
                14
              ],
              "inflate": 0
            },
            {
              "origin": [
                -3.5,
                0.0,
                -6.0
              ],
              "size": [
                3.0,
                2.0,
                7.0
              ],
              "pivot": [
                -2.0,
                2.0,
                0.0
              ],
              "rotation": [
                0.0,
                -10.0,
                0.0
              ],
              "uv": [
                13,
                7
              ],
              "inflate": 0
            },
            {
              "origin": [
                -4.4,
                0.0,
                -7.0
              ],
              "size": [
                5.0,
                3.0,
                2.0
              ],
              "uv": [
                26,
                6
              ],
              "inflate": 0
            }
          ],
          "parent": "bone17"
        },
        {
          "name": "GLITCH",
          "pivot": [
            8,
            0,
            0
          ],
          "parent": "bugs"
        },
        {
          "name": "bone11",
          "pivot": [
            8,
            0,
            0
          ],
          "cubes": [
            {
              "origin": [
                7.0,
                0.0,
                0.0
              ],
              "size": [
                3.0,
                1.0,
                1.0
              ],
              "uv": [
                21,
                35
              ],
              "inflate": 0
            }
          ],
          "parent": "GLITCH"
        },
        {
          "name": "bone12",
          "pivot": [
            8,
            0,
            -2
          ],
          "cubes": [
            {
              "origin": [
                7.0,
                0.0,
                -2.0
              ],
              "size": [
                3.0,
                1.0,
                1.0
              ],
              "uv": [
                34,
                11
              ],
              "inflate": 0
            }
          ],
          "parent": "GLITCH"
        },
        {
          "name": "bone13",
          "pivot": [
            8,
            0,
            -4
          ],
          "cubes": [
            {
              "origin": [
                7.0,
                0.0,
                -4.0
              ],
              "size": [
                3.0,
                1.0,
                1.0
              ],
              "uv": [
                33,
                14
              ],
              "inflate": 0
            }
          ],
          "parent": "GLITCH"
        },
        {
          "name": "bone14",
          "pivot": [
            8,
            0,
            2
          ],
          "cubes": [
            {
              "origin": [
                7.0,
                0.0,
                2.0
              ],
              "size": [
                1.0,
                4.0,
                1.0
              ],
              "uv": [
                7,
                36
              ],
              "inflate": 0
            }
          ],
          "parent": "GLITCH"
        },
        {
          "name": "bone15",
          "pivot": [
            8,
            0,
            -6
          ],
          "cubes": [
            {
              "origin": [
                7.0,
                0.0,
                -6.0
              ],
              "size": [
                1.0,
                4.0,
                1.0
              ],
              "uv": [
                29,
                35
              ],
              "inflate": 0
            }
          ],
          "parent": "GLITCH"
        },
        {
          "name": "GLITCH2",
          "pivot": [
            -9,
            0,
            0
          ],
          "parent": "bugs"
        },
        {
          "name": "bone28",
          "pivot": [
            -9,
            0,
            0
          ],
          "cubes": [
            {
              "origin": [
                -10.0,
                0.0,
                0.0
              ],
              "size": [
                3.0,
                1.0,
                1.0
              ],
              "uv": [
                21,
                35
              ],
              "inflate": 0
            }
          ],
          "parent": "GLITCH2"
        },
        {
          "name": "bone29",
          "pivot": [
            -9,
            0,
            -2
          ],
          "cubes": [
            {
              "origin": [
                -10.0,
                0.0,
                -2.0
              ],
              "size": [
                3.0,
                1.0,
                1.0
              ],
              "uv": [
                34,
                11
              ],
              "inflate": 0
            }
          ],
          "parent": "GLITCH2"
        },
        {
          "name": "bone30",
          "pivot": [
            -9,
            0,
            -4
          ],
          "cubes": [
            {
              "origin": [
                -10.0,
                0.0,
                -4.0
              ],
              "size": [
                3.0,
                1.0,
                1.0
              ],
              "uv": [
                33,
                14
              ],
              "inflate": 0
            }
          ],
          "parent": "GLITCH2"
        },
        {
          "name": "bone31",
          "pivot": [
            -9,
            0,
            2
          ],
          "cubes": [
            {
              "origin": [
                -10.0,
                0.0,
                2.0
              ],
              "size": [
                1.0,
                4.0,
                1.0
              ],
              "uv": [
                7,
                36
              ],
              "inflate": 0
            }
          ],
          "parent": "GLITCH2"
        },
        {
          "name": "bone32",
          "pivot": [
            -9,
            0,
            -6
          ],
          "cubes": [
            {
              "origin": [
                -10.0,
                0.0,
                -6.0
              ],
              "size": [
                1.0,
                4.0,
                1.0
              ],
              "uv": [
                29,
                35
              ],
              "inflate": 0
            }
          ],
          "parent": "GLITCH2"
        }
      ]
    }
  ]
}