{
  "format_version": "1.12.0",
  "minecraft:geometry": [
    {
      "description": {
        "identifier": "geometry.cn_finn_glitch",
        "texture_width": 128,
        "texture_height": 128,
        "visible_bounds_width": 3,
        "visible_bounds_height": 3.5,
        "visible_bounds_offset": [
          0,
          1.25,
          0
        ]
      },
      "bones": [
        {
          "name": "retro"
        },
        {
          "name": "body",
          "pivot": [
            0,
            16,
            0
          ],
          "cubes": [
            {
              "origin": [
                -4.0,
                16.0,
                -3.0
              ],
              "size": [
                8.0,
                12.0,
                5.0
              ],
              "uv": [
                26,
                24
              ],
              "inflate": 0
            },
            {
              "origin": [
                -4.0,
                20.0,
                -3.0
              ],
              "size": [
                4.0,
                6.0,
                0.0
              ],
              "uv": [
                44,
                56
              ],
              "inflate": 0
            },
            {
              "origin": [
                -5.0,
                19.0,
                -2.0
              ],
              "size": [
                10.0,
                9.0,
                7.0
              ],
              "uv": [
                24,
                0
              ],
              "inflate": 0
            }
          ],
          "parent": "retro"
        },
        {
          "name": "leftarm",
          "pivot": [
            5.5,
            27,
            0.5
          ],
          "cubes": [
            {
              "origin": [
                4.0,
                22.0,
                -1.0
              ],
              "size": [
                3.0,
                5.0,
                3.0
              ],
              "uv": [
                47,
                41
              ],
              "inflate": 0
            },
            {
              "origin": [
                4.5,
                17.0,
                -0.5
              ],
              "size": [
                2.0,
                5.0,
                2.0
              ],
              "uv": [
                12,
                13
              ],
              "inflate": 0
            }
          ],
          "parent": "body"
        },
        {
          "name": "bone",
          "pivot": [
            5.5,
            17,
            0.5
          ],
          "cubes": [
            {
              "origin": [
                4.5,
                12.0,
                -0.5
              ],
              "size": [
                2.0,
                5.0,
                2.0
              ],
              "uv": [
                11,
                0
              ],
              "inflate": 0
            }
          ],
          "parent": "leftarm"
        },
        {
          "name": "bone2",
          "pivot": [
            5.5,
            12,
            0.5
          ],
          "cubes": [
            {
              "origin": [
                4.5,
                9.0,
                -1.5
              ],
              "size": [
                2.0,
                3.0,
                4.0
              ],
              "uv": [
                51,
                0
              ],
              "inflate": 0
            }
          ],
          "parent": "bone"
        },
        {
          "name": "bone9",
          "pivot": [
            5.5,
            11.5,
            -1.5
          ],
          "cubes": [
            {
              "origin": [
                5.0,
                11.0,
                -4.5
              ],
              "size": [
                1.0,
                1.0,
                3.0
              ],
              "uv": [
                10,
                44
              ],
              "inflate": 0
            }
          ],
          "parent": "bone2"
        },
        {
          "name": "sword",
          "pivot": [
            4.5,
            10,
            0.5
          ],
          "cubes": [
            {
              "origin": [
                2.8,
                9.0,
                -3.5
              ],
              "size": [
                2.0,
                2.0,
                7.0
              ],
              "uv": [
                0,
                0
              ],
              "inflate": -0.2
            },
            {
              "origin": [
                2.8,
                8.0,
                -24.5
              ],
              "size": [
                2.0,
                4.0,
                20.0
              ],
              "uv": [
                0,
                0
              ],
              "inflate": -0.2
            },
            {
              "origin": [
                2.8,
                6.0,
                -5.0
              ],
              "size": [
                2.0,
                8.0,
                2.0
              ],
              "uv": [
                0,
                50
              ],
              "inflate": -0.2
            },
            {
              "origin": [
                2.8,
                8.0,
                3.0
              ],
              "size": [
                2.0,
                4.0,
                4.0
              ],
              "uv": [
                10,
                49
              ],
              "inflate": -0.2
            }
          ],
          "parent": "bone2"
        },
        {
          "name": "bone25",
          "pivot": [
            4,
            12,
            -14.5
          ],
          "cubes": [
            {
              "origin": [
                3.8,
                11.5,
                -21.5
              ],
              "size": [
                0.0,
                20.0,
                13.0
              ],
              "uv": [
                0,
                11
              ],
              "inflate": 0
            }
          ],
          "parent": "sword"
        },
        {
          "name": "bone3",
          "pivot": [
            5.5,
            9,
            2
          ],
          "cubes": [
            {
              "origin": [
                5.0,
                7.0,
                1.5
              ],
              "size": [
                1.0,
                2.0,
                1.0
              ],
              "uv": [
                0,
                4
              ],
              "inflate": 0
            }
          ],
          "parent": "bone2"
        },
        {
          "name": "bone4",
          "pivot": [
            5.5,
            7,
            2
          ],
          "cubes": [
            {
              "origin": [
                5.0,
                5.0,
                1.5
              ],
              "size": [
                1.0,
                2.0,
                1.0
              ],
              "uv": [
                0,
                4
              ],
              "inflate": 0
            }
          ],
          "parent": "bone3"
        },
        {
          "name": "bone5",
          "pivot": [
            5.5,
            9,
            -1
          ],
          "cubes": [
            {
              "origin": [
                5.0,
                7.0,
                -1.5
              ],
              "size": [
                1.0,
                2.0,
                1.0
              ],
              "uv": [
                0,
                4
              ],
              "inflate": 0
            }
          ],
          "parent": "bone2"
        },
        {
          "name": "bone6",
          "pivot": [
            5.5,
            7,
            -1
          ],
          "cubes": [
            {
              "origin": [
                5.0,
                5.0,
                -1.5
              ],
              "size": [
                1.0,
                2.0,
                1.0
              ],
              "uv": [
                0,
                4
              ],
              "inflate": 0
            }
          ],
          "parent": "bone5"
        },
        {
          "name": "bone7",
          "pivot": [
            5.5,
            9,
            0
          ],
          "cubes": [
            {
              "origin": [
                5.0,
                7.0,
                0.0
              ],
              "size": [
                1.0,
                2.0,
                1.0
              ],
              "uv": [
                24,
                0
              ],
              "inflate": 0
            }
          ],
          "parent": "bone2"
        },
        {
          "name": "bone8",
          "pivot": [
            5.5,
            7,
            0
          ],
          "cubes": [
            {
              "origin": [
                5.0,
                5.0,
                0.0
              ],
              "size": [
                1.0,
                2.0,
                1.0
              ],
              "uv": [
                0,
                4
              ],
              "inflate": 0
            }
          ],
          "parent": "bone7"
        },
        {
          "name": "rightarm",
          "pivot": [
            -4.5,
            27,
            0.5
          ],
          "cubes": [
            {
              "origin": [
                -6.0,
                22.0,
                -1.0
              ],
              "size": [
                3.0,
                5.0,
                3.0
              ],
              "uv": [
                47,
                41
              ],
              "inflate": 0
            },
            {
              "origin": [
                -5.5,
                17.0,
                -0.5
              ],
              "size": [
                2.0,
                5.0,
                2.0
              ],
              "uv": [
                11,
                0
              ],
              "inflate": 0
            }
          ],
          "parent": "body"
        },
        {
          "name": "bone10",
          "pivot": [
            -4.5,
            17,
            0.5
          ],
          "cubes": [
            {
              "origin": [
                -5.5,
                12.0,
                -0.5
              ],
              "size": [
                2.0,
                5.0,
                2.0
              ],
              "uv": [
                12,
                13
              ],
              "inflate": 0
            }
          ],
          "parent": "rightarm"
        },
        {
          "name": "bone11",
          "pivot": [
            -4.5,
            12,
            0.5
          ],
          "cubes": [
            {
              "origin": [
                -5.5,
                9.0,
                -1.5
              ],
              "size": [
                2.0,
                3.0,
                4.0
              ],
              "uv": [
                51,
                0
              ],
              "inflate": 0
            }
          ],
          "parent": "bone10"
        },
        {
          "name": "bone12",
          "pivot": [
            -4.5,
            11.5,
            -1.5
          ],
          "cubes": [
            {
              "origin": [
                -5.0,
                11.0,
                -4.5
              ],
              "size": [
                1.0,
                1.0,
                3.0
              ],
              "uv": [
                10,
                44
              ],
              "inflate": 0
            }
          ],
          "parent": "bone11"
        },
        {
          "name": "bone13",
          "pivot": [
            -4.5,
            9,
            2
          ],
          "cubes": [
            {
              "origin": [
                -5.0,
                7.0,
                1.5
              ],
              "size": [
                1.0,
                2.0,
                1.0
              ],
              "uv": [
                0,
                4
              ],
              "inflate": 0
            }
          ],
          "parent": "bone11"
        },
        {
          "name": "bone14",
          "pivot": [
            -4.5,
            7,
            2
          ],
          "cubes": [
            {
              "origin": [
                -5.0,
                5.0,
                1.5
              ],
              "size": [
                1.0,
                2.0,
                1.0
              ],
              "uv": [
                0,
                4
              ],
              "inflate": 0
            }
          ],
          "parent": "bone13"
        },
        {
          "name": "bone15",
          "pivot": [
            -4.5,
            9,
            -1
          ],
          "cubes": [
            {
              "origin": [
                -5.0,
                7.0,
                -1.5
              ],
              "size": [
                1.0,
                2.0,
                1.0
              ],
              "uv": [
                14,
                9
              ],
              "inflate": 0
            }
          ],
          "parent": "bone11"
        },
        {
          "name": "bone16",
          "pivot": [
            -4.5,
            7,
            -1
          ],
          "cubes": [
            {
              "origin": [
                -5.0,
                5.0,
                -1.5
              ],
              "size": [
                1.0,
                2.0,
                1.0
              ],
              "uv": [
                0,
                4
              ],
              "inflate": 0
            }
          ],
          "parent": "bone15"
        },
        {
          "name": "bone17",
          "pivot": [
            -4.5,
            9,
            0
          ],
          "cubes": [
            {
              "origin": [
                -5.0,
                7.0,
                0.0
              ],
              "size": [
                1.0,
                2.0,
                1.0
              ],
              "uv": [
                0,
                4
              ],
              "inflate": 0
            }
          ],
          "parent": "bone11"
        },
        {
          "name": "bone18",
          "pivot": [
            -4.5,
            7,
            0
          ],
          "cubes": [
            {
              "origin": [
                -5.0,
                5.0,
                0.0
              ],
              "size": [
                1.0,
                2.0,
                1.0
              ],
              "uv": [
                0,
                4
              ],
              "inflate": 0
            }
          ],
          "parent": "bone17"
        },
        {
          "name": "head",
          "pivot": [
            0,
            28,
            -1
          ],
          "cubes": [
            {
              "origin": [
                -4.0,
                28.0,
                -3.0
              ],
              "size": [
                8.0,
                7.0,
                5.0
              ],
              "uv": [
                21,
                41
              ],
              "inflate": 0
            },
            {
              "origin": [
                2.0,
                35.0,
                -2.0
              ],
              "size": [
                2.0,
                3.0,
                3.0
              ],
              "uv": [
                52,
                29
              ],
              "inflate": 0
            },
            {
              "origin": [
                -4.0,
                35.0,
                -2.0
              ],
              "size": [
                2.0,
                3.0,
                3.0
              ],
              "uv": [
                52,
                35
              ],
              "inflate": 0
            },
            {
              "origin": [
                -3.0,
                29.0,
                -3.3
              ],
              "size": [
                6.0,
                5.0,
                1.0
              ],
              "uv": [
                0,
                9
              ],
              "inflate": 0.3
            }
          ],
          "parent": "body"
        },
        {
          "name": "bone24",
          "pivot": [
            0,
            29,
            -3.6
          ],
          "cubes": [
            {
              "origin": [
                -2.0,
                24.0,
                -3.6
              ],
              "size": [
                4.0,
                5.0,
                0.0
              ],
              "uv": [
                8,
                57
              ],
              "inflate": 0
            }
          ],
          "parent": "head"
        },
        {
          "name": "bone21",
          "pivot": [
            0,
            33,
            -4
          ],
          "cubes": [
            {
              "origin": [
                -3.0,
                31.0,
                -3.8
              ],
              "size": [
                6.0,
                3.0,
                0.0
              ],
              "uv": [
                22,
                56
              ],
              "inflate": 0
            }
          ],
          "parent": "head"
        },
        {
          "name": "bone26",
          "pivot": [
            0,
            33,
            -6
          ],
          "cubes": [
            {
              "origin": [
                -3.0,
                31.0,
                -5.8
              ],
              "size": [
                6.0,
                3.0,
                0.0
              ],
              "uv": [
                59,
                0
              ],
              "inflate": 0
            }
          ],
          "parent": "head"
        },
        {
          "name": "bone22",
          "pivot": [
            0,
            36,
            -4
          ],
          "cubes": [
            {
              "origin": [
                -3.0,
                34.0,
                -3.8
              ],
              "size": [
                6.0,
                3.0,
                0.0
              ],
              "uv": [
                22,
                53
              ],
              "inflate": 0
            }
          ],
          "parent": "head"
        },
        {
          "name": "bone23",
          "pivot": [
            0,
            39,
            -4
          ],
          "cubes": [
            {
              "origin": [
                -3.0,
                37.0,
                -3.8
              ],
              "size": [
                6.0,
                3.0,
                0.0
              ],
              "uv": [
                33,
                16
              ],
              "inflate": 0
            }
          ],
          "parent": "head"
        },
        {
          "name": "leftleg",
          "pivot": [
            2.5,
            16,
            -0.5
          ],
          "cubes": [
            {
              "origin": [
                1.0,
                12.0,
                -2.0
              ],
              "size": [
                3.0,
                4.0,
                3.0
              ],
              "uv": [
                47,
                49
              ],
              "inflate": 0
            },
            {
              "origin": [
                1.5,
                8.0,
                -1.5
              ],
              "size": [
                2.0,
                4.0,
                2.0
              ],
              "uv": [
                52,
                56
              ],
              "inflate": 0
            }
          ],
          "parent": "retro"
        },
        {
          "name": "bone19",
          "pivot": [
            2.5,
            8,
            -0.5
          ],
          "cubes": [
            {
              "origin": [
                1.5,
                3.0,
                -1.5
              ],
              "size": [
                2.0,
                5.0,
                2.0
              ],
              "uv": [
                11,
                0
              ],
              "inflate": 0
            },
            {
              "origin": [
                1.0,
                0.0,
                -3.0
              ],
              "size": [
                3.0,
                2.0,
                4.0
              ],
              "uv": [
                44,
                16
              ],
              "inflate": 0
            },
            {
              "origin": [
                1.0,
                0.0,
                -5.0
              ],
              "size": [
                3.0,
                3.0,
                2.0
              ],
              "uv": [
                56,
                14
              ],
              "inflate": 0
            },
            {
              "origin": [
                1.0,
                2.0,
                -2.0
              ],
              "size": [
                3.0,
                1.0,
                3.0
              ],
              "uv": [
                24,
                16
              ],
              "inflate": 0
            }
          ],
          "parent": "leftleg"
        },
        {
          "name": "rightleg",
          "pivot": [
            -2.5,
            16,
            -0.5
          ],
          "cubes": [
            {
              "origin": [
                -4.0,
                12.0,
                -2.0
              ],
              "size": [
                3.0,
                4.0,
                3.0
              ],
              "uv": [
                47,
                22
              ],
              "inflate": 0
            },
            {
              "origin": [
                -3.5,
                8.0,
                -1.5
              ],
              "size": [
                2.0,
                4.0,
                2.0
              ],
              "uv": [
                52,
                56
              ],
              "inflate": 0
            }
          ],
          "parent": "retro"
        },
        {
          "name": "bone20",
          "pivot": [
            -2.5,
            8,
            -0.5
          ],
          "cubes": [
            {
              "origin": [
                -3.5,
                3.0,
                -1.5
              ],
              "size": [
                2.0,
                5.0,
                2.0
              ],
              "uv": [
                11,
                0
              ],
              "inflate": 0
            },
            {
              "origin": [
                -4.0,
                0.0,
                -3.0
              ],
              "size": [
                3.0,
                2.0,
                4.0
              ],
              "uv": [
                0,
                44
              ],
              "inflate": 0
            },
            {
              "origin": [
                -4.0,
                0.0,
                -5.0
              ],
              "size": [
                3.0,
                3.0,
                2.0
              ],
              "uv": [
                34,
                53
              ],
              "inflate": 0
            },
            {
              "origin": [
                -4.0,
                2.0,
                -2.0
              ],
              "size": [
                3.0,
                1.0,
                3.0
              ],
              "uv": [
                0,
                15
              ],
              "inflate": 0
            }
          ],
          "parent": "rightleg"
        },
        {
          "name": "GLITCHE",
          "pivot": [
            0,
            16,
            -4
          ],
          "parent": "retro"
        },
        {
          "name": "glitch4",
          "pivot": [
            -4,
            15,
            -4
          ],
          "cubes": [
            {
              "origin": [
                -5.0,
                14.0,
                -5.0
              ],
              "size": [
                3.0,
                1.0,
                1.0
              ],
              "uv": [
                6,
                50
              ],
              "inflate": 0
            }
          ],
          "parent": "GLITCHE"
        },
        {
          "name": "glitch3",
          "pivot": [
            0,
            15,
            -4
          ],
          "cubes": [
            {
              "origin": [
                -1.0,
                14.0,
                -5.0
              ],
              "size": [
                3.0,
                1.0,
                1.0
              ],
              "uv": [
                6,
                50
              ],
              "inflate": 0
            }
          ],
          "parent": "GLITCHE"
        },
        {
          "name": "glitch2",
          "pivot": [
            0,
            13,
            -4
          ],
          "cubes": [
            {
              "origin": [
                -1.0,
                12.0,
                -5.0
              ],
              "size": [
                3.0,
                1.0,
                1.0
              ],
              "uv": [
                6,
                50
              ],
              "inflate": 0
            }
          ],
          "parent": "GLITCHE"
        },
        {
          "name": "glitch8",
          "pivot": [
            -4,
            19,
            -4
          ],
          "cubes": [
            {
              "origin": [
                -5.0,
                18.0,
                -5.0
              ],
              "size": [
                3.0,
                1.0,
                1.0
              ],
              "uv": [
                15,
                44
              ],
              "inflate": 0
            }
          ],
          "parent": "GLITCHE"
        },
        {
          "name": "glitch6",
          "pivot": [
            0,
            17,
            -4
          ],
          "cubes": [
            {
              "origin": [
                -1.0,
                16.0,
                -5.0
              ],
              "size": [
                3.0,
                1.0,
                1.0
              ],
              "uv": [
                15,
                44
              ],
              "inflate": 0
            },
            {
              "origin": [
                -1.0,
                15.0,
                -4.0
              ],
              "size": [
                3.0,
                4.0,
                0.0
              ],
              "uv": [
                0,
                0
              ],
              "inflate": 0
            }
          ],
          "parent": "GLITCHE"
        },
        {
          "name": "glitch7",
          "pivot": [
            0,
            19,
            -4
          ],
          "cubes": [
            {
              "origin": [
                -1.0,
                18.0,
                -5.0
              ],
              "size": [
                3.0,
                1.0,
                1.0
              ],
              "uv": [
                15,
                44
              ],
              "inflate": 0
            }
          ],
          "parent": "GLITCHE"
        },
        {
          "name": "glitch5",
          "pivot": [
            -4,
            17,
            -4
          ],
          "cubes": [
            {
              "origin": [
                -5.0,
                16.0,
                -5.0
              ],
              "size": [
                3.0,
                1.0,
                1.0
              ],
              "uv": [
                15,
                44
              ],
              "inflate": 0
            }
          ],
          "parent": "GLITCHE"
        },
        {
          "name": "glitch12",
          "pivot": [
            -4,
            23,
            -4
          ],
          "cubes": [
            {
              "origin": [
                -5.0,
                22.0,
                -5.0
              ],
              "size": [
                3.0,
                1.0,
                1.0
              ],
              "uv": [
                42,
                41
              ],
              "inflate": 0
            }
          ],
          "parent": "GLITCHE"
        },
        {
          "name": "glitch11",
          "pivot": [
            0,
            23,
            -4
          ],
          "cubes": [
            {
              "origin": [
                -1.0,
                22.0,
                -5.0
              ],
              "size": [
                3.0,
                1.0,
                1.0
              ],
              "uv": [
                42,
                41
              ],
              "inflate": 0
            }
          ],
          "parent": "GLITCHE"
        },
        {
          "name": "glitch10",
          "pivot": [
            0,
            21,
            -4
          ],
          "cubes": [
            {
              "origin": [
                -1.0,
                20.0,
                -5.0
              ],
              "size": [
                3.0,
                1.0,
                1.0
              ],
              "uv": [
                42,
                41
              ],
              "inflate": 0
            }
          ],
          "parent": "GLITCHE"
        },
        {
          "name": "glitch9",
          "pivot": [
            -4,
            21,
            -4
          ],
          "cubes": [
            {
              "origin": [
                -5.0,
                20.0,
                -5.0
              ],
              "size": [
                3.0,
                1.0,
                1.0
              ],
              "uv": [
                42,
                41
              ],
              "inflate": 0
            }
          ],
          "parent": "GLITCHE"
        },
        {
          "name": "glitch",
          "pivot": [
            -4,
            13,
            -4
          ],
          "cubes": [
            {
              "origin": [
                -5.0,
                12.0,
                -5.0
              ],
              "size": [
                3.0,
                1.0,
                1.0
              ],
              "uv": [
                6,
                50
              ],
              "inflate": 0
            }
          ],
          "parent": "GLITCHE"
        }
      ]
    }
  ]
}