{
  "format_version": "1.12.0",
  "minecraft:geometry": [
    {
      "description": {
        "identifier": "geometry.cn_finn",
        "texture_width": 128,
        "texture_height": 128,
        "visible_bounds_width": 2,
        "visible_bounds_height": 4.5,
        "visible_bounds_offset": [
          0,
          1.75,
          0
        ]
      },
      "bones": [
        {
          "name": "finn"
        },
        {
          "name": "leftleg",
          "pivot": [
            2.5,
            18,
            0.5
          ],
          "cubes": [
            {
              "origin": [
                1.5,
                11.0,
                -0.5
              ],
              "size": [
                2.0,
                7.0,
                2.0
              ],
              "uv": [
                25,
                53
              ],
              "inflate": 0
            }
          ],
          "parent": "finn"
        },
        {
          "name": "bone",
          "pivot": [
            2.5,
            11,
            0.5
          ],
          "cubes": [
            {
              "origin": [
                1.5,
                4.0,
                -0.5
              ],
              "size": [
                2.0,
                7.0,
                2.0
              ],
              "uv": [
                51,
                50
              ],
              "inflate": 0
            },
            {
              "origin": [
                1.0,
                3.0,
                -1.0
              ],
              "size": [
                3.0,
                1.0,
                3.0
              ],
              "uv": [
                54,
                42
              ],
              "inflate": 0
            },
            {
              "origin": [
                1.0,
                0.0,
                -4.0
              ],
              "size": [
                3.0,
                3.0,
                6.0
              ],
              "uv": [
                39,
                8
              ],
              "inflate": 0.2
            }
          ],
          "parent": "leftleg"
        },
        {
          "name": "leftleg2",
          "pivot": [
            -2.5,
            18,
            0.5
          ],
          "cubes": [
            {
              "origin": [
                -3.5,
                11.0,
                -0.5
              ],
              "size": [
                2.0,
                7.0,
                2.0
              ],
              "uv": [
                0,
                51
              ],
              "inflate": 0
            }
          ],
          "parent": "finn"
        },
        {
          "name": "bone2",
          "pivot": [
            -2.5,
            11,
            0.5
          ],
          "cubes": [
            {
              "origin": [
                -3.5,
                4.0,
                -0.5
              ],
              "size": [
                2.0,
                7.0,
                2.0
              ],
              "uv": [
                43,
                50
              ],
              "inflate": 0
            },
            {
              "origin": [
                -4.0,
                3.0,
                -1.0
              ],
              "size": [
                3.0,
                1.0,
                3.0
              ],
              "uv": [
                52,
                24
              ],
              "inflate": 0
            },
            {
              "origin": [
                -4.0,
                0.0,
                -4.0
              ],
              "size": [
                3.0,
                3.0,
                6.0
              ],
              "uv": [
                0,
                34
              ],
              "inflate": 0.2
            }
          ],
          "parent": "leftleg2"
        },
        {
          "name": "body",
          "pivot": [
            0,
            18,
            0.5
          ],
          "cubes": [
            {
              "origin": [
                1.0,
                18.0,
                -1.0
              ],
              "size": [
                3.0,
                3.0,
                3.0
              ],
              "uv": [
                13,
                50
              ],
              "inflate": 0
            },
            {
              "origin": [
                -4.0,
                21.0,
                -2.0
              ],
              "size": [
                8.0,
                3.0,
                5.0
              ],
              "uv": [
                21,
                32
              ],
              "inflate": 0
            },
            {
              "origin": [
                -4.0,
                18.0,
                -1.0
              ],
              "size": [
                3.0,
                3.0,
                3.0
              ],
              "uv": [
                49,
                29
              ],
              "inflate": 0
            }
          ],
          "parent": "finn"
        },
        {
          "name": "bone3",
          "pivot": [
            0,
            24,
            0.5
          ],
          "cubes": [
            {
              "origin": [
                -4.0,
                24.0,
                -2.0
              ],
              "size": [
                8.0,
                9.0,
                5.0
              ],
              "uv": [
                19,
                0
              ],
              "inflate": 0
            },
            {
              "origin": [
                -5.0,
                23.0,
                3.0
              ],
              "size": [
                10.0,
                10.0,
                3.0
              ],
              "uv": [
                0,
                21
              ],
              "inflate": 0
            },
            {
              "origin": [
                -5.0,
                23.0,
                -2.0
              ],
              "size": [
                1.0,
                10.0,
                5.0
              ],
              "uv": [
                0,
                0
              ],
              "inflate": 0
            },
            {
              "origin": [
                4.0,
                23.0,
                -2.0
              ],
              "size": [
                1.0,
                10.0,
                5.0
              ],
              "uv": [
                0,
                0
              ],
              "inflate": 0
            }
          ],
          "parent": "body"
        },
        {
          "name": "rightarm",
          "pivot": [
            -4,
            32,
            0.5
          ],
          "cubes": [
            {
              "origin": [
                -7.0,
                29.0,
                -1.0
              ],
              "size": [
                3.0,
                4.0,
                3.0
              ],
              "uv": [
                31,
                48
              ],
              "inflate": 0
            },
            {
              "origin": [
                -6.5,
                23.0,
                -0.5
              ],
              "size": [
                2.0,
                6.0,
                2.0
              ],
              "uv": [
                16,
                56
              ],
              "inflate": 0
            }
          ],
          "parent": "bone3"
        },
        {
          "name": "bone7",
          "pivot": [
            -5.5,
            23,
            0.5
          ],
          "cubes": [
            {
              "origin": [
                -6.5,
                17.0,
                -0.5
              ],
              "size": [
                2.0,
                6.0,
                2.0
              ],
              "uv": [
                8,
                56
              ],
              "inflate": 0
            },
            {
              "origin": [
                -7.5,
                13.0,
                -1.5
              ],
              "size": [
                4.0,
                4.0,
                4.0
              ],
              "uv": [
                0,
                43
              ],
              "inflate": 0
            }
          ],
          "parent": "rightarm"
        },
        {
          "name": "bone8",
          "pivot": [
            -5.5,
            15,
            -1.5
          ],
          "cubes": [
            {
              "origin": [
                -6.5,
                14.0,
                -3.5
              ],
              "size": [
                2.0,
                2.0,
                2.0
              ],
              "uv": [
                9,
                0
              ],
              "inflate": 0
            },
            {
              "origin": [
                -7.5,
                13.0,
                -4.5
              ],
              "size": [
                4.0,
                4.0,
                1.0
              ],
              "uv": [
                55,
                35
              ],
              "inflate": 0
            },
            {
              "origin": [
                -6.0,
                13.0,
                -21.5
              ],
              "size": [
                1.0,
                4.0,
                17.0
              ],
              "uv": [
                0,
                0
              ],
              "inflate": 0
            }
          ],
          "parent": "bone7"
        },
        {
          "name": "leftarm",
          "pivot": [
            4,
            32,
            0.5
          ],
          "cubes": [
            {
              "origin": [
                4.0,
                29.0,
                -1.0
              ],
              "size": [
                3.0,
                4.0,
                3.0
              ],
              "uv": [
                47,
                17
              ],
              "inflate": 0
            },
            {
              "origin": [
                4.5,
                23.0,
                -0.5
              ],
              "size": [
                2.0,
                6.0,
                2.0
              ],
              "uv": [
                33,
                55
              ],
              "inflate": 0
            }
          ],
          "parent": "bone3"
        },
        {
          "name": "bone6",
          "pivot": [
            5.5,
            23,
            0.5
          ],
          "cubes": [
            {
              "origin": [
                4.5,
                17.0,
                -0.5
              ],
              "size": [
                2.0,
                6.0,
                2.0
              ],
              "uv": [
                51,
                6
              ],
              "inflate": 0
            },
            {
              "origin": [
                3.5,
                13.0,
                -1.5
              ],
              "size": [
                4.0,
                4.0,
                4.0
              ],
              "uv": [
                34,
                40
              ],
              "inflate": 0
            }
          ],
          "parent": "leftarm"
        },
        {
          "name": "head",
          "pivot": [
            0,
            33,
            0.5
          ],
          "cubes": [
            {
              "origin": [
                -4.0,
                33.0,
                -2.0
              ],
              "size": [
                8.0,
                6.0,
                5.0
              ],
              "uv": [
                26,
                21
              ],
              "inflate": 0
            },
            {
              "origin": [
                -4.0,
                39.0,
                -2.0
              ],
              "size": [
                2.0,
                2.0,
                5.0
              ],
              "uv": [
                46,
                35
              ],
              "inflate": 0
            },
            {
              "origin": [
                2.0,
                39.0,
                -2.0
              ],
              "size": [
                2.0,
                2.0,
                5.0
              ],
              "uv": [
                45,
                43
              ],
              "inflate": 0
            }
          ],
          "parent": "bone3"
        },
        {
          "name": "bone4",
          "pivot": [
            0,
            39,
            -2.5
          ],
          "cubes": [
            {
              "origin": [
                -4.0,
                33.0,
                -2.1
              ],
              "size": [
                8.0,
                6.0,
                0.0
              ],
              "uv": [
                45,
                0
              ],
              "inflate": 0
            }
          ],
          "parent": "head"
        },
        {
          "name": "bone5",
          "pivot": [
            9,
            39,
            -2.5
          ],
          "cubes": [
            {
              "origin": [
                5.0,
                29.0,
                -2.1
              ],
              "size": [
                8.0,
                10.0,
                0.0
              ],
              "uv": [
                18,
                40
              ],
              "inflate": 0
            }
          ],
          "parent": "head"
        },
        {
          "name": "GLITCH8",
          "pivot": [
            6,
            0,
            0
          ],
          "parent": "finn"
        },
        {
          "name": "glitch",
          "pivot": [
            6,
            0,
            0
          ],
          "cubes": [
            {
              "origin": [
                5.0,
                0.0,
                0.0
              ],
              "size": [
                3.0,
                1.0,
                1.0
              ],
              "uv": [
                12,
                36
              ],
              "inflate": 0
            }
          ],
          "parent": "GLITCH8"
        },
        {
          "name": "glitch4",
          "pivot": [
            6,
            0,
            4
          ],
          "cubes": [
            {
              "origin": [
                5.0,
                0.0,
                4.0
              ],
              "size": [
                3.0,
                1.0,
                1.0
              ],
              "uv": [
                12,
                34
              ],
              "inflate": 0
            }
          ],
          "parent": "GLITCH8"
        },
        {
          "name": "glitch3",
          "pivot": [
            6,
            0,
            2
          ],
          "cubes": [
            {
              "origin": [
                5.0,
                0.0,
                2.0
              ],
              "size": [
                3.0,
                1.0,
                1.0
              ],
              "uv": [
                26,
                15
              ],
              "inflate": 0
            }
          ],
          "parent": "GLITCH8"
        },
        {
          "name": "glitch2",
          "pivot": [
            6,
            0,
            -2
          ],
          "cubes": [
            {
              "origin": [
                5.0,
                0.0,
                -2.0
              ],
              "size": [
                3.0,
                1.0,
                1.0
              ],
              "uv": [
                23,
                21
              ],
              "inflate": 0
            }
          ],
          "parent": "GLITCH8"
        },
        {
          "name": "glitch5",
          "pivot": [
            6,
            0,
            -4
          ],
          "cubes": [
            {
              "origin": [
                5.0,
                0.0,
                -4.0
              ],
              "size": [
                3.0,
                1.0,
                1.0
              ],
              "uv": [
                19,
                14
              ],
              "inflate": 0
            }
          ],
          "parent": "GLITCH8"
        },
        {
          "name": "glitch6",
          "pivot": [
            6,
            0,
            -6
          ],
          "cubes": [
            {
              "origin": [
                5.0,
                0.0,
                -6.0
              ],
              "size": [
                3.0,
                1.0,
                1.0
              ],
              "uv": [
                8,
                15
              ],
              "inflate": 0
            }
          ],
          "parent": "GLITCH8"
        },
        {
          "name": "glitch7",
          "pivot": [
            6,
            0,
            6
          ],
          "cubes": [
            {
              "origin": [
                5.0,
                0.0,
                6.0
              ],
              "size": [
                3.0,
                1.0,
                1.0
              ],
              "uv": [
                0,
                15
              ],
              "inflate": 0
            }
          ],
          "parent": "GLITCH8"
        },
        {
          "name": "GLITCH9",
          "pivot": [
            10,
            0,
            0
          ],
          "parent": "finn"
        },
        {
          "name": "glitch10",
          "pivot": [
            10,
            0,
            0
          ],
          "cubes": [
            {
              "origin": [
                9.0,
                0.0,
                0.0
              ],
              "size": [
                3.0,
                1.0,
                1.0
              ],
              "uv": [
                12,
                36
              ],
              "inflate": 0
            }
          ],
          "parent": "GLITCH9"
        },
        {
          "name": "glitch11",
          "pivot": [
            10,
            0,
            4
          ],
          "cubes": [
            {
              "origin": [
                9.0,
                0.0,
                4.0
              ],
              "size": [
                3.0,
                1.0,
                1.0
              ],
              "uv": [
                12,
                34
              ],
              "inflate": 0
            }
          ],
          "parent": "GLITCH9"
        },
        {
          "name": "glitch12",
          "pivot": [
            10,
            0,
            2
          ],
          "cubes": [
            {
              "origin": [
                9.0,
                0.0,
                2.0
              ],
              "size": [
                3.0,
                1.0,
                1.0
              ],
              "uv": [
                26,
                15
              ],
              "inflate": 0
            }
          ],
          "parent": "GLITCH9"
        },
        {
          "name": "glitch13",
          "pivot": [
            10,
            0,
            -2
          ],
          "cubes": [
            {
              "origin": [
                9.0,
                0.0,
                -2.0
              ],
              "size": [
                3.0,
                1.0,
                1.0
              ],
              "uv": [
                23,
                21
              ],
              "inflate": 0
            }
          ],
          "parent": "GLITCH9"
        },
        {
          "name": "glitch14",
          "pivot": [
            10,
            0,
            -4
          ],
          "cubes": [
            {
              "origin": [
                9.0,
                0.0,
                -4.0
              ],
              "size": [
                3.0,
                1.0,
                1.0
              ],
              "uv": [
                19,
                14
              ],
              "inflate": 0
            }
          ],
          "parent": "GLITCH9"
        },
        {
          "name": "glitch15",
          "pivot": [
            10,
            0,
            -6
          ],
          "cubes": [
            {
              "origin": [
                9.0,
                0.0,
                -6.0
              ],
              "size": [
                3.0,
                1.0,
                1.0
              ],
              "uv": [
                8,
                15
              ],
              "inflate": 0
            }
          ],
          "parent": "GLITCH9"
        },
        {
          "name": "glitch16",
          "pivot": [
            10,
            0,
            6
          ],
          "cubes": [
            {
              "origin": [
                9.0,
                0.0,
                6.0
              ],
              "size": [
                3.0,
                1.0,
                1.0
              ],
              "uv": [
                0,
                15
              ],
              "inflate": 0
            }
          ],
          "parent": "GLITCH9"
        }
      ]
    }
  ]
}