{
  "format_version": "1.12.0",
  "minecraft:geometry": [
    {
      "description": {
        "identifier": "geometry.cn_greencolotl",
        "texture_width": 64,
        "texture_height": 64,
        "visible_bounds_width": 3,
        "visible_bounds_height": 3.5,
        "visible_bounds_offset": [
          0,
          1.25,
          0
        ]
      },
      "bones": [
        {
          "name": "waist"
        },
        {
          "name": "rightleg",
          "pivot": [
            2,
            7,
            0
          ],
          "cubes": [
            {
              "origin": [
                1.0,
                1.0,
                -1.0
              ],
              "size": [
                2.0,
                6.0,
                2.0
              ],
              "uv": [
                18,
                29
              ],
              "inflate": 0
            },
            {
              "origin": [
                3.0,
                1.0,
                0.0
              ],
              "size": [
                1.0,
                2.0,
                0.0
              ],
              "uv": [
                28,
                20
              ],
              "inflate": 0
            },
            {
              "origin": [
                0.0,
                1.0,
                0.0
              ],
              "size": [
                1.0,
                2.0,
                0.0
              ],
              "uv": [
                4,
                17
              ],
              "inflate": 0
            },
            {
              "origin": [
                1.0,
                0.0,
                0.0
              ],
              "size": [
                2.0,
                1.0,
                0.0
              ],
              "uv": [
                35,
                21
              ],
              "inflate": 0
            }
          ],
          "parent": "waist"
        },
        {
          "name": "leftleg",
          "pivot": [
            -2,
            7,
            0
          ],
          "cubes": [
            {
              "origin": [
                -3.0,
                1.0,
                -1.0
              ],
              "size": [
                2.0,
                6.0,
                2.0
              ],
              "uv": [
                0,
                0
              ],
              "inflate": 0
            },
            {
              "origin": [
                -1.0,
                1.0,
                0.0
              ],
              "size": [
                1.0,
                2.0,
                0.0
              ],
              "uv": [
                6,
                0
              ],
              "inflate": 0
            },
            {
              "origin": [
                -4.0,
                1.0,
                0.0
              ],
              "size": [
                1.0,
                2.0,
                0.0
              ],
              "uv": [
                0,
                0
              ],
              "inflate": 0
            },
            {
              "origin": [
                -3.0,
                0.0,
                0.0
              ],
              "size": [
                2.0,
                1.0,
                0.0
              ],
              "uv": [
                35,
                20
              ],
              "inflate": 0
            }
          ],
          "parent": "waist"
        },
        {
          "name": "body",
          "pivot": [
            0,
            17,
            0
          ],
          "cubes": [
            {
              "origin": [
                0.0,
                7.0,
                3.0
              ],
              "size": [
                0.0,
                10.0,
                1.0
              ],
              "uv": [
                34,
                7
              ],
              "inflate": 0
            },
            {
              "origin": [
                -4.0,
                7.0,
                -3.0
              ],
              "size": [
                8.0,
                10.0,
                6.0
              ],
              "uv": [
                0,
                13
              ],
              "inflate": 0
            }
          ],
          "parent": "waist"
        },
        {
          "name": "bone",
          "pivot": [
            0,
            10,
            4
          ],
          "cubes": [
            {
              "origin": [
                0.0,
                7.0,
                4.0
              ],
              "size": [
                0.0,
                5.0,
                6.0
              ],
              "uv": [
                22,
                7
              ],
              "inflate": 0
            },
            {
              "origin": [
                0.0,
                7.0,
                10.0
              ],
              "size": [
                0.0,
                4.0,
                3.0
              ],
              "uv": [
                0,
                10
              ],
              "inflate": 0
            },
            {
              "origin": [
                0.0,
                7.0,
                13.0
              ],
              "size": [
                0.0,
                3.0,
                2.0
              ],
              "uv": [
                8,
                33
              ],
              "inflate": 0
            }
          ],
          "parent": "body"
        },
        {
          "name": "head",
          "pivot": [
            0,
            17,
            0
          ],
          "cubes": [
            {
              "origin": [
                -4.0,
                23.0,
                -5.0
              ],
              "size": [
                8.0,
                5.0,
                8.0
              ],
              "uv": [
                0,
                0
              ],
              "inflate": 0
            },
            {
              "origin": [
                -1.0,
                16.0,
                -1.0
              ],
              "size": [
                2.0,
                7.0,
                2.0
              ],
              "uv": [
                56,
                40
              ],
              "inflate": 0
            },
            {
              "origin": [
                -7.0,
                23.0,
                2.0
              ],
              "size": [
                14.0,
                8.0,
                0.0
              ],
              "uv": [
                24,
                0
              ],
              "inflate": 0
            },
            {
              "origin": [
                -6.0,
                24.0,
                -2.0
              ],
              "size": [
                2.0,
                3.0,
                3.0
              ],
              "uv": [
                8,
                29
              ],
              "inflate": 0
            },
            {
              "origin": [
                4.0,
                24.0,
                -2.0
              ],
              "size": [
                2.0,
                3.0,
                3.0
              ],
              "uv": [
                28,
                20
              ],
              "inflate": 0
            },
            {
              "origin": [
                4.0,
                27.0,
                -1.0
              ],
              "size": [
                1.0,
                4.0,
                1.0
              ],
              "uv": [
                34,
                31
              ],
              "inflate": 0
            },
            {
              "origin": [
                -4.0,
                30.0,
                -1.0
              ],
              "size": [
                8.0,
                1.0,
                1.0
              ],
              "uv": [
                28,
                18
              ],
              "inflate": 0
            },
            {
              "origin": [
                -5.0,
                27.0,
                -1.0
              ],
              "size": [
                1.0,
                4.0,
                1.0
              ],
              "uv": [
                34,
                26
              ],
              "inflate": 0
            }
          ],
          "parent": "body"
        },
        {
          "name": "bone7",
          "pivot": [
            0,
            6,
            0
          ],
          "cubes": [
            {
              "origin": [
                -2.0,
                18.0,
                0.0
              ],
              "size": [
                1.0,
                1.0,
                1.0
              ],
              "uv": [
                60,
                18
              ],
              "inflate": 0
            }
          ],
          "parent": "head"
        },
        {
          "name": "bone8",
          "pivot": [
            3,
            8,
            -1
          ],
          "cubes": [
            {
              "origin": [
                1.0,
                20.0,
                -1.0
              ],
              "size": [
                1.0,
                1.0,
                1.0
              ],
              "uv": [
                60,
                20
              ],
              "inflate": 0
            }
          ],
          "parent": "head"
        },
        {
          "name": "bone9",
          "pivot": [
            1,
            7,
            -2
          ],
          "cubes": [
            {
              "origin": [
                -1.0,
                19.0,
                -2.0
              ],
              "size": [
                1.0,
                1.0,
                1.0
              ],
              "uv": [
                60,
                14
              ],
              "inflate": 0
            }
          ],
          "parent": "head"
        },
        {
          "name": "bone10",
          "pivot": [
            1,
            9,
            1
          ],
          "cubes": [
            {
              "origin": [
                -1.0,
                21.0,
                1.0
              ],
              "size": [
                1.0,
                1.0,
                1.0
              ],
              "uv": [
                60,
                12
              ],
              "inflate": 0
            }
          ],
          "parent": "head"
        },
        {
          "name": "rightarm",
          "pivot": [
            4,
            15,
            0
          ],
          "cubes": [
            {
              "origin": [
                4.0,
                9.0,
                -1.0
              ],
              "size": [
                2.0,
                7.0,
                2.0
              ],
              "uv": [
                0,
                29
              ],
              "inflate": 0
            },
            {
              "origin": [
                4.0,
                3.0,
                -2.0
              ],
              "size": [
                3.0,
                4.0,
                4.0
              ],
              "uv": [
                50,
                32
              ],
              "inflate": 0
            },
            {
              "origin": [
                6.0,
                0.0,
                -2.0
              ],
              "size": [
                1.0,
                3.0,
                1.0
              ],
              "uv": [
                55,
                31
              ],
              "inflate": 0
            },
            {
              "origin": [
                6.0,
                0.0,
                -0.5
              ],
              "size": [
                1.0,
                3.0,
                1.0
              ],
              "uv": [
                55,
                31
              ],
              "inflate": 0
            },
            {
              "origin": [
                6.0,
                0.0,
                1.0
              ],
              "size": [
                1.0,
                3.0,
                1.0
              ],
              "uv": [
                55,
                31
              ],
              "inflate": 0
            },
            {
              "origin": [
                5.0,
                3.0,
                -4.0
              ],
              "size": [
                1.0,
                2.0,
                1.0
              ],
              "uv": [
                54,
                36
              ],
              "inflate": 0
            },
            {
              "origin": [
                5.0,
                4.0,
                -2.0
              ],
              "size": [
                1.0,
                3.0,
                1.0
              ],
              "pivot": [
                6.0,
                7.0,
                -2.0
              ],
              "rotation": [
                -45.0,
                0.0,
                0.0
              ],
              "uv": [
                55,
                29
              ],
              "inflate": 0
            },
            {
              "origin": [
                3.5,
                7.0,
                -1.5
              ],
              "size": [
                3.0,
                7.0,
                3.0
              ],
              "uv": [
                52,
                22
              ],
              "inflate": 0
            }
          ],
          "parent": "body"
        },
        {
          "name": "rightitem",
          "pivot": [
            5,
            10,
            0
          ],
          "parent": "rightarm"
        },
        {
          "name": "leftarm",
          "pivot": [
            -4,
            15,
            0
          ],
          "cubes": [
            {
              "origin": [
                -6.0,
                9.0,
                -1.0
              ],
              "size": [
                2.0,
                7.0,
                2.0
              ],
              "uv": [
                26,
                27
              ],
              "inflate": 0
            },
            {
              "origin": [
                -5.0,
                9.0,
                -2.0
              ],
              "size": [
                0.0,
                2.0,
                2.0
              ],
              "uv": [
                6,
                27
              ],
              "inflate": 0
            },
            {
              "origin": [
                -5.0,
                9.0,
                0.0
              ],
              "size": [
                0.0,
                2.0,
                2.0
              ],
              "uv": [
                0,
                15
              ],
              "inflate": 0
            },
            {
              "origin": [
                -5.0,
                8.0,
                -1.0
              ],
              "size": [
                0.0,
                1.0,
                2.0
              ],
              "uv": [
                22,
                16
              ],
              "inflate": 0
            }
          ],
          "parent": "body"
        },
        {
          "name": "leftitem",
          "pivot": [
            -5,
            10,
            0
          ],
          "parent": "leftarm"
        },
        {
          "name": "gli8",
          "parent": "waist"
        },
        {
          "name": "bone6",
          "pivot": [
            6,
            0,
            -3
          ],
          "cubes": [
            {
              "origin": [
                5.0,
                0.0,
                -4.0
              ],
              "size": [
                3.0,
                1.0,
                1.0
              ],
              "uv": [
                56,
                20
              ],
              "inflate": 0
            }
          ],
          "parent": "gli8"
        },
        {
          "name": "bone5",
          "pivot": [
            -7,
            0,
            -3
          ],
          "cubes": [
            {
              "origin": [
                -8.0,
                0.0,
                -4.0
              ],
              "size": [
                3.0,
                1.0,
                1.0
              ],
              "uv": [
                56,
                18
              ],
              "inflate": 0
            }
          ],
          "parent": "gli8"
        },
        {
          "name": "bone4",
          "pivot": [
            -5,
            0,
            -6
          ],
          "cubes": [
            {
              "origin": [
                -6.0,
                0.0,
                -7.0
              ],
              "size": [
                3.0,
                1.0,
                1.0
              ],
              "uv": [
                56,
                16
              ],
              "inflate": 0
            }
          ],
          "parent": "gli8"
        },
        {
          "name": "bone3",
          "pivot": [
            5,
            0,
            -6
          ],
          "cubes": [
            {
              "origin": [
                4.0,
                0.0,
                -7.0
              ],
              "size": [
                3.0,
                1.0,
                1.0
              ],
              "uv": [
                56,
                14
              ],
              "inflate": 0
            }
          ],
          "parent": "gli8"
        },
        {
          "name": "bone2",
          "pivot": [
            0,
            0,
            -4
          ],
          "cubes": [
            {
              "origin": [
                -1.0,
                0.0,
                -5.0
              ],
              "size": [
                3.0,
                1.0,
                1.0
              ],
              "uv": [
                56,
                12
              ],
              "inflate": 0
            }
          ],
          "parent": "gli8"
        }
      ]
    }
  ]
}