{
  "format_version": "1.12.0",
  "minecraft:geometry": [
    {
      "description": {
        "identifier": "geometry.cn_jake",
        "texture_width": 128,
        "texture_height": 128,
        "visible_bounds_width": 4,
        "visible_bounds_height": 4.5,
        "visible_bounds_offset": [
          0,
          1.75,
          0
        ]
      },
      "bones": [
        {
          "name": "jake"
        },
        {
          "name": "body",
          "parent": "jake"
        },
        {
          "name": "bone",
          "pivot": [
            0,
            3,
            0
          ],
          "cubes": [
            {
              "origin": [
                -5.0,
                9.0,
                -3.0
              ],
              "size": [
                10.0,
                16.0,
                9.0
              ],
              "uv": [
                0,
                15
              ],
              "inflate": 0
            },
            {
              "origin": [
                1.5,
                19.0,
                -4.0
              ],
              "size": [
                4.0,
                4.0,
                1.0
              ],
              "uv": [
                0,
                7
              ],
              "inflate": 0
            },
            {
              "origin": [
                -5.5,
                19.0,
                -4.0
              ],
              "size": [
                4.0,
                4.0,
                1.0
              ],
              "uv": [
                0,
                7
              ],
              "inflate": 0
            },
            {
              "origin": [
                -2.0,
                17.0,
                -5.0
              ],
              "size": [
                4.0,
                1.0,
                2.0
              ],
              "uv": [
                29,
                15
              ],
              "inflate": 0
            },
            {
              "origin": [
                -1.0,
                17.5,
                -5.5
              ],
              "size": [
                2.0,
                1.0,
                1.0
              ],
              "uv": [
                5,
                9
              ],
              "inflate": 0
            },
            {
              "origin": [
                1.0,
                15.0,
                -5.0
              ],
              "size": [
                1.0,
                2.0,
                2.0
              ],
              "uv": [
                64,
                29
              ],
              "inflate": 0
            },
            {
              "origin": [
                -2.0,
                15.0,
                -5.0
              ],
              "size": [
                1.0,
                2.0,
                2.0
              ],
              "uv": [
                44,
                52
              ],
              "inflate": 0
            },
            {
              "origin": [
                -4.5,
                25.0,
                -2.5
              ],
              "size": [
                9.0,
                1.0,
                8.0
              ],
              "uv": [
                30,
                34
              ],
              "inflate": 0
            },
            {
              "origin": [
                -4.5,
                8.0,
                -2.5
              ],
              "size": [
                9.0,
                1.0,
                8.0
              ],
              "uv": [
                30,
                34
              ],
              "inflate": 0
            },
            {
              "origin": [
                -5.5,
                18.0,
                0.0
              ],
              "size": [
                2.0,
                4.0,
                3.0
              ],
              "pivot": [
                -5.0,
                22.0,
                0.0
              ],
              "rotation": [
                0.0,
                0.0,
                12.5
              ],
              "uv": [
                26,
                52
              ],
              "inflate": 0
            },
            {
              "origin": [
                3.5,
                18.0,
                0.0
              ],
              "size": [
                2.0,
                4.0,
                3.0
              ],
              "pivot": [
                5.0,
                22.0,
                0.0
              ],
              "rotation": [
                0.0,
                0.0,
                -15.0
              ],
              "uv": [
                26,
                52
              ],
              "inflate": 0
            }
          ],
          "parent": "body"
        },
        {
          "name": "rightarm",
          "pivot": [
            -5,
            16,
            1
          ],
          "cubes": [
            {
              "origin": [
                -6.0,
                11.8203,
                0.35229
              ],
              "size": [
                2.0,
                5.0,
                2.0
              ],
              "uv": [
                36,
                52
              ],
              "inflate": 0
            },
            {
              "origin": [
                -6.0,
                6.8203,
                0.35229
              ],
              "size": [
                2.0,
                5.0,
                2.0
              ],
              "pivot": [
                -5.0,
                11.8203,
                1.35229
              ],
              "rotation": [
                -45.0,
                0.0,
                0.0
              ],
              "uv": [
                16,
                59
              ],
              "inflate": 0
            }
          ],
          "parent": "bone",
          "rotation": [
            0,
            -90,
            62.5
          ]
        },
        {
          "name": "bone10",
          "pivot": [
            -5,
            8.8203,
            -1.64771
          ],
          "cubes": [
            {
              "origin": [
                -7.5,
                3.67403,
                -2.74333
              ],
              "size": [
                5.0,
                5.0,
                2.0
              ],
              "pivot": [
                -5.0,
                8.8203,
                -1.64771
              ],
              "rotation": [
                -80.0,
                0.0,
                0.0
              ],
              "uv": [
                0,
                0
              ],
              "inflate": 0
            },
            {
              "origin": [
                -7.5,
                2.50038,
                -1.75852
              ],
              "size": [
                2.0,
                6.0,
                2.0
              ],
              "pivot": [
                -6.0,
                9.8203,
                -1.64771
              ],
              "rotation": [
                -74.66019,
                48.97354,
                11.69208
              ],
              "uv": [
                0,
                15
              ],
              "inflate": 0
            }
          ],
          "parent": "rightarm",
          "rotation": [
            32.5,
            0,
            0
          ]
        },
        {
          "name": "bone7",
          "pivot": [
            -5,
            7.8203,
            -6.64771
          ],
          "cubes": [
            {
              "origin": [
                -6.0,
                3.77171,
                -7.8599
              ],
              "size": [
                2.0,
                4.0,
                2.0
              ],
              "pivot": [
                -5.0,
                7.8203,
                -6.64771
              ],
              "rotation": [
                -105.0,
                0.0,
                0.0
              ],
              "uv": [
                36,
                64
              ],
              "inflate": 0
            },
            {
              "origin": [
                -6.0,
                4.89423,
                -11.92925
              ],
              "size": [
                2.0,
                4.0,
                2.0
              ],
              "pivot": [
                -5.0,
                8.8203,
                -10.64771
              ],
              "rotation": [
                -165.0,
                0.0,
                0.0
              ],
              "uv": [
                8,
                61
              ],
              "inflate": 0
            }
          ],
          "parent": "bone10"
        },
        {
          "name": "bone8",
          "pivot": [
            -3,
            7.8203,
            -6.64771
          ],
          "cubes": [
            {
              "origin": [
                -4.0,
                3.77171,
                -7.8599
              ],
              "size": [
                2.0,
                4.0,
                2.0
              ],
              "pivot": [
                -3.0,
                7.8203,
                -6.64771
              ],
              "rotation": [
                -105.0,
                0.0,
                0.0
              ],
              "uv": [
                52,
                59
              ],
              "inflate": 0
            },
            {
              "origin": [
                -4.0,
                4.89423,
                -11.92925
              ],
              "size": [
                2.0,
                4.0,
                2.0
              ],
              "pivot": [
                -3.0,
                8.8203,
                -10.64771
              ],
              "rotation": [
                -165.0,
                0.0,
                0.0
              ],
              "uv": [
                29,
                18
              ],
              "inflate": 0
            }
          ],
          "parent": "bone10",
          "rotation": [
            0,
            -22.5,
            0
          ]
        },
        {
          "name": "bone9",
          "pivot": [
            -7,
            7.8203,
            -6.64771
          ],
          "cubes": [
            {
              "origin": [
                -8.0,
                3.77171,
                -7.8599
              ],
              "size": [
                2.0,
                4.0,
                2.0
              ],
              "pivot": [
                -7.0,
                7.8203,
                -6.64771
              ],
              "rotation": [
                -105.0,
                0.0,
                0.0
              ],
              "uv": [
                0,
                61
              ],
              "inflate": 0
            },
            {
              "origin": [
                -8.0,
                4.89423,
                -11.92925
              ],
              "size": [
                2.0,
                4.0,
                2.0
              ],
              "pivot": [
                -7.0,
                8.8203,
                -10.64771
              ],
              "rotation": [
                -165.0,
                0.0,
                0.0
              ],
              "uv": [
                60,
                59
              ],
              "inflate": 0
            }
          ],
          "parent": "bone10",
          "rotation": [
            0,
            25,
            0
          ]
        },
        {
          "name": "leftarm",
          "pivot": [
            5,
            16,
            1
          ],
          "cubes": [
            {
              "origin": [
                3.73926,
                12.31677,
                -0.17445
              ],
              "size": [
                2.0,
                4.0,
                2.0
              ],
              "uv": [
                36,
                52
              ],
              "inflate": 0
            },
            {
              "origin": [
                3.73926,
                7.31677,
                -0.17445
              ],
              "size": [
                2.0,
                5.0,
                2.0
              ],
              "pivot": [
                4.73926,
                12.31677,
                0.82555
              ],
              "rotation": [
                -45.0,
                0.0,
                0.0
              ],
              "uv": [
                16,
                59
              ],
              "inflate": 0
            }
          ],
          "parent": "bone",
          "rotation": [
            107.5,
            87.5,
            37.5
          ]
        },
        {
          "name": "bone3",
          "pivot": [
            4.73926,
            9.31677,
            -2.17445
          ],
          "cubes": [
            {
              "origin": [
                2.23926,
                4.1705,
                -3.27007
              ],
              "size": [
                5.0,
                5.0,
                2.0
              ],
              "pivot": [
                4.73926,
                9.31677,
                -2.17445
              ],
              "rotation": [
                -80.0,
                0.0,
                0.0
              ],
              "uv": [
                0,
                0
              ],
              "inflate": 0
            },
            {
              "origin": [
                5.23926,
                2.99685,
                -2.28526
              ],
              "size": [
                2.0,
                6.0,
                2.0
              ],
              "pivot": [
                5.73926,
                10.31677,
                -2.17445
              ],
              "rotation": [
                -75.3723,
                -46.55847,
                -10.73051
              ],
              "uv": [
                0,
                15
              ],
              "inflate": 0
            }
          ],
          "parent": "leftarm",
          "rotation": [
            32.5,
            0,
            0
          ]
        },
        {
          "name": "bone4",
          "pivot": [
            4.73926,
            8.31677,
            -7.17445
          ],
          "cubes": [
            {
              "origin": [
                3.73926,
                4.26818,
                -8.38664
              ],
              "size": [
                2.0,
                4.0,
                2.0
              ],
              "pivot": [
                4.73926,
                8.31677,
                -7.17445
              ],
              "rotation": [
                -105.0,
                0.0,
                0.0
              ],
              "uv": [
                36,
                64
              ],
              "inflate": 0
            },
            {
              "origin": [
                3.73926,
                5.3907,
                -12.45599
              ],
              "size": [
                2.0,
                4.0,
                2.0
              ],
              "pivot": [
                4.73926,
                9.31677,
                -11.17445
              ],
              "rotation": [
                -165.0,
                0.0,
                0.0
              ],
              "uv": [
                8,
                61
              ],
              "inflate": 0
            }
          ],
          "parent": "bone3"
        },
        {
          "name": "bone5",
          "pivot": [
            6.73926,
            8.31677,
            -7.17445
          ],
          "cubes": [
            {
              "origin": [
                5.73926,
                4.26818,
                -8.38664
              ],
              "size": [
                2.0,
                4.0,
                2.0
              ],
              "pivot": [
                6.73926,
                8.31677,
                -7.17445
              ],
              "rotation": [
                -105.0,
                0.0,
                0.0
              ],
              "uv": [
                52,
                59
              ],
              "inflate": 0
            },
            {
              "origin": [
                5.73926,
                5.3907,
                -12.45599
              ],
              "size": [
                2.0,
                4.0,
                2.0
              ],
              "pivot": [
                6.73926,
                9.31677,
                -11.17445
              ],
              "rotation": [
                -165.0,
                0.0,
                0.0
              ],
              "uv": [
                29,
                18
              ],
              "inflate": 0
            }
          ],
          "parent": "bone3",
          "rotation": [
            0,
            -22.5,
            0
          ]
        },
        {
          "name": "bone11",
          "pivot": [
            2.73926,
            8.31677,
            -7.17445
          ],
          "cubes": [
            {
              "origin": [
                1.73926,
                4.26818,
                -8.38664
              ],
              "size": [
                2.0,
                4.0,
                2.0
              ],
              "pivot": [
                2.73926,
                8.31677,
                -7.17445
              ],
              "rotation": [
                -105.0,
                0.0,
                0.0
              ],
              "uv": [
                0,
                61
              ],
              "inflate": 0
            },
            {
              "origin": [
                1.73926,
                5.3907,
                -12.45599
              ],
              "size": [
                2.0,
                4.0,
                2.0
              ],
              "pivot": [
                2.73926,
                9.31677,
                -11.17445
              ],
              "rotation": [
                -165.0,
                0.0,
                0.0
              ],
              "uv": [
                60,
                59
              ],
              "inflate": 0
            }
          ],
          "parent": "bone3",
          "rotation": [
            0,
            25,
            0
          ]
        },
        {
          "name": "leftleg",
          "pivot": [
            3,
            8,
            1
          ],
          "cubes": [
            {
              "origin": [
                1.0,
                2.0,
                0.0
              ],
              "size": [
                3.0,
                6.0,
                3.0
              ],
              "uv": [
                20,
                14
              ],
              "inflate": 0
            },
            {
              "origin": [
                1.0,
                0.0,
                -2.0
              ],
              "size": [
                3.0,
                2.0,
                5.0
              ],
              "uv": [
                20,
                14
              ],
              "inflate": 0
            }
          ],
          "parent": "jake"
        },
        {
          "name": "leftleg2",
          "pivot": [
            -2,
            8,
            1
          ],
          "cubes": [
            {
              "origin": [
                -4.0,
                2.0,
                0.0
              ],
              "size": [
                3.0,
                6.0,
                3.0
              ],
              "uv": [
                20,
                14
              ],
              "inflate": 0
            },
            {
              "origin": [
                -4.0,
                0.0,
                -2.0
              ],
              "size": [
                3.0,
                2.0,
                5.0
              ],
              "uv": [
                20,
                14
              ],
              "inflate": 0
            }
          ],
          "parent": "jake"
        }
      ]
    }
  ]
}