{
  "format_version": "1.12.0",
  "minecraft:geometry": [
    {
      "description": {
        "identifier": "geometry.cn_jake_glitched",
        "texture_width": 128,
        "texture_height": 128,
        "visible_bounds_width": 4,
        "visible_bounds_height": 4.5,
        "visible_bounds_offset": [
          0,
          1.75,
          0
        ]
      },
      "bones": [
        {
          "name": "jake"
        },
        {
          "name": "body",
          "parent": "jake"
        },
        {
          "name": "bone",
          "pivot": [
            0,
            8,
            2
          ],
          "cubes": [
            {
              "origin": [
                -5.0,
                8.0,
                -3.0
              ],
              "size": [
                10.0,
                15.0,
                9.0
              ],
              "uv": [
                0,
                15
              ],
              "inflate": 0
            },
            {
              "origin": [
                1.5,
                17.0,
                -4.0
              ],
              "size": [
                4.0,
                4.0,
                1.0
              ],
              "uv": [
                62,
                34
              ],
              "inflate": 0
            },
            {
              "origin": [
                -5.5,
                17.0,
                -4.0
              ],
              "size": [
                4.0,
                4.0,
                1.0
              ],
              "uv": [
                12,
                62
              ],
              "inflate": 0
            },
            {
              "origin": [
                -2.0,
                16.0,
                -5.0
              ],
              "size": [
                4.0,
                1.0,
                2.0
              ],
              "uv": [
                0,
                62
              ],
              "inflate": 0
            },
            {
              "origin": [
                -1.0,
                16.5,
                -5.5
              ],
              "size": [
                2.0,
                1.0,
                1.0
              ],
              "uv": [
                7,
                7
              ],
              "inflate": 0
            },
            {
              "origin": [
                1.0,
                14.0,
                -5.0
              ],
              "size": [
                1.0,
                2.0,
                2.0
              ],
              "uv": [
                66,
                45
              ],
              "inflate": 0
            },
            {
              "origin": [
                -2.0,
                14.0,
                -5.0
              ],
              "size": [
                1.0,
                2.0,
                2.0
              ],
              "uv": [
                8,
                65
              ],
              "inflate": 0
            },
            {
              "origin": [
                -4.5,
                23.0,
                -2.5
              ],
              "size": [
                9.0,
                1.0,
                8.0
              ],
              "uv": [
                29,
                15
              ],
              "inflate": 0
            },
            {
              "origin": [
                3.5,
                18.0,
                0.0
              ],
              "size": [
                2.0,
                4.0,
                3.0
              ],
              "pivot": [
                5.0,
                22.0,
                0.0
              ],
              "rotation": [
                0.0,
                0.0,
                -15.0
              ],
              "uv": [
                0,
                7
              ],
              "inflate": 0
            },
            {
              "origin": [
                -5.5,
                18.0,
                0.0
              ],
              "size": [
                2.0,
                4.0,
                3.0
              ],
              "pivot": [
                -5.0,
                22.0,
                0.0
              ],
              "rotation": [
                0.0,
                0.0,
                12.5
              ],
              "uv": [
                0,
                7
              ],
              "inflate": 0
            }
          ],
          "parent": "body"
        },
        {
          "name": "bone12",
          "pivot": [
            -5,
            16,
            1
          ],
          "cubes": [
            {
              "origin": [
                -6.0,
                9.0,
                0.0
              ],
              "size": [
                2.0,
                7.0,
                2.0
              ],
              "pivot": [
                -5.0,
                16.0,
                1.0
              ],
              "rotation": [
                -45.0,
                0.0,
                0.0
              ],
              "uv": [
                26,
                39
              ],
              "inflate": 0
            }
          ],
          "parent": "bone",
          "rotation": [
            -133.31404,
            -87.49273,
            -89.51171
          ]
        },
        {
          "name": "bone6",
          "pivot": [
            -5,
            10,
            -3
          ],
          "cubes": [
            {
              "origin": [
                -6.0,
                2.78643,
                -4.32635
              ],
              "size": [
                2.0,
                7.0,
                2.0
              ],
              "pivot": [
                -5.0,
                10.0,
                -3.0
              ],
              "rotation": [
                -80.0,
                0.0,
                0.0
              ],
              "uv": [
                0,
                15
              ],
              "inflate": 0
            }
          ],
          "parent": "bone12",
          "rotation": [
            -42.5,
            0,
            0
          ]
        },
        {
          "name": "bone11",
          "pivot": [
            -5,
            9,
            -10
          ],
          "cubes": [
            {
              "origin": [
                -7.5,
                3.85373,
                -11.09562
              ],
              "size": [
                5.0,
                5.0,
                2.0
              ],
              "pivot": [
                -5.0,
                9.0,
                -10.0
              ],
              "rotation": [
                -80.0,
                0.0,
                0.0
              ],
              "uv": [
                0,
                0
              ],
              "inflate": 0
            },
            {
              "origin": [
                -7.5,
                2.68008,
                -10.11081
              ],
              "size": [
                2.0,
                6.0,
                2.0
              ],
              "pivot": [
                -6.0,
                10.0,
                -10.0
              ],
              "rotation": [
                -74.66019,
                48.97354,
                11.69208
              ],
              "uv": [
                29,
                15
              ],
              "inflate": 0
            }
          ],
          "parent": "bone6"
        },
        {
          "name": "bone7",
          "pivot": [
            -5,
            8,
            -15
          ],
          "cubes": [
            {
              "origin": [
                -6.0,
                3.95141,
                -16.21219
              ],
              "size": [
                2.0,
                4.0,
                2.0
              ],
              "pivot": [
                -5.0,
                8.0,
                -15.0
              ],
              "rotation": [
                -105.0,
                0.0,
                0.0
              ],
              "uv": [
                66,
                39
              ],
              "inflate": 0
            },
            {
              "origin": [
                -6.0,
                5.07393,
                -20.28154
              ],
              "size": [
                2.0,
                4.0,
                2.0
              ],
              "pivot": [
                -5.0,
                9.0,
                -19.0
              ],
              "rotation": [
                -165.0,
                0.0,
                0.0
              ],
              "uv": [
                54,
                65
              ],
              "inflate": 0
            }
          ],
          "parent": "bone11"
        },
        {
          "name": "bone8",
          "pivot": [
            -3,
            8,
            -15
          ],
          "cubes": [
            {
              "origin": [
                -4.0,
                3.95141,
                -16.21219
              ],
              "size": [
                2.0,
                4.0,
                2.0
              ],
              "pivot": [
                -3.0,
                8.0,
                -15.0
              ],
              "rotation": [
                -105.0,
                0.0,
                0.0
              ],
              "uv": [
                0,
                65
              ],
              "inflate": 0
            },
            {
              "origin": [
                -4.0,
                5.07393,
                -20.28154
              ],
              "size": [
                2.0,
                4.0,
                2.0
              ],
              "pivot": [
                -3.0,
                9.0,
                -19.0
              ],
              "rotation": [
                -165.0,
                0.0,
                0.0
              ],
              "uv": [
                64,
                23
              ],
              "inflate": 0
            }
          ],
          "parent": "bone11",
          "rotation": [
            0,
            -22.5,
            0
          ]
        },
        {
          "name": "bone9",
          "pivot": [
            -7,
            8,
            -15
          ],
          "cubes": [
            {
              "origin": [
                -8.0,
                3.95141,
                -16.21219
              ],
              "size": [
                2.0,
                4.0,
                2.0
              ],
              "pivot": [
                -7.0,
                8.0,
                -15.0
              ],
              "rotation": [
                -105.0,
                0.0,
                0.0
              ],
              "uv": [
                46,
                62
              ],
              "inflate": 0
            },
            {
              "origin": [
                -8.0,
                5.07393,
                -20.28154
              ],
              "size": [
                2.0,
                4.0,
                2.0
              ],
              "pivot": [
                -7.0,
                9.0,
                -19.0
              ],
              "rotation": [
                -165.0,
                0.0,
                0.0
              ],
              "uv": [
                38,
                62
              ],
              "inflate": 0
            }
          ],
          "parent": "bone11",
          "rotation": [
            0,
            25,
            0
          ]
        },
        {
          "name": "bone2",
          "pivot": [
            5,
            15,
            1
          ],
          "cubes": [
            {
              "origin": [
                4.0,
                8.0,
                0.0
              ],
              "size": [
                2.0,
                7.0,
                2.0
              ],
              "pivot": [
                5.0,
                15.0,
                1.0
              ],
              "rotation": [
                -45.0,
                0.0,
                0.0
              ],
              "uv": [
                26,
                39
              ],
              "inflate": 0
            }
          ],
          "parent": "bone",
          "rotation": [
            -135,
            87.49273,
            90.48829
          ]
        },
        {
          "name": "bone3",
          "pivot": [
            5,
            11,
            -4
          ],
          "cubes": [
            {
              "origin": [
                4.0,
                3.78643,
                -5.32635
              ],
              "size": [
                2.0,
                7.0,
                2.0
              ],
              "pivot": [
                5.0,
                11.0,
                -4.0
              ],
              "rotation": [
                -80.0,
                0.0,
                0.0
              ],
              "uv": [
                0,
                15
              ],
              "inflate": 0
            }
          ],
          "parent": "bone2",
          "rotation": [
            112.5,
            0,
            0
          ]
        },
        {
          "name": "bone14",
          "pivot": [
            5,
            10,
            -6
          ],
          "cubes": [
            {
              "origin": [
                3.0,
                0.10334,
                -8.94867
              ],
              "size": [
                4.0,
                9.0,
                4.0
              ],
              "pivot": [
                5.0,
                9.0,
                -6.0
              ],
              "rotation": [
                -80.0,
                0.0,
                0.0
              ],
              "uv": [
                22,
                56
              ],
              "inflate": 0
            },
            {
              "origin": [
                4.0,
                -8.89666,
                -7.94867
              ],
              "size": [
                2.0,
                9.0,
                2.0
              ],
              "pivot": [
                5.0,
                9.0,
                -6.0
              ],
              "rotation": [
                -80.0,
                0.0,
                0.0
              ],
              "uv": [
                60,
                56
              ],
              "inflate": 0
            }
          ],
          "parent": "bone3"
        },
        {
          "name": "bone4",
          "pivot": [
            5,
            10,
            -11
          ],
          "cubes": [
            {
              "origin": [
                2.5,
                4.85373,
                -12.09562
              ],
              "size": [
                5.0,
                5.0,
                2.0
              ],
              "pivot": [
                5.0,
                10.0,
                -11.0
              ],
              "rotation": [
                -80.0,
                0.0,
                0.0
              ],
              "uv": [
                0,
                0
              ],
              "inflate": 0
            },
            {
              "origin": [
                6.5,
                4.68008,
                -11.11081
              ],
              "size": [
                2.0,
                6.0,
                2.0
              ],
              "pivot": [
                7.0,
                11.0,
                -11.0
              ],
              "rotation": [
                -77.46939,
                -36.83502,
                -7.58966
              ],
              "uv": [
                29,
                15
              ],
              "inflate": 0
            }
          ],
          "parent": "bone3"
        },
        {
          "name": "bone5",
          "pivot": [
            5,
            9,
            -16
          ],
          "cubes": [
            {
              "origin": [
                4.0,
                4.95141,
                -17.21219
              ],
              "size": [
                2.0,
                4.0,
                2.0
              ],
              "pivot": [
                5.0,
                9.0,
                -16.0
              ],
              "rotation": [
                -105.0,
                0.0,
                0.0
              ],
              "uv": [
                66,
                39
              ],
              "inflate": 0
            },
            {
              "origin": [
                4.0,
                6.07393,
                -21.28154
              ],
              "size": [
                2.0,
                4.0,
                2.0
              ],
              "pivot": [
                5.0,
                10.0,
                -20.0
              ],
              "rotation": [
                -165.0,
                0.0,
                0.0
              ],
              "uv": [
                54,
                65
              ],
              "inflate": 0
            }
          ],
          "parent": "bone4"
        },
        {
          "name": "bone10",
          "pivot": [
            7,
            9,
            -16
          ],
          "cubes": [
            {
              "origin": [
                6.0,
                4.95141,
                -17.21219
              ],
              "size": [
                2.0,
                4.0,
                2.0
              ],
              "pivot": [
                7.0,
                9.0,
                -16.0
              ],
              "rotation": [
                -105.0,
                0.0,
                0.0
              ],
              "uv": [
                0,
                65
              ],
              "inflate": 0
            },
            {
              "origin": [
                6.0,
                6.07393,
                -21.28154
              ],
              "size": [
                2.0,
                4.0,
                2.0
              ],
              "pivot": [
                7.0,
                10.0,
                -20.0
              ],
              "rotation": [
                -165.0,
                0.0,
                0.0
              ],
              "uv": [
                64,
                23
              ],
              "inflate": 0
            }
          ],
          "parent": "bone4",
          "rotation": [
            0,
            -22.5,
            0
          ]
        },
        {
          "name": "bone13",
          "pivot": [
            3,
            9,
            -16
          ],
          "cubes": [
            {
              "origin": [
                2.0,
                4.95141,
                -17.21219
              ],
              "size": [
                2.0,
                4.0,
                2.0
              ],
              "pivot": [
                3.0,
                9.0,
                -16.0
              ],
              "rotation": [
                -105.0,
                0.0,
                0.0
              ],
              "uv": [
                46,
                62
              ],
              "inflate": 0
            },
            {
              "origin": [
                2.0,
                6.07393,
                -21.28154
              ],
              "size": [
                2.0,
                4.0,
                2.0
              ],
              "pivot": [
                3.0,
                10.0,
                -20.0
              ],
              "rotation": [
                -165.0,
                0.0,
                0.0
              ],
              "uv": [
                38,
                62
              ],
              "inflate": 0
            }
          ],
          "parent": "bone4",
          "rotation": [
            0,
            25,
            0
          ]
        },
        {
          "name": "glitch",
          "cubes": [
            {
              "origin": [
                -6.0,
                0.0,
                1.0
              ],
              "size": [
                12.0,
                10.0,
                4.0
              ],
              "uv": [
                34,
                35
              ],
              "inflate": 0
            },
            {
              "origin": [
                -6.0,
                0.0,
                0.0
              ],
              "size": [
                12.0,
                9.0,
                1.0
              ],
              "uv": [
                38,
                24
              ],
              "inflate": 0
            },
            {
              "origin": [
                -6.0,
                0.0,
                -1.0
              ],
              "size": [
                12.0,
                8.0,
                1.0
              ],
              "uv": [
                42,
                0
              ],
              "inflate": 0
            },
            {
              "origin": [
                -6.0,
                0.0,
                -2.0
              ],
              "size": [
                12.0,
                7.0,
                1.0
              ],
              "uv": [
                0,
                48
              ],
              "inflate": 0
            },
            {
              "origin": [
                -6.0,
                1.0,
                -2.0
              ],
              "size": [
                12.0,
                7.0,
                1.0
              ],
              "uv": [
                0,
                48
              ],
              "inflate": 0
            },
            {
              "origin": [
                -6.0,
                0.0,
                -3.0
              ],
              "size": [
                12.0,
                6.0,
                1.0
              ],
              "uv": [
                52,
                49
              ],
              "inflate": 0
            },
            {
              "origin": [
                -6.0,
                2.0,
                -3.0
              ],
              "size": [
                12.0,
                6.0,
                1.0
              ],
              "uv": [
                52,
                49
              ],
              "inflate": 0
            },
            {
              "origin": [
                -6.0,
                0.0,
                -4.0
              ],
              "size": [
                12.0,
                5.0,
                1.0
              ],
              "uv": [
                55,
                14
              ],
              "inflate": 0
            },
            {
              "origin": [
                -5.0,
                4.0,
                -4.0
              ],
              "size": [
                10.0,
                5.0,
                1.0
              ],
              "uv": [
                38,
                56
              ],
              "inflate": 0
            },
            {
              "origin": [
                -6.0,
                0.0,
                -5.0
              ],
              "size": [
                12.0,
                4.0,
                1.0
              ],
              "uv": [
                42,
                9
              ],
              "inflate": 0
            },
            {
              "origin": [
                -6.0,
                0.0,
                -6.0
              ],
              "size": [
                12.0,
                3.0,
                1.0
              ],
              "uv": [
                0,
                56
              ],
              "inflate": 0
            },
            {
              "origin": [
                -6.0,
                0.0,
                7.0
              ],
              "size": [
                12.0,
                3.0,
                1.0
              ],
              "uv": [
                0,
                56
              ],
              "inflate": 0
            },
            {
              "origin": [
                -6.0,
                0.0,
                -7.0
              ],
              "size": [
                12.0,
                2.0,
                1.0
              ],
              "uv": [
                55,
                20
              ],
              "inflate": 0
            },
            {
              "origin": [
                -6.0,
                0.0,
                8.0
              ],
              "size": [
                12.0,
                2.0,
                1.0
              ],
              "uv": [
                55,
                20
              ],
              "inflate": 0
            },
            {
              "origin": [
                -7.0,
                0.0,
                -8.0
              ],
              "size": [
                14.0,
                1.0,
                14.0
              ],
              "uv": [
                0,
                0
              ],
              "inflate": 0
            },
            {
              "origin": [
                -4.0,
                0.0,
                -9.0
              ],
              "size": [
                8.0,
                1.0,
                1.0
              ],
              "uv": [
                0,
                60
              ],
              "inflate": 0
            },
            {
              "origin": [
                -4.0,
                0.0,
                9.0
              ],
              "size": [
                8.0,
                1.0,
                1.0
              ],
              "uv": [
                0,
                60
              ],
              "inflate": 0
            },
            {
              "origin": [
                -2.0,
                0.0,
                -9.0
              ],
              "size": [
                4.0,
                1.0,
                1.0
              ],
              "uv": [
                64,
                29
              ],
              "inflate": 0
            },
            {
              "origin": [
                -2.0,
                0.0,
                -10.0
              ],
              "size": [
                4.0,
                1.0,
                1.0
              ],
              "uv": [
                43,
                51
              ],
              "inflate": 0
            },
            {
              "origin": [
                -6.0,
                0.0,
                6.0
              ],
              "size": [
                12.0,
                6.0,
                1.0
              ],
              "uv": [
                26,
                49
              ],
              "inflate": 0
            },
            {
              "origin": [
                -6.0,
                0.0,
                5.0
              ],
              "size": [
                12.0,
                8.0,
                1.0
              ],
              "uv": [
                0,
                39
              ],
              "inflate": 0
            }
          ],
          "parent": "jake"
        }
      ]
    }
  ]
}