{
  "format_version": "1.12.0",
  "minecraft:geometry": [
    {
      "description": {
        "identifier": "geometry.cn_steven",
        "texture_width": 64,
        "texture_height": 64,
        "visible_bounds_width": 4,
        "visible_bounds_height": 3.5,
        "visible_bounds_offset": [
          0,
          1.25,
          0
        ]
      },
      "bones": [
        {
          "name": "steven"
        },
        {
          "name": "body",
          "pivot": [
            0,
            10,
            0
          ],
          "cubes": [
            {
              "origin": [
                -4.0,
                10.0,
                -3.0
              ],
              "size": [
                3.0,
                10.0,
                1.0
              ],
              "uv": [
                8,
                45
              ],
              "inflate": 0
            },
            {
              "origin": [
                4.0,
                10.0,
                -3.0
              ],
              "size": [
                1.0,
                4.0,
                6.0
              ],
              "uv": [
                33,
                31
              ],
              "inflate": 0
            },
            {
              "origin": [
                -5.0,
                10.0,
                -3.0
              ],
              "size": [
                1.0,
                4.0,
                6.0
              ],
              "uv": [
                0,
                34
              ],
              "inflate": 0
            },
            {
              "origin": [
                1.0,
                10.0,
                -3.0
              ],
              "size": [
                3.0,
                10.0,
                1.0
              ],
              "uv": [
                0,
                44
              ],
              "inflate": 0
            },
            {
              "origin": [
                -4.0,
                10.0,
                -2.0
              ],
              "size": [
                8.0,
                10.0,
                5.0
              ],
              "uv": [
                0,
                19
              ],
              "inflate": 0
            }
          ],
          "parent": "steven"
        },
        {
          "name": "leftarm",
          "pivot": [
            4,
            18,
            0
          ],
          "cubes": [
            {
              "origin": [
                4.0,
                17.0,
                -1.5
              ],
              "size": [
                8.0,
                3.0,
                3.0
              ],
              "uv": [
                23,
                16
              ],
              "inflate": 0
            },
            {
              "origin": [
                13.0,
                18.0,
                -2.0
              ],
              "size": [
                3.0,
                1.0,
                4.0
              ],
              "uv": [
                17,
                0
              ],
              "inflate": 0
            },
            {
              "origin": [
                13.0,
                18.0,
                -4.0
              ],
              "size": [
                1.0,
                1.0,
                2.0
              ],
              "uv": [
                0,
                6
              ],
              "inflate": 0
            },
            {
              "origin": [
                11.4,
                17.0,
                -1.5
              ],
              "size": [
                2.0,
                3.0,
                3.0
              ],
              "uv": [
                40,
                22
              ],
              "inflate": -0.4
            }
          ],
          "parent": "body"
        },
        {
          "name": "bone18",
          "pivot": [
            17,
            18,
            1
          ],
          "cubes": [
            {
              "origin": [
                17.0,
                13.0,
                -4.5
              ],
              "size": [
                4.0,
                10.0,
                9.0
              ],
              "uv": [
                0,
                0
              ],
              "inflate": 0
            }
          ],
          "parent": "leftarm"
        },
        {
          "name": "bone19",
          "pivot": [
            21,
            18,
            2
          ],
          "cubes": [
            {
              "origin": [
                21.1,
                17.0,
                1.5
              ],
              "size": [
                0.0,
                2.0,
                2.0
              ],
              "uv": [
                13,
                10
              ],
              "inflate": 0
            }
          ],
          "parent": "bone18"
        },
        {
          "name": "bone20",
          "pivot": [
            21,
            21,
            -3
          ],
          "cubes": [
            {
              "origin": [
                21.1,
                20.0,
                -3.5
              ],
              "size": [
                0.0,
                2.0,
                2.0
              ],
              "uv": [
                14,
                11
              ],
              "inflate": 0
            }
          ],
          "parent": "bone18"
        },
        {
          "name": "bone21",
          "pivot": [
            21,
            15,
            -2
          ],
          "cubes": [
            {
              "origin": [
                21.1,
                14.0,
                -2.5
              ],
              "size": [
                0.0,
                2.0,
                2.0
              ],
              "uv": [
                19,
                15
              ],
              "inflate": 0
            }
          ],
          "parent": "bone18"
        },
        {
          "name": "bone",
          "pivot": [
            16,
            18.5,
            0
          ],
          "cubes": [
            {
              "origin": [
                16.0,
                18.0,
                -0.5
              ],
              "size": [
                2.0,
                1.0,
                1.0
              ],
              "uv": [
                21,
                22
              ],
              "inflate": 0
            }
          ],
          "parent": "leftarm"
        },
        {
          "name": "bone2",
          "pivot": [
            18,
            18.5,
            0
          ],
          "cubes": [
            {
              "origin": [
                18.0,
                18.0,
                -0.5
              ],
              "size": [
                1.0,
                1.0,
                1.0
              ],
              "uv": [
                22,
                6
              ],
              "inflate": 0
            }
          ],
          "parent": "bone"
        },
        {
          "name": "bone3",
          "pivot": [
            16,
            18.5,
            -2
          ],
          "cubes": [
            {
              "origin": [
                16.0,
                18.0,
                -2.0
              ],
              "size": [
                2.0,
                1.0,
                1.0
              ],
              "uv": [
                17,
                7
              ],
              "inflate": 0
            }
          ],
          "parent": "leftarm"
        },
        {
          "name": "bone4",
          "pivot": [
            18,
            18.5,
            -2
          ],
          "cubes": [
            {
              "origin": [
                18.0,
                18.0,
                -2.0
              ],
              "size": [
                1.0,
                1.0,
                1.0
              ],
              "uv": [
                0,
                22
              ],
              "inflate": 0
            }
          ],
          "parent": "bone3"
        },
        {
          "name": "bone5",
          "pivot": [
            16,
            18.5,
            1
          ],
          "cubes": [
            {
              "origin": [
                16.0,
                18.0,
                1.0
              ],
              "size": [
                2.0,
                1.0,
                1.0
              ],
              "uv": [
                17,
                5
              ],
              "inflate": 0
            }
          ],
          "parent": "leftarm"
        },
        {
          "name": "bone6",
          "pivot": [
            18,
            18.5,
            1
          ],
          "cubes": [
            {
              "origin": [
                18.0,
                18.0,
                1.0
              ],
              "size": [
                1.0,
                1.0,
                1.0
              ],
              "uv": [
                4,
                6
              ],
              "inflate": 0
            }
          ],
          "parent": "bone5"
        },
        {
          "name": "rightarm",
          "pivot": [
            -4,
            18,
            0
          ],
          "cubes": [
            {
              "origin": [
                -4.0,
                17.0,
                -1.5
              ],
              "size": [
                8.0,
                3.0,
                3.0
              ],
              "uv": [
                0,
                58
              ],
              "inflate": 0
            },
            {
              "origin": [
                5.0,
                18.0,
                -2.0
              ],
              "size": [
                3.0,
                1.0,
                4.0
              ],
              "uv": [
                44,
                0
              ],
              "inflate": 0
            },
            {
              "origin": [
                5.0,
                18.0,
                2.0
              ],
              "size": [
                1.0,
                1.0,
                2.0
              ],
              "uv": [
                0,
                6
              ],
              "inflate": 0
            },
            {
              "origin": [
                3.4,
                17.0,
                -1.5
              ],
              "size": [
                2.0,
                3.0,
                3.0
              ],
              "uv": [
                40,
                22
              ],
              "inflate": -0.4
            }
          ],
          "parent": "body",
          "rotation": [
            0,
            180,
            0
          ]
        },
        {
          "name": "bone11",
          "pivot": [
            8,
            18.5,
            0
          ],
          "cubes": [
            {
              "origin": [
                8.0,
                18.0,
                -0.5
              ],
              "size": [
                2.0,
                1.0,
                1.0
              ],
              "uv": [
                58,
                0
              ],
              "inflate": 0
            }
          ],
          "parent": "rightarm"
        },
        {
          "name": "bone12",
          "pivot": [
            10,
            18.5,
            0
          ],
          "cubes": [
            {
              "origin": [
                10.0,
                18.0,
                -0.5
              ],
              "size": [
                1.0,
                1.0,
                1.0
              ],
              "uv": [
                54,
                0
              ],
              "inflate": 0
            }
          ],
          "parent": "bone11"
        },
        {
          "name": "bone13",
          "pivot": [
            8,
            18.5,
            -2
          ],
          "cubes": [
            {
              "origin": [
                8.0,
                18.0,
                -2.0
              ],
              "size": [
                2.0,
                1.0,
                1.0
              ],
              "uv": [
                17,
                7
              ],
              "inflate": 0
            }
          ],
          "parent": "rightarm"
        },
        {
          "name": "bone14",
          "pivot": [
            10,
            18.5,
            -2
          ],
          "cubes": [
            {
              "origin": [
                10.0,
                18.0,
                -2.0
              ],
              "size": [
                1.0,
                1.0,
                1.0
              ],
              "uv": [
                0,
                22
              ],
              "inflate": 0
            }
          ],
          "parent": "bone13"
        },
        {
          "name": "bone15",
          "pivot": [
            8,
            18.5,
            1
          ],
          "cubes": [
            {
              "origin": [
                8.0,
                18.0,
                1.0
              ],
              "size": [
                2.0,
                1.0,
                1.0
              ],
              "uv": [
                17,
                5
              ],
              "inflate": 0
            }
          ],
          "parent": "rightarm"
        },
        {
          "name": "bone16",
          "pivot": [
            10,
            18.5,
            1
          ],
          "cubes": [
            {
              "origin": [
                10.0,
                18.0,
                1.0
              ],
              "size": [
                1.0,
                1.0,
                1.0
              ],
              "uv": [
                4,
                6
              ],
              "inflate": 0
            }
          ],
          "parent": "bone15"
        },
        {
          "name": "head",
          "pivot": [
            0,
            20,
            0
          ],
          "cubes": [
            {
              "origin": [
                3.0,
                22.0,
                -1.0
              ],
              "size": [
                1.0,
                2.0,
                1.0
              ],
              "uv": [
                0,
                19
              ],
              "inflate": 0
            },
            {
              "origin": [
                -3.0,
                20.0,
                -3.0
              ],
              "size": [
                6.0,
                6.0,
                6.0
              ],
              "uv": [
                26,
                0
              ],
              "inflate": 0
            },
            {
              "origin": [
                -1.5,
                22.0,
                -3.0
              ],
              "size": [
                0.5,
                1.0,
                0.0
              ],
              "uv": [
                27,
                32
              ],
              "inflate": 0
            },
            {
              "origin": [
                -2.5,
                22.0,
                -3.0
              ],
              "size": [
                0.5,
                1.0,
                0.0
              ],
              "uv": [
                27,
                32
              ],
              "inflate": 0
            },
            {
              "origin": [
                1.0,
                23.0,
                -3.0
              ],
              "size": [
                0.5,
                1.0,
                0.0
              ],
              "uv": [
                27,
                32
              ],
              "inflate": 0
            },
            {
              "origin": [
                1.5,
                22.0,
                -3.0
              ],
              "size": [
                0.5,
                1.0,
                0.0
              ],
              "uv": [
                27,
                32
              ],
              "inflate": 0
            },
            {
              "origin": [
                -2.0,
                23.0,
                -3.0
              ],
              "size": [
                0.5,
                1.0,
                0.0
              ],
              "uv": [
                27,
                32
              ],
              "inflate": 0
            },
            {
              "origin": [
                -4.0,
                22.0,
                -1.0
              ],
              "size": [
                1.0,
                2.0,
                1.0
              ],
              "uv": [
                17,
                0
              ],
              "inflate": 0
            },
            {
              "origin": [
                3.0,
                20.0,
                0.0
              ],
              "size": [
                1.0,
                6.0,
                2.0
              ],
              "uv": [
                45,
                12
              ],
              "inflate": 0
            },
            {
              "origin": [
                -4.0,
                20.0,
                0.0
              ],
              "size": [
                1.0,
                6.0,
                2.0
              ],
              "uv": [
                44,
                28
              ],
              "inflate": 0
            },
            {
              "origin": [
                -3.0,
                26.0,
                0.0
              ],
              "size": [
                6.0,
                1.0,
                2.0
              ],
              "uv": [
                26,
                12
              ],
              "inflate": 0
            }
          ],
          "parent": "body"
        },
        {
          "name": "bone17",
          "pivot": [
            0,
            21,
            -3
          ],
          "cubes": [
            {
              "origin": [
                -2.0,
                15.0,
                -3.1
              ],
              "size": [
                4.0,
                6.0,
                0.0
              ],
              "uv": [
                0,
                0
              ],
              "inflate": 0
            }
          ],
          "parent": "head"
        },
        {
          "name": "leftleg",
          "pivot": [
            2,
            10,
            0
          ],
          "cubes": [
            {
              "origin": [
                1.0,
                7.0,
                -1.5
              ],
              "size": [
                3.0,
                5.0,
                3.0
              ],
              "uv": [
                26,
                41
              ],
              "inflate": 0
            }
          ],
          "parent": "steven"
        },
        {
          "name": "bone7",
          "pivot": [
            2.5,
            7,
            0
          ],
          "cubes": [
            {
              "origin": [
                1.0,
                2.0,
                -1.5
              ],
              "size": [
                3.0,
                5.0,
                3.0
              ],
              "uv": [
                38,
                41
              ],
              "inflate": 0
            }
          ],
          "parent": "leftleg"
        },
        {
          "name": "bone8",
          "pivot": [
            2.5,
            2,
            0
          ],
          "cubes": [
            {
              "origin": [
                0.5,
                0.0,
                -4.5
              ],
              "size": [
                4.0,
                2.0,
                6.0
              ],
              "uv": [
                26,
                22
              ],
              "inflate": 0
            }
          ],
          "parent": "bone7"
        },
        {
          "name": "rightleg",
          "pivot": [
            -3,
            10,
            0
          ],
          "cubes": [
            {
              "origin": [
                -4.0,
                7.0,
                -1.5
              ],
              "size": [
                3.0,
                5.0,
                3.0
              ],
              "uv": [
                26,
                41
              ],
              "inflate": 0
            }
          ],
          "parent": "steven"
        },
        {
          "name": "bone9",
          "pivot": [
            -2.5,
            7,
            0
          ],
          "cubes": [
            {
              "origin": [
                -4.0,
                2.0,
                -1.5
              ],
              "size": [
                3.0,
                5.0,
                3.0
              ],
              "uv": [
                14,
                37
              ],
              "inflate": 0
            }
          ],
          "parent": "rightleg"
        },
        {
          "name": "bone10",
          "pivot": [
            -2.5,
            2,
            0
          ],
          "cubes": [
            {
              "origin": [
                -4.5,
                0.0,
                -2.5
              ],
              "size": [
                4.0,
                2.0,
                5.0
              ],
              "uv": [
                21,
                30
              ],
              "inflate": 0
            }
          ],
          "parent": "bone9"
        }
      ]
    }
  ]
}