{
  "format_version": "1.10.0",
  "minecraft:client_entity": {
    "description": {
      "identifier": "blockception:car",

      "animations": {
        "wheels": "animation.car.wheels",
        "steer_wheel": "animation.car.steer_wheel"
      },

      "scripts": {
        "animate": ["wheels", "steer_wheel"]
      },

      "geometry": {
        "car1": "geometry.car1",
        "car2": "geometry.car2",
        "car3": "geometry.car3",
        "car4": "geometry.car4"
      },
      "materials": { "default": "entity", "alpha": "entity_alphatest" },
      "textures": {
        "car1_blackblack": "textures/entity/vehicles/car1/black_black",
        "car1_blackorange": "textures/entity/vehicles/car1/black_orange",
        "car1_blueblack": "textures/entity/vehicles/car1/blue_black",
        "car1_blueblue": "textures/entity/vehicles/car1/blue_blue",
        "car1_blueorange": "textures/entity/vehicles/car1/blue_orange",
        "car1_bluewhite": "textures/entity/vehicles/car1/blue_white",
        "car1_blueyellow": "textures/entity/vehicles/car1/blue_yellow",
        "car1_graygray": "textures/entity/vehicles/car1/gray_gray",
        "car1_greenblack": "textures/entity/vehicles/car1/green_black",
        "car1_greenblue": "textures/entity/vehicles/car1/green_blue",
        "car1_greengreen": "textures/entity/vehicles/car1/green_green",
        "car1_greenwhite": "textures/entity/vehicles/car1/green_white",
        "car1_orangeorange": "textures/entity/vehicles/car1/orange_orange",
        "car1_redblue": "textures/entity/vehicles/car1/red_blue",
        "car1_redgray": "textures/entity/vehicles/car1/red_gray",
        "car1_redred": "textures/entity/vehicles/car1/red_red",
        "car1_yellowblack": "textures/entity/vehicles/car1/yellow_black",
        "car1_yellowyellow": "textures/entity/vehicles/car1/yellow_yellow",

        "car2_blue": "textures/entity/vehicles/car2/blue",
        "car2_gray": "textures/entity/vehicles/car2/gray",
        "car2_green": "textures/entity/vehicles/car2/green",
        "car2_orange": "textures/entity/vehicles/car2/orange",
        "car2_purple": "textures/entity/vehicles/car2/purple",
        "car2_red": "textures/entity/vehicles/car2/red",
        "car2_yellow": "textures/entity/vehicles/car2/yellow",

        "car3_blue": "textures/entity/vehicles/car3/blue",
        "car3_gray": "textures/entity/vehicles/car3/gray",
        "car3_green": "textures/entity/vehicles/car3/green",
        "car3_orange": "textures/entity/vehicles/car3/orange",
        "car3_purple": "textures/entity/vehicles/car3/purple",
        "car3_red": "textures/entity/vehicles/car3/red",
        "car3_yellow": "textures/entity/vehicles/car3/yellow",

        "car4_blue": "textures/entity/vehicles/car4/blue",
        "car4_gray": "textures/entity/vehicles/car4/gray",
        "car4_green": "textures/entity/vehicles/car4/green",
        "car4_orange": "textures/entity/vehicles/car4/orange",
        "car4_purple": "textures/entity/vehicles/car4/purple",
        "car4_red": "textures/entity/vehicles/car4/red",
        "car4_yellow": "textures/entity/vehicles/car4/yellow"
      },
      "render_controllers": ["controller.render.blockception_car"],
      "spawn_egg": {
        "base_color": "#00FF00",
        "overlay_color": "#000000"
      }
    }
  }
}
