{
  "format_version": "1.10.0",
  "minecraft:client_entity": {
    "description": {
      "identifier": "blockception:firefighter",
      "materials": { "default": "entity", "alpha": "entity_alphatest" },
      "textures": {
        "firefighter1": "textures/entity/npc/citizens/firefighter1",
        "firefighter2": "textures/entity/npc/citizens/firefighter2",
        "firefighter3": "textures/entity/npc/citizens/firefighter3",
        "firefighter4": "textures/entity/npc/citizens/firefighter4",
        "firefighter5": "textures/entity/npc/citizens/firefighter5",
        "firefighter6": "textures/entity/npc/citizens/firefighter6"
      },
      "geometry": { "male": "geometry.npc", "female": "geometry.npc_female" },
      "render_controllers": ["controller.render.npc.firefighter"],
      "scripts": {
        "pre_animation": [
          "variable.tcos0 = (Math.cos(query.modified_distance_moved * 38.17) * query.modified_move_speed / variable.gliding_speed_value) * 57.3;",
          "variable.tcos1 = -variable.tcos0;",
          "variable.leftArm = (-(Math.cos(query.life_time * 103.2) * 2.865) - 2.865);",
          "variable.rightArm = ((Math.cos(query.life_time * 103.2) * 2.865) + 2.865);"
        ],
        "animate": ["controller.basic", "controller.move"]
      },
      "animations": {
        "controller.basic": "controller.animation.blockception_humanoid.basic",
        "controller.move": "controller.animation.blockception_humanoid.walk",
        "look_at_target": "animation.blockception_humanoid.look_at_target",
        "base_pose": "animation.blockception_humanoid.default_pose",
        "walk": "animation.blockception_humanoid.walk"
      },
      "spawn_egg": {
        "base_color": "#00FF00",
        "overlay_color": "#000000"
      }
    }
  }
}
