{
  "format_version": "1.10.0",
  "animation_controllers": {
    "controller.animation.cannonbolt.move": {
      "states": {
        "default": {
          "animations": ["cannonbolt.breathe"],
          "transitions": [
            { "sneaking": "query.is_sneaking" },
            { "moving": "query.modified_move_speed >= 0.1" },
            { "jumping": "query.is_jumping" },
            { "falling": "!query.is_on_ground && !query.is_jumping" },
            { "attack": "variable.attack_time > 0" }
          ],
          "blend_transition": 0.25
        },
        "moving": {
          "animations": ["cannonbolt.walk"],
          "transitions": [
            { "default": "query.modified_move_speed < 0.1" },
            { "jumping": "query.is_jumping" },
            { "sneaking": "query.is_sneaking && query.modified_move_speed < 0.1" },
            { "sneaking_moving": "query.is_sneaking && query.modified_move_speed >= 0.1" },
            { "running": "query.is_sprinting" },
            { "falling": "!query.is_on_ground && !query.is_jumping" }
          ],
          "blend_transition": 0.25
        },
        "sneaking": {
          "animations": ["cannonbolt.sneak"],
          "transitions": [
            { "default": "!query.is_sneaking" },
            { "sneak_pose": "query.all_animations_finished" },
            { "sneaking_moving": "query.is_sneaking && query.modified_move_speed >= 0.1" },
            { "jumping": "query.is_jumping" },
            { "falling": "!query.is_on_ground && !query.is_jumping" }
          ],
          "blend_transition": 0.25
        },
        "sneak_pose": {
          "animations": ["cannonbolt.sneak_pose"],
          "transitions": [
            { "default": "!query.is_sneaking" },
            { "sneaking_moving": "query.is_sneaking && query.modified_move_speed >= 0.1" },
            { "jumping": "query.is_jumping" },
            { "falling": "!query.is_on_ground && !query.is_jumping" }
          ],
          "blend_transition": 0.25
        },
        "sneaking_moving": {
          "animations": ["cannonbolt.sneak_move"],
          "transitions": [
            { "sneak_pose": "query.modified_move_speed < 0.1 && query.is_sneaking" },
            { "moving": "query.modified_move_speed >= 0.1 && !query.is_sneaking" },
            { "jumping": "query.is_jumping" },
            { "falling": "!query.is_on_ground && !query.is_jumping" }
          ],
          "blend_transition": 0.25
        },
        "jumping": {
          "animations": ["cannonbolt.jump"],
          "transitions": [{ "default": "query.is_on_ground" }, { "falling": "!query.is_on_ground && query.all_animations_finished" }],
          "blend_transition": 0.25
        },
        "running": {
          "animations": ["cannonbolt.run"],
          "transitions": [
            { "default": "query.modified_move_speed < 0.1 &&!query.is_sprinting" },
            { "moving": "query.modified_move_speed >= 0.1 && !query.is_sprinting" },
            { "sneaking": "query.is_sneaking" },
            { "falling": "!query.is_on_ground && !query.is_jumping" },
            { "jumping": "query.is_jumping" }
          ],
          "blend_transition": 0.25
        },
        "falling": { "animations": ["cannonbolt.falling"], "transitions": [{ "default": "query.is_on_ground" }], "blend_transition": 0.25 },
        "attack": {
          "animations": ["cannonbolt.attack_full"],
          "transitions": [{ "default": "query.all_animations_finished" }],
          "blend_transition": 0.25
        }
      }
    },
    "controller.animation.cannonbolt.attack": {
      "states": {
        "default": {
          "transitions": [
            {
              "attack": "variable.attack_time > 0 && (query.modified_move_speed > 0.1 || query.is_jumping || !query.is_on_ground || query.is_in_water || query.is_sneaking) && !query.is_charged"
            }
          ],
          "blend_transition": 0.25
        },
        "attack": {
          "animations": ["cannonbolt.attack_moving"],
          "transitions": [{ "default": "query.all_animations_finished" }],
          "blend_transition": 0.25
        }
      }
    },
    "controller.animation.cannonbolt.smoke": {
      "states": {
        "default": {
          "transitions": [
            {
              "sprinting": "query.is_sprinting"
            }
          ],
          "blend_transition": 0.25
        },
        "sprinting": {
          "animations": ["cannonbolt.smoke_particles"],
          "transitions": [{ "default": "!query.is_sprinting || query.modified_move_speed < 0.1" }],
          "blend_transition": 0.25
        }
      }
    },
    "controller.animation.cannonbolt.ball": {
      "states": {
        "default": {
          "transitions": [{ "standing": "!query.is_baby" }, { "ball": "query.is_baby" }]
        },
        "standing": {
          "transitions": [{ "stand_to_ball": "query.is_baby" }]
        },
        "stand_to_ball": {
          "animations": ["cannonbolt.roll_start"],
          "transitions": [{ "ball": "query.all_animations_finished" }]
        },
        "ball": {
          "animations": ["cannonbolt.ball_pose"],
          "on_entry": ["variable.cannonbolt_ball = 1;"],
          "on_exit": ["variable.cannonbolt_ball = 0;"],
          "transitions": [
            { "ball_to_stand": "!query.is_baby" },
            { "piledriver": "query.is_using_item && query.get_equipped_item_name('main_hand') == 'cannonbolt_piledriver'" },
            { "slam": "query.is_using_item && query.get_equipped_item_name('main_hand') == 'cannonbolt_slam'" }
          ]
        },
        "ball_to_stand": {
          "animations": ["cannonbolt.roll_end"],
          "transitions": [{ "standing": "query.all_animations_finished" }]
        },
        "piledriver": {
          "animations": ["cannonbolt.ball_pose", "cannonbolt.piledriver"],
          "transitions": [{ "ball": "query.all_animations_finished" }],
          "blend_transition": 0.25
        },
        "slam": {
          "animations": ["cannonbolt.ball_pose", "cannonbolt.wall_slam"],
          "transitions": [{ "ball": "query.all_animations_finished" }],
          "blend_transition": 0.25
        }
      }
    },
    "controller.animation.cannonbolt.ball_move": {
      "states": {
        "default": {
          "animations": ["cannonbolt.ball_still"],
          "transitions": [{ "moving": "query.modified_move_speed >= 0.1" }],
          "blend_transition": 0.25,
          "blend_via_shortest_path": true
        },
        "moving": {
          "animations": ["cannonbolt.roll_loop"],
          "transitions": [{ "default": "query.modified_move_speed < 0.1" }],
          "blend_transition": 0.25,
          "blend_via_shortest_path": true
        }
      }
    },
    "controller.animation.cannonbolt.first_person": {
      "states": {
        "default": {
          "animations": ["cannonbolt.first_person.base_pose"]
        }
      }
    }
  }
}
