{
  "format_version": "1.10.0",
  "animation_controllers": {
    "controller.animation.diamondhead.move": {
      "states": {
        "default": {
          "animations": ["diamondhead.breathe"],
          "transitions": [
            { "sneaking": "query.is_sneaking" },
            { "moving": "query.modified_move_speed >= 0.1" },
            { "start_jump": "query.is_jumping" },
            { "start_falling": "!query.is_on_ground && !query.is_jumping" },
            { "attack": "variable.attack_time > 0" },
            {
              "spike_summon": "query.is_using_item && (query.get_equipped_item_name('main_hand') == 'diamondhead_line' || query.get_equipped_item_name('main_hand') == 'diamondhead_circle' || query.get_equipped_item_name('main_hand') == 'crystalfist_line' || query.get_equipped_item_name('main_hand') == 'crystalfist_circle')"
            },
            {
              "spike_throw": "query.is_using_item && (query.get_equipped_item_name('main_hand') == 'diamondhead_darts' || query.get_equipped_item_name('main_hand') == 'crystalfist_darts')"
            }
          ],
          "blend_transition": 0.25
        },
        "moving": {
          "animations": ["diamondhead.walk"],
          "transitions": [
            { "default": "query.modified_move_speed < 0.1" },
            { "start_jump": "query.is_jumping" },
            { "sneaking": "query.is_sneaking && query.modified_move_speed < 0.1" },
            { "sneaking_moving": "query.is_sneaking && query.modified_move_speed >= 0.1" },
            { "running": "query.is_sprinting" },
            { "start_falling": "!query.is_on_ground && !query.is_jumping" },
            {
              "spike_summon": "query.is_using_item && (query.get_equipped_item_name('main_hand') == 'diamondhead_line' || query.get_equipped_item_name('main_hand') == 'diamondhead_circle' || query.get_equipped_item_name('main_hand') == 'crystalfist_line' || query.get_equipped_item_name('main_hand') == 'crystalfist_circle')"
            },
            {
              "spike_throw": "query.is_using_item && (query.get_equipped_item_name('main_hand') == 'diamondhead_darts' || query.get_equipped_item_name('main_hand') == 'crystalfist_darts')"
            }
          ],
          "blend_transition": 0.25
        },
        "sneaking": {
          "animations": ["diamondhead.sneak"],
          "transitions": [
            { "default": "!query.is_sneaking" },
            { "sneak_pose": "query.all_animations_finished" },
            { "sneaking_moving": "query.is_sneaking && query.modified_move_speed >= 0.1" },
            { "start_jump": "query.is_jumping" },
            { "start_falling": "!query.is_on_ground && !query.is_jumping" },
            {
              "spike_summon": "query.is_using_item && (query.get_equipped_item_name('main_hand') == 'diamondhead_line' || query.get_equipped_item_name('main_hand') == 'diamondhead_circle' || query.get_equipped_item_name('main_hand') == 'crystalfist_line' || query.get_equipped_item_name('main_hand') == 'crystalfist_circle')"
            },
            {
              "spike_throw": "query.is_using_item && (query.get_equipped_item_name('main_hand') == 'diamondhead_darts' || query.get_equipped_item_name('main_hand') == 'crystalfist_darts')"
            }
          ],
          "blend_transition": 0.25
        },
        "sneak_pose": {
          "animations": ["diamondhead.sneak_pose"],
          "transitions": [
            { "default": "!query.is_sneaking" },
            { "sneaking_moving": "query.is_sneaking && query.modified_move_speed >= 0.1" },
            { "start_jump": "query.is_jumping" },
            { "start_falling": "!query.is_on_ground && !query.is_jumping" },
            {
              "spike_summon": "query.is_using_item && (query.get_equipped_item_name('main_hand') == 'diamondhead_line' || query.get_equipped_item_name('main_hand') == 'diamondhead_circle' || query.get_equipped_item_name('main_hand') == 'crystalfist_line' || query.get_equipped_item_name('main_hand') == 'crystalfist_circle')"
            },
            {
              "spike_throw": "query.is_using_item && (query.get_equipped_item_name('main_hand') == 'diamondhead_darts' || query.get_equipped_item_name('main_hand') == 'crystalfist_darts')"
            }
          ],
          "blend_transition": 0.25
        },
        "sneaking_moving": {
          "animations": ["diamondhead.sneak_move"],
          "transitions": [
            { "sneak_pose": "query.modified_move_speed < 0.1 && query.is_sneaking" },
            { "moving": "query.modified_move_speed >= 0.1 && !query.is_sneaking" },
            { "start_jump": "query.is_jumping" },
            { "start_falling": "!query.is_on_ground && !query.is_jumping" },
            {
              "spike_summon": "query.is_using_item && (query.get_equipped_item_name('main_hand') == 'diamondhead_line' || query.get_equipped_item_name('main_hand') == 'diamondhead_circle' || query.get_equipped_item_name('main_hand') == 'crystalfist_line' || query.get_equipped_item_name('main_hand') == 'crystalfist_circle')"
            },
            {
              "spike_throw": "query.is_using_item && (query.get_equipped_item_name('main_hand') == 'diamondhead_darts' || query.get_equipped_item_name('main_hand') == 'crystalfist_darts')"
            }
          ],
          "blend_transition": 0.25
        },
        "start_jump": { "animations": ["diamondhead.jump_start"], "transitions": [{ "loop_jump": "query.all_animations_finished" }], "blend_transition": 0.25 },
        "loop_jump": {
          "animations": ["diamondhead.jump_mid"],
          "transitions": [{ "end_jump": "query.is_on_ground" }, { "moving": "query.is_on_ground && query.is_moving" }],
          "blend_transition": 0.25
        },
        "end_jump": {
          "animations": ["diamondhead.jump_end"],
          "transitions": [{ "default": "query.all_animations_finished" }, { "moving": "query.is_moving" }, { "start_jump": "query.is_jumping" }],
          "blend_transition": 0.25
        },
        "running": {
          "animations": ["diamondhead.run"],
          "transitions": [
            { "default": "query.modified_move_speed < 0.1 &&!query.is_sprinting" },
            { "moving": "query.modified_move_speed >= 0.1 && !query.is_sprinting" },
            { "sneaking": "query.is_sneaking" },
            { "start_falling": "!query.is_on_ground && !query.is_jumping" },
            { "start_jump": "query.is_jumping" },
            {
              "spike_summon": "query.is_using_item && (query.get_equipped_item_name('main_hand') == 'diamondhead_line' || query.get_equipped_item_name('main_hand') == 'diamondhead_circle' || query.get_equipped_item_name('main_hand') == 'crystalfist_line' || query.get_equipped_item_name('main_hand') == 'crystalfist_circle')"
            },
            {
              "spike_throw": "query.is_using_item && (query.get_equipped_item_name('main_hand') == 'diamondhead_darts' || query.get_equipped_item_name('main_hand') == 'crystalfist_darts')"
            }
          ],
          "blend_transition": 0.25
        },
        "start_falling": {
          "animations": ["diamondhead.fall_start"],
          "transitions": [{ "loop_falling": "query.all_animations_finished" }, { "default": "query.is_on_ground" }],
          "blend_transition": 0.25
        },
        "loop_falling": { "animations": ["diamondhead.fall_mid"], "transitions": [{ "end_falling": "query.is_on_ground" }], "blend_transition": 0.25 },
        "end_falling": {
          "animations": ["diamondhead.fall_end"],
          "transitions": [{ "default": "query.all_animations_finished" }, { "start_falling": "!query.is_on_ground" }, { "moving": "query.is_moving" }],
          "blend_transition": 0.25
        },
        "spike_summon": { "animations": ["diamondhead.spike_summon"], "transitions": [{ "default": "query.all_animations_finished" }], "blend_transition": 0.25 },
        "spike_throw": { "animations": ["diamondhead.spike_throw"], "transitions": [{ "default": "query.all_animations_finished" }], "blend_transition": 0.25 },
        "attack": {
          "animations": ["diamondhead.punch_full"],
          "transitions": [{ "default": "query.all_animations_finished" }],
          "blend_transition": 0.25
        }
      }
    },
    "controller.animation.diamondhead.attack": {
      "states": {
        "default": {
          "transitions": [
            {
              "attack": "variable.attack_time > 0 && (query.modified_move_speed > 0.1 || query.is_jumping || !query.is_on_ground || query.is_in_water || query.is_sneaking) && !query.is_charged"
            }
          ],
          "blend_transition": 0.25
        },
        "attack": {
          "animations": ["diamondhead.attack_moving"],
          "transitions": [{ "default": "query.all_animations_finished" }],
          "blend_transition": 0.25
        }
      }
    },
    "controller.animation.diamondhead.first_person": {
      "states": {
        "default": {
          "animations": ["diamondhead.first_person.base_pose"],
          "transitions": [
            {
              "darts": "query.is_using_item && (query.get_equipped_item_name('main_hand') == 'diamondhead_darts' || query.get_equipped_item_name('main_hand') == 'crystalfist_darts') && !query.is_charged"
            },
            {
              "spikes": "query.is_using_item && (query.get_equipped_item_name('main_hand') == 'diamondhead_line' || query.get_equipped_item_name('main_hand') == 'diamondhead_circle' || query.get_equipped_item_name('main_hand') == 'crystalfist_line' || query.get_equipped_item_name('main_hand') == 'crystalfist_circle') && !query.is_charged"
            }
          ],
          "on_entry": ["variable.diamondhead_leftarm = 0;"],
          "blend_transition": 0.25
        },
        "darts": {
          "animations": ["diamondhead.first_person.darts"],
          "transitions": [{ "default": "query.all_animations_finished" }],
          "on_entry": ["variable.diamondhead_leftarm = 1;"],
          "blend_transition": 0.25
        },
        "spikes": {
          "animations": ["diamondhead.first_person.crystals"],
          "transitions": [{ "default": "query.all_animations_finished" }],
          "on_entry": ["variable.diamondhead_leftarm = 1;"],
          "blend_transition": 0.25
        }
      }
    },
    "controller.animation.diamondhead.first_person_base": {
      "states": {
        "default": {
          "animations": ["diamondhead.first_person.base_pose"]
        }
      }
    },
    "controller.animation.diamondhead.crystal": {
      "states": {
        "default": {
          "animations": ["spawn.anim"],
          "transitions": [{ "spawned": "query.all_animations_finished" }, { "death": "query.life_time >= 2.18" }]
        },
        "spawned": {
          "transitions": [{ "death": "query.life_time >= 2.18" }]
        },
        "death": {
          "animations": ["death.anim"]
        }
      }
    }
  }
}
