{
  "format_version": "1.10.0",
  "animation_controllers": {
    "controller.animation.fourarms.move": {
      "states": {
        "default": {
          "animations": ["fourarms.breathe"],
          "transitions": [
            { "sneaking": "query.is_sneaking" },
            { "moving": "query.modified_move_speed >= 0.1" },
            { "start_jump": "query.is_jumping" },
            { "start_falling": "!query.is_on_ground && !query.is_jumping" },
            {
              "clap": "query.is_using_item && (query.get_equipped_item_name('main_hand') == 'fourarms_seismicclap' || query.get_equipped_item_name('main_hand') == 'quadsmack_seismicclap')"
            },
            {
              "get_rock": "query.is_using_item && (query.get_equipped_item_name('main_hand') == 'fourarms_getdebris' || query.get_equipped_item_name('main_hand') == 'quadsmack_getdebris')"
            },
            {
              "throw_rock": "query.is_using_item && (query.get_equipped_item_name('main_hand') == 'fourarms_throwdebris' || query.get_equipped_item_name('main_hand') == 'quadsmack_throwdebris') && query.is_illager_captain"
            },
            { "attack": "variable.attack_time > 0 && variable.fourarms_picked_up == 0" }
          ],
          "blend_transition": 0.25
        },
        "moving": {
          "animations": ["fourarms.walk"],
          "transitions": [
            { "default": "query.modified_move_speed < 0.1" },
            { "start_jump": "query.is_jumping" },
            { "sneaking": "query.is_sneaking && query.modified_move_speed < 0.1" },
            { "sneaking_moving": "query.is_sneaking && query.modified_move_speed >= 0.1" },
            { "start_running": "query.is_sprinting" },
            { "start_falling": "!query.is_on_ground && !query.is_jumping" },
            {
              "clap": "query.is_using_item && (query.get_equipped_item_name('main_hand') == 'fourarms_seismicclap' || query.get_equipped_item_name('main_hand') == 'quadsmack_seismicclap')"
            },
            {
              "get_rock": "query.is_using_item && (query.get_equipped_item_name('main_hand') == 'fourarms_getdebris' || query.get_equipped_item_name('main_hand') == 'quadsmack_getdebris')"
            },
            {
              "throw_rock": "query.is_using_item && (query.get_equipped_item_name('main_hand') == 'fourarms_throwdebris' || query.get_equipped_item_name('main_hand') == 'quadsmack_throwdebris') && query.is_illager_captain"
            }
          ],
          "blend_transition": 0.25
        },
        "sneaking": {
          "animations": ["fourarms.sneak"],
          "transitions": [
            { "default": "!query.is_sneaking" },
            { "sneak_pose": "query.all_animations_finished" },
            { "sneaking_moving": "query.is_sneaking && query.modified_move_speed >= 0.1" },
            { "start_jump": "query.is_jumping" },
            { "start_falling": "!query.is_on_ground && !query.is_jumping" },
            {
              "clap": "query.is_using_item && (query.get_equipped_item_name('main_hand') == 'fourarms_seismicclap' || query.get_equipped_item_name('main_hand') == 'quadsmack_seismicclap')"
            },
            {
              "get_rock": "query.is_using_item && (query.get_equipped_item_name('main_hand') == 'fourarms_getdebris' || query.get_equipped_item_name('main_hand') == 'quadsmack_getdebris')"
            },
            {
              "throw_rock": "query.is_using_item && (query.get_equipped_item_name('main_hand') == 'fourarms_throwdebris' || query.get_equipped_item_name('main_hand') == 'quadsmack_throwdebris') && query.is_illager_captain"
            }
          ],
          "blend_transition": 0.25
        },
        "sneak_pose": {
          "animations": ["fourarms.sneak_pose"],
          "transitions": [
            { "default": "!query.is_sneaking" },
            { "sneaking_moving": "query.is_sneaking && query.modified_move_speed >= 0.1" },
            { "start_jump": "query.is_jumping" },
            { "start_falling": "!query.is_on_ground && !query.is_jumping" },
            {
              "clap": "query.is_using_item && (query.get_equipped_item_name('main_hand') == 'fourarms_seismicclap' || query.get_equipped_item_name('main_hand') == 'quadsmack_seismicclap')"
            },
            {
              "get_rock": "query.is_using_item && (query.get_equipped_item_name('main_hand') == 'fourarms_getdebris' || query.get_equipped_item_name('main_hand') == 'quadsmack_getdebris')"
            },
            {
              "throw_rock": "query.is_using_item && (query.get_equipped_item_name('main_hand') == 'fourarms_throwdebris' || query.get_equipped_item_name('main_hand') == 'quadsmack_throwdebris') && query.is_illager_captain"
            }
          ],
          "blend_transition": 0.25
        },
        "sneaking_moving": {
          "animations": ["fourarms.sneak_move"],
          "transitions": [
            { "sneak_pose": "query.modified_move_speed < 0.1 && query.is_sneaking" },
            { "moving": "query.modified_move_speed >= 0.1 && !query.is_sneaking" },
            { "start_jump": "query.is_jumping" },
            { "start_falling": "!query.is_on_ground && !query.is_jumping" },
            {
              "clap": "query.is_using_item && (query.get_equipped_item_name('main_hand') == 'fourarms_seismicclap' || query.get_equipped_item_name('main_hand') == 'quadsmack_seismicclap')"
            },
            {
              "get_rock": "query.is_using_item && (query.get_equipped_item_name('main_hand') == 'fourarms_getdebris' || query.get_equipped_item_name('main_hand') == 'quadsmack_getdebris')"
            },
            {
              "throw_rock": "query.is_using_item && (query.get_equipped_item_name('main_hand') == 'fourarms_throwdebris' || query.get_equipped_item_name('main_hand') == 'quadsmack_throwdebris') && query.is_illager_captain"
            }
          ],
          "blend_transition": 0.25
        },
        "start_jump": { "animations": ["fourarms.jump_start"], "transitions": [{ "loop_jump": "query.all_animations_finished" }], "blend_transition": 0.25 },
        "loop_jump": { "animations": ["fourarms.jump_mid"], "transitions": [{ "end_jump": "query.is_on_ground" }], "blend_transition": 0.25 },
        "end_jump": {
          "animations": ["fourarms.jump_end"],
          "transitions": [{ "default": "query.all_animations_finished" }, { "moving": "query.is_moving" }],
          "blend_transition": 0.25
        },
        "start_running": {
          "animations": ["fourarms.sprint_start"],
          "transitions": [{ "loop_running": "query.all_animations_finished" }, { "start_falling": "!query.is_on_ground && !query.is_jumping" }],
          "blend_transition": 0.25
        },
        "loop_running": {
          "animations": ["fourarms.sprint_mid"],
          "transitions": [{ "end_running": "!query.is_sprinting" }, { "start_falling": "!query.is_on_ground && !query.is_jumping" }, { "start_jump": "query.is_jumping" }],
          "blend_transition": 0.25
        },
        "end_running": {
          "animations": ["fourarms.sprint_end"],
          "transitions": [
            { "default": "query.all_animations_finished" },
            { "start_jump": "query.all_animations_finished" },
            { "start_running": "query.all_animations_finished" },
            { "sneaking": "query.all_animations_finished" }
          ],
          "blend_transition": 0.25
        },
        "start_falling": {
          "animations": ["fourarms.fall_start"],
          "transitions": [{ "loop_falling": "query.all_animations_finished" }, { "default": "query.is_on_ground" }],
          "blend_transition": 0.25
        },
        "loop_falling": { "animations": ["fourarms.fall_mid"], "transitions": [{ "end_falling": "query.is_on_ground" }], "blend_transition": 0.25 },
        "end_falling": {
          "animations": ["fourarms.fall_end"],
          "transitions": [{ "default": "query.all_animations_finished" }, { "start_falling": "!query.is_on_ground" }, { "moving": "query.is_moving" }],
          "blend_transition": 0.25
        },
        "clap": { "animations": ["fourarms.clap"], "transitions": [{ "default": "query.all_animations_finished" }], "blend_transition": 0.25 },
        "get_rock": {
          "animations": ["fourarms.get_rock"],
          "on_exit": ["variable.fourarms_picked_up = query.is_illager_captain;"],
          "transitions": [{ "default": "query.all_animations_finished" }]
        },
        "throw_rock": { "animations": ["fourarms.throw_rock"], "on_entry": ["variable.fourarms_picked_up = 0;"], "transitions": [{ "default": "query.all_animations_finished" }] },
        "attack": { "animations": ["fourarms.punch_full"], "transitions": [{ "default": "query.all_animations_finished" }] }
      }
    },
    "controller.animation.fourarms.arms": {
      "states": {
        "default": {
          "transitions": [
            { "picked_up": "variable.fourarms_picked_up == 1 || query.is_illager_captain" },
            {
              "attack": "variable.attack_time > 0 && (query.modified_move_speed > 0.1 || query.is_jumping || !query.is_on_ground || query.is_in_water || query.is_sneaking) && !query.is_charged && variable.fourarms_picked_up == 0"
            },
            {
              "attack_picked_up": "variable.attack_time > 0 && !query.is_charged && variable.fourarms_picked_up == 1"
            }
          ],
          "on_entry": ["variable.fourarms_picked_up = 0;"]
        },
        "picked_up": {
          "animations": ["fourarms.pickup_arms"],
          "transitions": [
            { "default": "variable.fourarms_picked_up == 0 || !query.is_illager_captain" },
            {
              "attack_picked_up": "variable.attack_time > 0 && !query.is_charged && variable.fourarms_picked_up == 1"
            }
          ],
          "on_entry": ["variable.fourarms_picked_up = 1;"]
        },
        "attack": { "animations": ["fourarms.punch_move"], "transitions": [{ "default": "query.all_animations_finished" }] },
        "attack_picked_up": { "animations": ["fourarms.punch_move", "fourarms.pickup_arms"], "transitions": [{ "picked_up": "query.all_animations_finished" }] }
      }
    },
    "controller.animation.fourarms.first_person": {
      "states": {
        "default": {
          "animations": ["fourarms.first_person.base_pose"],
          "transitions": [
            {
              "clap": "query.is_using_item && (query.get_equipped_item_name('main_hand') == 'fourarms_seismicclap' || query.get_equipped_item_name('main_hand') == 'quadsmack_seismicclap') && !query.is_charged"
            },
            {
              "getdebris": "query.is_using_item && (query.get_equipped_item_name('main_hand') == 'fourarms_getdebris' || query.get_equipped_item_name('main_hand') == 'quadsmack_getdebris') && !query.is_charged"
            },
            {
              "throwdebris": "query.is_using_item && (query.get_equipped_item_name('main_hand') == 'fourarms_throwdebris' || query.get_equipped_item_name('main_hand') == 'quadsmack_throwdebris') && !query.is_charged"
            }
          ],
          "on_entry": ["variable.fourarms_leftarm = 0;", "variable.quadsmack_leftarm = 0;"],
          "blend_transition": 0.25
        },
        "clap": {
          "animations": ["fourarms.first_person.seismic_clap"],
          "transitions": [{ "default": "query.all_animations_finished" }],
          "on_entry": ["variable.fourarms_leftarm = 1;", "variable.quadsmack_leftarm = 1;"],
          "blend_transition": 0.25
        },
        "getdebris": {
          "animations": ["fourarms.first_person.get_debris"],
          "transitions": [{ "default": "query.all_animations_finished" }],
          "on_entry": ["variable.fourarms_leftarm = 1;", "variable.quadsmack_leftarm = 1;"],
          "blend_transition": 0.25
        },
        "throwdebris": {
          "animations": ["fourarms.first_person.throw_debris"],
          "transitions": [{ "default": "query.all_animations_finished" }],
          "on_entry": ["variable.fourarms_leftarm = 1;", "variable.quadsmack_leftarm = 1;"],
          "blend_transition": 0.25
        }
      }
    },
    "controller.animation.fourarms.first_person_arms": {
      "states": {
        "default": {
          "on_entry": ["variable.fourarms_picked_up = 0;"],
          "transitions": [{ "picked_up": "variable.fourarms_picked_up == 1 || query.is_illager_captain" }]
        },
        "picked_up": {
          "on_entry": ["variable.fourarms_picked_up = 1;"],
          "transitions": [{ "default": "variable.fourarms_picked_up == 0 || !query.is_illager_captain" }]
        }
      }
    }
  }
}
