{
  "format_version": "1.10.0",
  "animation_controllers": {
    "controller.animation.gax.move": {
      "states": {
        "default": {
          "animations": ["gax.breathe"],
          "transitions": [
            { "swimming": "query.is_in_water" },
            { "moving": "query.modified_move_speed >= 0.1" },
            { "jumping": "query.is_jumping" },
            { "falling": "!query.is_on_ground && !query.is_jumping" },
            { "attack": "variable.attack_time > 0" },
            { "laser_start": "query.is_using_item && query.get_equipped_item_name('main_hand') == 'humungousaur_sonar'" }
          ],
          "blend_transition": 0.25
        },
        "moving": {
          "animations": ["gax.walk"],
          "transitions": [
            { "default": "query.modified_move_speed < 0.1" },
            { "jumping": "query.is_jumping" },
            { "swimming": "query.is_in_water && query.modified_move_speed < 0.1" },
            { "swimming_moving": "query.is_in_water && query.modified_move_speed >= 0.1" },
            { "running": "query.is_sprinting" },
            { "falling": "!query.is_on_ground && !query.is_jumping" },
            { "laser_start": "query.is_using_item && query.get_equipped_item_name('main_hand') == 'humungousaur_sonar'" }
          ],
          "blend_transition": 0.25
        },
        "swimming": {
          "animations": ["humungousaur.treading_water"],
          "transitions": [
            { "default": "!query.is_in_water" },
            { "swimming_moving": "query.is_in_water && query.modified_move_speed >= 0.1" },
            { "jumping": "query.is_jumping" },
            { "falling": "!query.is_on_ground && !query.is_jumping" }
          ],
          "blend_transition": 0.25
        },
        "swimming_moving": {
          "animations": ["humungousaur.swimming"],
          "transitions": [
            { "swimming": "query.modified_move_speed < 0.1 && query.is_in_water" },
            { "moving": "query.modified_move_speed >= 0.1 && !query.is_in_water" },
            { "jumping": "query.is_jumping" },
            { "falling": "!query.is_on_ground && !query.is_jumping" }
          ],
          "blend_transition": 0.25
        },
        "jumping": {
          "animations": ["humungousaur.jump"],
          "transitions": [{ "default": "query.is_on_ground" }, { "falling": "!query.is_on_ground && query.all_animations_finished" }],
          "blend_transition": 0.25
        },
        "running": {
          "animations": ["gax.run"],
          "transitions": [
            { "default": "query.modified_move_speed < 0.1 &&!query.is_sprinting" },
            { "moving": "query.modified_move_speed >= 0.1 && !query.is_sprinting" },
            { "swimming": "query.is_in_water" },
            { "falling": "!query.is_on_ground && !query.is_jumping" },
            { "jumping": "query.is_jumping" },
            { "laser_start": "query.is_using_item && query.get_equipped_item_name('main_hand') == 'humungousaur_sonar'" }
          ],
          "blend_transition": 0.25
        },
        "falling": { "animations": ["humungousaur.fall"], "transitions": [{ "default": "query.is_on_ground" }], "blend_transition": 0.25 },
        "attack": {
          "animations": ["gax.punch"],
          "transitions": [{ "default": "query.all_animations_finished" }],
          "blend_transition": 0.25
        },
        "stomp": {
          "animations": ["humungousaur.stomp"],
          "transitions": [{ "default": "query.all_animations_finished" }],
          "blend_transition": 0.25
        },
        "tailwhip": {
          "animations": ["humungousaur.tailwhip"],
          "transitions": [{ "default": "query.all_animations_finished" }],
          "blend_transition": 0.25
        },
        "laser_start": {
          "animations": ["humungousaur.laser_start"],
          "transitions": [{ "laser_loop": "query.all_animations_finished" }],
          "blend_transition": 0.25
        },
        "laser_loop": {
          "animations": ["humungousaur.laser_loop"],
          "transitions": [
            { "laser_end": "query.modified_move_speed < 0.1 && (!query.is_using_item || query.get_equipped_item_name('main_hand') != 'humungousaur_sonar')" },
            { "default": "query.modified_move_speed >= 0.1 && (!query.is_using_item || query.get_equipped_item_name('main_hand') != 'humungousaur_sonar')" }
          ],
          "blend_transition": 0.25
        },
        "laser_end": {
          "animations": ["humungousaur.laser_end"],
          "transitions": [{ "default": "query.all_animations_finished" }],
          "blend_transition": 0.25
        }
      }
    },
    "controller.animation.gax.attack": {
      "states": {
        "default": {
          "transitions": [
            {
              "attack": "variable.attack_time > 0 && (query.modified_move_speed > 0.1 || query.is_jumping || !query.is_on_ground || query.is_in_water || query.is_sneaking) && !query.is_charged"
            }
          ],
          "blend_transition": 0.25
        },
        "attack": {
          "animations": ["gax.attack_moving"],
          "transitions": [{ "default": "query.all_animations_finished" }],
          "blend_transition": 0.25
        }
      }
    },
    "controller.animation.humungousaur.first_person": {
      "states": {
        "default": {
          "animations": ["humungousaur.first_person.base_pose"],
          "transitions": [
            { "stomp": "query.is_using_item && query.get_equipped_item_name('main_hand') == 'humungousaur_stomp' && !query.is_charged" },
            { "tailwhip": "query.is_using_item && query.get_equipped_item_name('main_hand') == 'humungousaur_tail' && !query.is_charged" }
          ],
          "on_entry": ["variable.humungousaur_leftarm = 0;"],
          "blend_transition": 0.25
        },
        "stomp": {
          "animations": ["humungousaur.first_person.stomp"],
          "transitions": [{ "default": "query.all_animations_finished" }],
          "on_entry": ["variable.humungousaur_leftarm = 1;"],
          "blend_transition": 0.25
        },
        "tailwhip": {
          "animations": ["humungousaur.first_person.tail_whip"],
          "transitions": [{ "default": "query.all_animations_finished" }],
          "blend_transition": 0.25
        }
      }
    },
    "controller.animation.humungousaur.first_person_base": {
      "states": {
        "default": {
          "animations": ["humungousaur.first_person.base_pose"]
        }
      }
    }
  }
}
