{
  "format_version": "1.10.0",
  "animation_controllers": {
    "controller.animation.heatblast.move": {
      "states": {
        "default": {
          "animations": ["heatblast.breathe"],
          "transitions": [
            { "swimming": "query.is_in_water" },
            { "sneaking": "query.is_sneaking" },
            { "moving": "query.modified_move_speed >= 0.1" },
            { "jumping": "query.is_jumping" },
            { "falling": "!query.is_on_ground && !query.is_jumping" },
            { "attack": "variable.attack_time > 0" },
            { "fireball": "query.is_using_item && query.get_equipped_item_name('main_hand') == 'heatblast_fireball'" },
            { "start_flamethrower": "query.is_using_item && query.get_equipped_item_name('main_hand') == 'heatblast_flamethrower'" },
            { "take_off": "query.is_using_item && query.get_equipped_item_name('main_hand') == 'heatblast_takeoff'" }
          ],
          "blend_transition": 0.25
        },
        "moving": {
          "animations": ["heatblast.walk"],
          "transitions": [
            { "default": "query.modified_move_speed < 0.1" },
            { "jumping": "query.is_jumping" },
            { "sneaking": "query.is_sneaking" },
            { "swimming": "query.is_in_water && query.modified_move_speed < 0.1" },
            { "swimming_moving": "query.is_in_water && query.modified_move_speed >= 0.1" },
            { "running": "query.is_sprinting" },
            { "falling": "!query.is_on_ground && !query.is_jumping" },
            { "fireball": "query.is_using_item && query.get_equipped_item_name('main_hand') == 'heatblast_fireball'" },
            { "start_flamethrower": "query.is_using_item && query.get_equipped_item_name('main_hand') == 'heatblast_flamethrower'" },
            { "take_off": "query.is_using_item && query.get_equipped_item_name('main_hand') == 'heatblast_takeoff'" }
          ],
          "blend_transition": 0.25
        },
        "swimming": {
          "animations": ["heatblast.treading_water"],
          "transitions": [
            { "default": "!query.is_in_water" },
            { "swimming_moving": "query.is_in_water && query.modified_move_speed >= 0.1" },
            { "jumping": "query.is_jumping" },
            { "falling": "!query.is_on_ground && !query.is_jumping" }
          ],
          "blend_transition": 0.25
        },
        "swimming_moving": {
          "animations": ["heatblast.swimming"],
          "transitions": [
            { "swimming": "query.modified_move_speed < 0.1 && query.is_in_water" },
            { "moving": "query.modified_move_speed >= 0.1 && !query.is_in_water" },
            { "jumping": "query.is_jumping" },
            { "falling": "!query.is_on_ground && !query.is_jumping" }
          ],
          "blend_transition": 0.25
        },
        "jumping": {
          "animations": ["heatblast.jump"],
          "transitions": [{ "default": "query.is_on_ground" }, { "falling": "!query.is_on_ground && query.all_animations_finished" }],
          "blend_transition": 0.25
        },
        "running": {
          "animations": ["heatblast.run"],
          "transitions": [
            { "default": "query.modified_move_speed < 0.1 &&!query.is_sprinting" },
            { "sneaking": "query.is_sneaking" },
            { "moving": "query.modified_move_speed >= 0.1 && !query.is_sprinting" },
            { "swimming": "query.is_in_water" },
            { "falling": "!query.is_on_ground && !query.is_jumping" },
            { "jumping": "query.is_jumping" },
            { "fireball": "query.is_using_item && query.get_equipped_item_name('main_hand') == 'heatblast_fireball'" },
            { "start_flamethrower": "query.is_using_item && query.get_equipped_item_name('main_hand') == 'heatblast_flamethrower'" },
            { "take_off": "query.is_using_item && query.get_equipped_item_name('main_hand') == 'heatblast_takeoff'" }
          ],
          "blend_transition": 0.25
        },
        "sneaking": {
          "animations": ["heatblast.sneak"],
          "transitions": [
            { "default": "!query.is_sneaking" },
            { "sneaking_moving": "query.is_sneaking && query.modified_move_speed >= 0.1" },
            { "jumping": "query.is_jumping" },
            { "falling": "!query.is_on_ground && !query.is_jumping" },
            { "fireball": "query.is_using_item && query.get_equipped_item_name('main_hand') == 'heatblast_fireball'" },
            { "start_flamethrower": "query.is_using_item && query.get_equipped_item_name('main_hand') == 'heatblast_flamethrower'" },
            { "take_off": "query.is_using_item && query.get_equipped_item_name('main_hand') == 'heatblast_takeoff'" }
          ],
          "blend_transition": 0.25
        },
        "sneaking_moving": {
          "animations": ["heatblast.sneak_move"],
          "transitions": [
            { "sneaking": "query.modified_move_speed < 0.1 && query.is_sneaking" },
            { "moving": "query.modified_move_speed >= 0.1 && !query.is_sneaking" },
            { "jumping": "query.is_jumping" },
            { "falling": "!query.is_on_ground && !query.is_jumping" },
            { "fireball": "query.is_using_item && query.get_equipped_item_name('main_hand') == 'heatblast_fireball'" },
            { "start_flamethrower": "query.is_using_item && query.get_equipped_item_name('main_hand') == 'heatblast_flamethrower'" },
            { "take_off": "query.is_using_item && query.get_equipped_item_name('main_hand') == 'heatblast_takeoff'" }
          ],
          "blend_transition": 0.25
        },
        "falling": {
          "animations": ["heatblast.fall"],
          "transitions": [
            { "default": "query.is_on_ground && query.modified_move_speed >= 0.1" },
            { "land": "query.is_on_ground && query.modified_move_speed < 0.1" },
            { "take_off": "query.is_using_item && query.get_equipped_item_name('main_hand') == 'heatblast_takeoff'" }
          ],
          "blend_transition": 0.25
        },
        "land": { "animations": ["heatblast.land"], "transitions": [{ "default": "query.all_animations_finished || query.modified_move_speed >= 0.1" }] },
        "attack": {
          "animations": ["heatblast.punch"],
          "transitions": [{ "default": "query.all_animations_finished" }],
          "blend_transition": 0.25
        },
        "fireball": {
          "animations": ["heatblast.fireball"],
          "transitions": [{ "default": "query.all_animations_finished" }],
          "blend_transition": 0.25
        },
        "start_flamethrower": {
          "animations": ["heatblast.flamethrower_start"],
          "transitions": [{ "loop_flamethrower": "query.all_animations_finished" }],
          "blend_transition": 0.25
        },
        "loop_flamethrower": {
          "animations": ["heatblast.flamethrower_loop"],
          "transitions": [
            { "end_flamethrower": "query.modified_move_speed < 0.1 && (!query.is_using_item || query.get_equipped_item_name('main_hand') != 'heatblast_flamethrower')" },
            { "default": "query.modified_move_speed >= 0.1 && (!query.is_using_item || query.get_equipped_item_name('main_hand') != 'heatblast_flamethrower')" }
          ],
          "blend_transition": 0.25
        },
        "end_flamethrower": {
          "animations": ["heatblast.flamethrower_end"],
          "transitions": [{ "default": "query.all_animations_finished" }],
          "blend_transition": 0.25
        },
        "take_off": {
          "animations": ["heatblast.take_off"],
          "transitions": [
            { "default": "query.is_on_ground || (query.all_animations_finished && query.is_on_ground)" },
            { "take_off_glide": "query.all_animations_finished && !query.is_on_ground" }
          ],
          "blend_transition": 0.25
        },
        "take_off_glide": {
          "animations": ["heatblast.take_off_glide"],
          "transitions": [{ "default": "query.is_on_ground" }],
          "blend_transition": 0.25
        }
      }
    },
    "controller.animation.heatblast.attack": {
      "states": {
        "default": {
          "transitions": [
            {
              "attack": "variable.attack_time > 0 && (query.modified_move_speed > 0.1 || query.is_jumping || !query.is_on_ground || query.is_in_water || query.is_sneaking) && !query.is_charged"
            }
          ],
          "blend_transition": 0.25
        },
        "attack": {
          "animations": ["heatblast.attack_moving"],
          "transitions": [{ "default": "query.all_animations_finished" }],
          "blend_transition": 0.25
        }
      }
    },
    "controller.animation.heatblast.first_person": {
      "states": {
        "default": {
          "animations": ["heatblast.first_person.base_pose"],
          "transitions": [
            { "fireball": "query.is_using_item && query.get_equipped_item_name('main_hand') == 'heatblast_fireball' && !query.is_charged" },
            { "flamethrower_start": "query.is_using_item && query.get_equipped_item_name('main_hand') == 'heatblast_flamethrower' && !query.is_charged" }
          ],
          "on_entry": ["variable.heatblast_leftarm = 0;"],
          "blend_transition": 0.25
        },
        "fireball": {
          "animations": ["heatblast.first_person.fireball"],
          "transitions": [{ "default": "query.all_animations_finished" }],
          "blend_transition": 0.25
        },
        "flamethrower_start": {
          "animations": ["heatblast.first_person.flamethrower_start", "heatblast.first_person.flamethrower_offset"],
          "transitions": [{ "flamethrower_loop": "query.all_animations_finished" }],
          "on_entry": ["variable.heatblast_leftarm = 1;"],
          "blend_transition": 0.25
        },
        "flamethrower_loop": {
          "animations": ["heatblast.first_person.flamethrower_loop", "heatblast.first_person.flamethrower_offset"],
          "transitions": [{ "flamethrower_end": "!query.is_using_item || query.get_equipped_item_name('main_hand') != 'heatblast_flamethrower'" }],
          "blend_transition": 0.25
        },
        "flamethrower_end": {
          "animations": ["heatblast.first_person.flamethrower_end", "heatblast.first_person.flamethrower_offset"],
          "transitions": [
            { "default": "query.all_animations_finished" },
            { "fireball": "query.is_using_item && query.get_equipped_item_name('main_hand') == 'heatblast_fireball' && !query.is_charged" }
          ],
          "blend_transition": 0.25
        }
      }
    },
    "controller.animation.heatblast.first_person_base": {
      "states": {
        "default": {
          "animations": ["heatblast.first_person.base_pose"]
        }
      }
    },
    "controller.animation.heatblast.flames": {
      "states": {
        "default": {
          "transitions": [{ "take_off": "query.is_using_item && query.get_equipped_item_name('main_hand') == 'heatblast_takeoff'" }]
        },
        "take_off": {
          "animations": ["heatblast.flames.take_off"],
          "transitions": [
            { "default": "query.is_on_ground || (query.all_animations_finished && query.is_on_ground)" },
            { "take_off_glide": "query.all_animations_finished && !query.is_on_ground" }
          ]
        },
        "take_off_glide": {
          "animations": ["heatblast.flames.take_off_glide"],
          "transitions": [{ "default": "query.is_on_ground" }]
        }
      }
    }
  }
}
