{
  "format_version": "1.10.0",
  "animation_controllers": {
    "controller.animation.jetray.move": {
      "states": {
        "default": {
          "animations": ["jetray.breathe"],
          "transitions": [
            { "swimming": "query.is_in_water" },
            { "sneaking": "query.is_sneaking && query.modified_move_speed < 0.1 && query.is_on_ground" },
            { "moving": "query.modified_move_speed >= 0.1 && query.is_on_ground" },
            { "jumping": "query.is_jumping" },
            { "falling": "!query.is_on_ground" },
            { "attack": "variable.attack_time > 0" },
            { "lasers": "query.is_using_item && query.get_equipped_item_name('main_hand') == 'jetray_lasers'" }
          ],
          "blend_transition": 0.25
        },
        "moving": {
          "animations": ["jetray.walk"],
          "transitions": [
            { "default": "query.modified_move_speed < 0.1" },
            { "sneaking": "query.is_sneaking && query.modified_move_speed < 0.1" },
            { "falling": "!query.is_on_ground" },
            { "jumping": "query.is_jumping" },
            { "swimming": "query.is_in_water && query.modified_move_speed < 0.1" },
            { "swimming_moving": "query.is_in_water && query.modified_move_speed >= 0.1" },
            { "running": "query.is_sprinting" },
            { "lasers": "query.is_using_item && query.get_equipped_item_name('main_hand') == 'jetray_lasers'" }
          ],
          "blend_transition": 0.25
        },
        "swimming": {
          "animations": ["jetray.treading_water"],
          "transitions": [
            { "default": "!query.is_in_water" },
            { "swimming_moving": "query.is_in_water && query.modified_move_speed >= 0.1" },
            { "falling": "!query.is_on_ground && !query.is_jumping" },
            { "jumping": "query.is_jumping" }
          ],
          "blend_transition": 0.25
        },
        "swimming_moving": {
          "animations": ["jetray.swimming"],
          "transitions": [
            { "swimming": "query.modified_move_speed < 0.1 && query.is_in_water" },
            { "moving": "query.modified_move_speed >= 0.1 && !query.is_in_water" },
            { "falling": "!query.is_on_ground && !query.is_jumping" },
            { "jumping": "query.is_jumping" }
          ],
          "blend_transition": 0.25
        },
        "sneaking": {
          "animations": ["jetray.sneak"],
          "transitions": [
            { "default": "!query.is_sneaking" },
            { "sneak_pose": "query.all_animations_finished" },
            { "sneaking_moving": "query.is_sneaking && query.modified_move_speed >= 0.1" },
            { "falling": "!query.is_on_ground && !query.is_jumping" },
            { "jumping": "query.is_jumping" },
            { "lasers": "query.is_using_item && query.get_equipped_item_name('main_hand') == 'jetray_lasers'" }
          ],
          "blend_transition": 0.25
        },
        "sneak_pose": {
          "animations": ["jetray.sneak_pose"],
          "transitions": [
            { "default": "!query.is_sneaking" },
            { "sneaking_moving": "query.is_sneaking && query.modified_move_speed >= 0.1" },
            { "falling": "!query.is_on_ground && !query.is_jumping" },
            { "jumping": "query.is_jumping" },
            { "lasers": "query.is_using_item && query.get_equipped_item_name('main_hand') == 'jetray_lasers'" }
          ],
          "blend_transition": 0.25
        },
        "sneaking_moving": {
          "animations": ["jetray.sneak_move"],
          "transitions": [
            { "sneak_pose": "query.modified_move_speed < 0.1 && query.is_sneaking" },
            { "moving": "query.modified_move_speed >= 0.1 && !query.is_sneaking" },
            { "falling": "!query.is_on_ground && !query.is_jumping" },
            { "jumping": "query.is_jumping" },
            { "lasers": "query.is_using_item && query.get_equipped_item_name('main_hand') == 'jetray_lasers'" }
          ],
          "blend_transition": 0.25
        },
        "jumping": {
          "animations": ["jetray.jump"],
          "transitions": [{ "default": "query.is_on_ground" }, { "falling": "!query.is_on_ground && query.all_animations_finished" }],
          "blend_transition": 0.25
        },
        "running": {
          "animations": ["jetray.run"],
          "transitions": [
            { "default": "query.modified_move_speed < 0.1 &&!query.is_sprinting" },
            { "sneaking": "query.is_sneaking && query.modified_move_speed < 0.1" },
            { "moving": "query.modified_move_speed >= 0.1 && !query.is_sprinting" },
            { "swimming": "query.is_in_water" },
            { "falling": "!query.is_on_ground && !query.is_jumping" },
            { "jumping": "query.is_jumping" },
            { "lasers": "query.is_using_item && query.get_equipped_item_name('main_hand') == 'jetray_lasers'" }
          ],
          "blend_transition": 0.25
        },
        "falling": { "animations": ["jetray.fall"], "transitions": [{ "default": "query.is_on_ground" }], "blend_transition": 0.25 },
        "attack": {
          "animations": ["jetray.punch"],
          "transitions": [{ "default": "query.all_animations_finished" }],
          "blend_transition": 0.25
        },
        "lasers": {
          "animations": ["jetray.lasers"],
          "transitions": [{ "default": "query.all_animations_finished" }],
          "blend_transition": 0.25
        }
      }
    },
    "controller.animation.jetray.attack": {
      "states": {
        "default": {
          "transitions": [
            {
              "attack": "variable.attack_time > 0 && (query.modified_move_speed > 0.1 || query.is_jumping || !query.is_on_ground || query.is_in_water || query.is_sneaking) && !query.is_charged"
            }
          ],
          "blend_transition": 0.25
        },
        "attack": {
          "animations": ["jetray.attack_moving"],
          "transitions": [{ "default": "query.all_animations_finished" }],
          "blend_transition": 0.25
        }
      }
    },
    "controller.animation.jetray.flying": {
      "states": {
        "default": {
          "animations": ["jetray.fly", "jetray.flight_direction"]
        }
      }
    },
    "controller.animation.jetray.flying_legs": {
      "states": {
        "default": {
          "transitions": [
            { "pickup": "query.is_using_item && query.get_equipped_item_name('main_hand') == 'jetray_pickup'" },
            { "drop": "query.is_using_item && query.get_equipped_item_name('main_hand') == 'jetray_drop'" },
            { "pickup_still": "query.has_rider" }
          ],
          "blend_transition": 0.25
        },
        "pickup": {
          "animations": ["jetray.pickup_legs"],
          "transitions": [{ "default": "query.all_animations_finished && !query.has_rider" }, { "pickup_still": "query.all_animations_finished && query.has_rider" }],
          "blend_transition": 0.25
        },
        "pickup_still": {
          "animations": ["jetray.pickup_still"],
          "transitions": [{ "drop": "query.is_using_item && query.get_equipped_item_name('main_hand') == 'jetray_drop'" }, { "default": "!query.has_rider" }],
          "blend_transition": 0.25
        },
        "drop": {
          "animations": ["jetray.drop_legs"],
          "transitions": [{ "default": "query.all_animations_finished" }, { "pickup_still": "query.has_rider" }],
          "blend_transition": 0.25
        }
      }
    },
    "controller.animation.jetray.flying_head": {
      "states": {
        "default": {
          "transitions": [{ "lasers": "query.is_using_item && query.get_equipped_item_name('main_hand') == 'jetray_lasers'" }],
          "blend_transition": 0.25
        },
        "lasers": {
          "animations": ["jetray.flying_lasers"],
          "transitions": [{ "default": "query.all_animations_finished" }],
          "blend_transition": 0.25
        }
      }
    },
    "controller.animation.jetray.first_person": {
      "states": {
        "default": {
          "animations": ["jetray.first_person.base_pose"]
        }
      }
    }
  }
}
