{
  "format_version": "1.10.0",
  "animation_controllers": {
    "controller.animation.rath.move": {
      "states": {
        "default": {
          "animations": ["rath.breathe"],
          "transitions": [
            { "swimming": "query.is_in_water" },
            { "sneaking": "query.is_sneaking" },
            { "moving": "query.modified_move_speed >= 0.1" },
            { "jumping": "query.is_jumping" },
            { "falling": "!query.is_on_ground && !query.is_jumping" },
            { "attacking": "variable.attack_time > 0" },
            { "roar": "query.is_using_item && query.get_equipped_item_name('main_hand') == 'rath_roar'" },
            { "slash": "query.is_using_item && query.get_equipped_item_name('main_hand') == 'rath_slash'" },
            { "climbing": "query.is_riding" }
          ],
          "blend_transition": 0.25
        },
        "moving": {
          "animations": ["rath.walk"],
          "transitions": [
            { "default": "query.modified_move_speed < 0.1" },
            { "jumping": "query.is_jumping" },
            { "swimming": "query.is_in_water && query.modified_move_speed < 0.1" },
            { "swimming_moving": "query.is_in_water && query.modified_move_speed >= 0.1" },
            { "sneaking": "query.is_sneaking && query.modified_move_speed < 0.1" },
            { "sneaking_moving": "query.is_sneaking && query.modified_move_speed >= 0.1" },
            { "running": "query.is_sprinting" },
            { "falling": "!query.is_on_ground && !query.is_jumping" },
            { "roar": "query.is_using_item && query.get_equipped_item_name('main_hand') == 'rath_roar'" },
            { "slash": "query.is_using_item && query.get_equipped_item_name('main_hand') == 'rath_slash'" },
            { "climbing": "query.is_riding" }
          ],
          "blend_transition": 0.25
        },
        "swimming": {
          "animations": ["rath.fall"],
          "transitions": [
            { "default": "!query.is_in_water" },
            { "swimming_moving": "query.is_in_water && query.modified_move_speed >= 0.1" },
            { "jumping": "query.is_jumping" },
            { "falling": "!query.is_on_ground && !query.is_jumping" },
            { "climbing": "query.is_riding" }
          ],
          "blend_transition": 0.25
        },
        "swimming_moving": {
          "animations": ["rath.swimming"],
          "transitions": [
            { "swimming": "query.modified_move_speed < 0.1 && query.is_in_water" },
            { "moving": "query.modified_move_speed >= 0.1 && !query.is_in_water" },
            { "jumping": "query.is_jumping" },
            { "falling": "!query.is_on_ground && !query.is_jumping" },
            { "climbing": "query.is_riding" }
          ],
          "blend_transition": 0.25
        },
        "sneaking": {
          "animations": ["rath.sneak"],
          "transitions": [
            { "default": "!query.is_sneaking" },
            { "sneak_pose": "query.all_animations_finished" },
            { "sneaking_moving": "query.is_sneaking && query.modified_move_speed >= 0.1" },
            { "jumping": "query.is_jumping" },
            { "falling": "!query.is_on_ground && !query.is_jumping" },
            { "roar": "query.is_using_item && query.get_equipped_item_name('main_hand') == 'rath_roar'" },
            { "slash": "query.is_using_item && query.get_equipped_item_name('main_hand') == 'rath_slash'" },
            { "climbing": "query.is_riding" }
          ],
          "blend_transition": 0.25
        },
        "sneak_pose": {
          "animations": ["rath.sneak_pose"],
          "transitions": [
            { "default": "!query.is_sneaking" },
            { "sneaking_moving": "query.is_sneaking && query.modified_move_speed >= 0.1" },
            { "jumping": "query.is_jumping" },
            { "falling": "!query.is_on_ground && !query.is_jumping" },
            { "roar": "query.is_using_item && query.get_equipped_item_name('main_hand') == 'rath_roar'" },
            { "slash": "query.is_using_item && query.get_equipped_item_name('main_hand') == 'rath_slash'" },
            { "climbing": "query.is_riding" }
          ],
          "blend_transition": 0.25
        },
        "sneaking_moving": {
          "animations": ["rath.sneak_move"],
          "transitions": [
            { "sneak_pose": "query.modified_move_speed < 0.1 && query.is_sneaking" },
            { "moving": "query.modified_move_speed >= 0.1 && !query.is_sneaking" },
            { "jumping": "query.is_jumping" },
            { "falling": "!query.is_on_ground && !query.is_jumping" },
            { "roar": "query.is_using_item && query.get_equipped_item_name('main_hand') == 'rath_roar'" },
            { "slash": "query.is_using_item && query.get_equipped_item_name('main_hand') == 'rath_slash'" },
            { "climbing": "query.is_riding" }
          ],
          "blend_transition": 0.25
        },
        "jumping": {
          "animations": ["rath.jump"],
          "transitions": [{ "default": "query.is_on_ground" }, { "falling": "!query.is_on_ground && query.all_animations_finished" }, { "climbing": "query.is_riding" }],
          "blend_transition": 0.25
        },
        "running": {
          "animations": ["rath.run"],
          "transitions": [
            { "default": "query.modified_move_speed < 0.1 &&!query.is_sprinting" },
            { "moving": "query.modified_move_speed >= 0.1 && !query.is_sprinting" },
            { "sneaking": "query.is_sneaking" },
            { "falling": "!query.is_on_ground && !query.is_jumping" },
            { "jumping": "query.is_jumping" },
            { "roar": "query.is_using_item && query.get_equipped_item_name('main_hand') == 'rath_roar'" },
            { "slash": "query.is_using_item && query.get_equipped_item_name('main_hand') == 'rath_slash'" },
            { "climbing": "query.is_riding" }
          ],
          "blend_transition": 0.25
        },
        "falling": { "animations": ["rath.fall"], "transitions": [{ "default": "query.is_on_ground" }, { "climbing": "query.is_riding" }], "blend_transition": 0.25 },
        "attacking": {
          "animations": ["rath.punch"],
          "transitions": [{ "default": "query.all_animations_finished" }],
          "blend_transition": 0.25
        },
        "roar": {
          "animations": ["rath.roar"],
          "transitions": [{ "default": "query.all_animations_finished" }],
          "blend_transition": 0.25
        },
        "slash": {
          "animations": ["rath.slash"],
          "transitions": [{ "default": "query.all_animations_finished" }],
          "blend_transition": 0.25
        },
        //climbing
        "climbing": {
          "transitions": [{ "climb1": "math.random_integer(0, 1) == 0" }, { "climb2": "(1.0)" }]
        },
        "climb1": {
          "animations": ["rath.climb1.idle"],
          "transitions": [{ "default": "!query.is_riding" }],
          "blend_transition": 0.25
        },
        "climb2": {
          "animations": ["rath.climb2.idle"],
          "transitions": [{ "default": "!query.is_riding" }],
          "blend_transition": 0.25
        }
      }
    },
    "controller.animation.rath.attack": {
      "states": {
        "default": {
          "transitions": [
            {
              "attack": "variable.attack_time > 0 && (query.modified_move_speed > 0.1 || query.is_jumping || !query.is_on_ground || query.is_in_water || query.is_sneaking) && !query.is_charged"
            }
          ],
          "blend_transition": 0.25
        },
        "attack": {
          "animations": ["rath.attack_moving"],
          "transitions": [{ "default": "query.all_animations_finished" }],
          "blend_transition": 0.25
        }
      }
    },
    "controller.animation.rath.first_person": {
      "states": {
        "default": {
          "animations": ["rath.first_person.base_pose"],
          "transitions": [
            { "slash": "query.is_using_item && query.get_equipped_item_name('main_hand') == 'rath_slash' && !query.is_charged" },
            { "roar": "query.is_using_item && query.get_equipped_item_name('main_hand') == 'rath_roar' && !query.is_charged" }
          ],
          "on_entry": ["variable.rath_leftarm = 0;"],
          "blend_transition": 0.25
        },
        "slash": {
          "animations": ["rath.first_person.slash"],
          "transitions": [{ "default": "query.all_animations_finished" }],
          "blend_transition": 0.25
        },
        "roar": {
          "animations": ["rath.first_person.roar", "rath.first_person.roar_offset"],
          "transitions": [{ "default": "query.all_animations_finished" }],
          "on_entry": ["variable.rath_leftarm = 1;"],
          "blend_transition": 0.25
        }
      }
    },
    "controller.animation.rath.first_person_base": {
      "states": {
        "default": {
          "animations": ["rath.first_person.base_pose"]
        }
      }
    }
  }
}
