{
  "format_version": "1.10.0",
  "animation_controllers": {
    "controller.animation.shockrock.move": {
      "states": {
        "default": {
          "animations": ["shockrock.breathe"],
          "transitions": [
            { "sneaking": "query.is_sneaking" },
            { "attack": "variable.attack_time > 0" },
            { "moving": "query.modified_move_speed >= 0.1" },
            { "start_jump": "query.is_jumping" },
            { "start_falling": "!query.is_on_ground && !query.is_jumping" },
            { "bluemerang": "query.is_using_item && query.get_equipped_item_name('main_hand') == 'shockrock_bluemerang'" },
            { "blast": "query.is_using_item && query.get_equipped_item_name('main_hand') == 'shockrock_blast'" },
            { "forcefield": "query.is_using_item && query.get_equipped_item_name('main_hand') == 'shockrock_forcefield'" },
            { "charge": "query.is_using_item && query.get_equipped_item_name('main_hand') == 'shockrock_charge'" }
          ],
          "blend_transition": 0.25
        },
        "moving": {
          "animations": ["shockrock.walk"],
          "transitions": [
            { "default": "query.modified_move_speed < 0.1" },
            { "start_jump": "query.is_jumping" },
            { "sneaking": "query.is_sneaking && query.modified_move_speed < 0.1" },
            { "sneaking_moving": "query.is_sneaking && query.modified_move_speed >= 0.1" },
            { "running": "query.is_sprinting" },
            { "start_falling": "!query.is_on_ground && !query.is_jumping" },
            { "bluemerang": "query.is_using_item && query.get_equipped_item_name('main_hand') == 'shockrock_bluemerang'" },
            { "blast": "query.is_using_item && query.get_equipped_item_name('main_hand') == 'shockrock_blast'" },
            { "forcefield": "query.is_using_item && query.get_equipped_item_name('main_hand') == 'shockrock_forcefield'" },
            { "charge": "query.is_using_item && query.get_equipped_item_name('main_hand') == 'shockrock_charge'" }
          ],
          "blend_transition": 0.25
        },
        "sneaking": {
          "animations": ["shockrock.sneak"],
          "transitions": [
            { "default": "!query.is_sneaking" },
            { "sneak_pose": "query.all_animations_finished" },
            { "sneaking_moving": "query.is_sneaking && query.modified_move_speed >= 0.1" },
            { "start_jump": "query.is_jumping" },
            { "start_falling": "!query.is_on_ground && !query.is_jumping" },
            { "bluemerang": "query.is_using_item && query.get_equipped_item_name('main_hand') == 'shockrock_bluemerang'" },
            { "blast": "query.is_using_item && query.get_equipped_item_name('main_hand') == 'shockrock_blast'" },
            { "forcefield": "query.is_using_item && query.get_equipped_item_name('main_hand') == 'shockrock_forcefield'" },
            { "charge": "query.is_using_item && query.get_equipped_item_name('main_hand') == 'shockrock_charge'" }
          ],
          "blend_transition": 0.25
        },
        "sneak_pose": {
          "animations": ["shockrock.sneak_pose"],
          "transitions": [
            { "default": "!query.is_sneaking" },
            { "sneaking_moving": "query.is_sneaking && query.modified_move_speed >= 0.1" },
            { "start_jump": "query.is_jumping" },
            { "start_falling": "!query.is_on_ground && !query.is_jumping" },
            { "bluemerang": "query.is_using_item && query.get_equipped_item_name('main_hand') == 'shockrock_bluemerang'" },
            { "blast": "query.is_using_item && query.get_equipped_item_name('main_hand') == 'shockrock_blast'" },
            { "forcefield": "query.is_using_item && query.get_equipped_item_name('main_hand') == 'shockrock_forcefield'" },
            { "charge": "query.is_using_item && query.get_equipped_item_name('main_hand') == 'shockrock_charge'" }
          ],
          "blend_transition": 0.25
        },
        "sneaking_moving": {
          "animations": ["shockrock.sneak_move"],
          "transitions": [
            { "sneak_pose": "query.modified_move_speed < 0.1 && query.is_sneaking" },
            { "moving": "query.modified_move_speed >= 0.1 && !query.is_sneaking" },
            { "start_jump": "query.is_jumping" },
            { "start_falling": "!query.is_on_ground && !query.is_jumping" },
            { "bluemerang": "query.is_using_item && query.get_equipped_item_name('main_hand') == 'shockrock_bluemerang'" },
            { "blast": "query.is_using_item && query.get_equipped_item_name('main_hand') == 'shockrock_blast'" },
            { "forcefield": "query.is_using_item && query.get_equipped_item_name('main_hand') == 'shockrock_forcefield'" },
            { "charge": "query.is_using_item && query.get_equipped_item_name('main_hand') == 'shockrock_charge'" }
          ],
          "blend_transition": 0.25
        },
        "start_jump": {
          "animations": ["shockrock.jump_start"],
          "transitions": [{ "loop_jump": "query.all_animations_finished" }],
          "blend_transition": 0.25
        },
        "loop_jump": { "animations": ["shockrock.jump_mid"], "transitions": [{ "end_jump": "query.is_on_ground" }], "blend_transition": 0.25 },
        "end_jump": {
          "animations": ["shockrock.jump_end"],
          "transitions": [{ "default": "query.all_animations_finished" }, { "moving": "query.is_moving" }],
          "blend_transition": 0.25
        },
        "running": {
          "animations": ["shockrock.run"],
          "transitions": [
            { "default": "query.modified_move_speed < 0.1 &&!query.is_sprinting" },
            { "moving": "query.modified_move_speed >= 0.1 && !query.is_sprinting" },
            { "sneaking": "query.is_sneaking" },
            { "start_falling": "!query.is_on_ground && !query.is_jumping" },
            { "start_jump": "query.is_jumping" },
            { "bluemerang": "query.is_using_item && query.get_equipped_item_name('main_hand') == 'shockrock_bluemerang'" },
            { "blast": "query.is_using_item && query.get_equipped_item_name('main_hand') == 'shockrock_blast'" },
            { "forcefield": "query.is_using_item && query.get_equipped_item_name('main_hand') == 'shockrock_forcefield'" },
            { "charge": "query.is_using_item && query.get_equipped_item_name('main_hand') == 'shockrock_charge'" }
          ],
          "blend_transition": 0.25
        },
        "start_falling": {
          "animations": ["shockrock.fall_start"],
          "transitions": [{ "loop_falling": "query.all_animations_finished" }, { "default": "query.is_on_ground" }],
          "blend_transition": 0.25
        },
        "loop_falling": { "animations": ["shockrock.fall_mid"], "transitions": [{ "end_falling": "query.is_on_ground" }], "blend_transition": 0.25 },
        "end_falling": {
          "animations": ["shockrock.fall_end"],
          "transitions": [
            { "default": "query.all_animations_finished" },
            { "start_falling": "!query.is_on_ground" },
            { "moving": "query.is_moving" }
          ],
          "blend_transition": 0.25
        },
        "bluemerang": {
          "animations": ["shockrock.bluemerang"],
          "transitions": [{ "default": "query.all_animations_finished" }],
          "blend_transition": 0.25
        },
        "blast": {
          "animations": ["shockrock.forcefield"],
          "transitions": [{ "default": "query.all_animations_finished" }],
          "blend_transition": 0.25
        },
        "forcefield": {
          "animations": ["shockrock.forcefield"],
          "transitions": [{ "default": "query.all_animations_finished" }],
          "blend_transition": 0.25
        },
        "charge": { "animations": ["shockrock.charge"], "transitions": [{ "default": "query.all_animations_finished" }], "blend_transition": 0.25 },
        "attack": {
          "animations": ["shockrock.attack_full"],
          "transitions": [{ "default": "query.all_animations_finished" }],
          "blend_transition": 0.25
        }
      }
    },
    "controller.animation.shockrock.attack": {
      "states": {
        "default": {
          "transitions": [
            {
              "attack": "variable.attack_time > 0 && (query.modified_move_speed > 0.1 || query.is_jumping || !query.is_on_ground || query.is_in_water || query.is_sneaking) && !query.is_charged"
            }
          ],
          "blend_transition": 0.25
        },
        "attack": {
          "animations": ["shockrock.attack_moving"],
          "transitions": [{ "default": "query.all_animations_finished" }],
          "blend_transition": 0.25
        }
      }
    },
    "controller.animation.shockrock.first_person": {
      "states": {
        "default": {
          "animations": ["shockrock.first_person.base_pose"],
          "transitions": [
            {
              "blast": "query.is_using_item && (query.get_equipped_item_name('main_hand') == 'shockrock_blast' || query.get_equipped_item_name('main_hand') == 'shockrock_forcefield') && !query.is_charged"
            },
            { "charge": "query.is_using_item && query.get_equipped_item_name('main_hand') == 'shockrock_charge' && !query.is_charged" },
            { "bluemerang": "query.is_using_item && query.get_equipped_item_name('main_hand') == 'shockrock_bluemerang' && !query.is_charged" }
          ],
          "on_entry": ["variable.shockrock_leftarm = 0;"],
          "blend_transition": 0.25
        },
        "blast": {
          "animations": ["shockrock.first_person.blast"],
          "transitions": [{ "default": "query.all_animations_finished" }],
          "on_entry": ["variable.shockrock_leftarm = 1;"],
          "blend_transition": 0.25
        },
        "charge": {
          "animations": ["shockrock.first_person.charge"],
          "transitions": [{ "default": "query.all_animations_finished" }],
          "on_entry": ["variable.shockrock_leftarm = 1;"],
          "blend_transition": 0.25
        },
        "bluemerang": {
          "animations": ["shockrock.first_person.bluemerang"],
          "transitions": [{ "default": "query.all_animations_finished" }],
          "blend_transition": 0.25
        }
      }
    },
    "controller.animation.shockrock.first_person_base": {
      "states": {
        "default": {
          "animations": ["shockrock.first_person.base_pose"]
        }
      }
    }
  }
}
