{
  "format_version": "1.10.0",
  "animation_controllers": {
    "controller.animation.slapback.move": {
      "states": {
        "default": {
          "animations": ["slapback.breathe"],
          "transitions": [
            { "sneaking": "query.is_sneaking" },
            { "moving": "query.modified_move_speed >= 0.1" },
            { "attack": "variable.attack_time > 0" },
            { "start_jump": "query.is_jumping" },
            { "start_falling": "!query.is_on_ground && !query.is_jumping" },
            { "split": "query.is_using_item && query.get_equipped_item_name('main_hand') == 'slapback_split'" },
            { "merge": "query.is_using_item && query.get_equipped_item_name('main_hand') == 'slapback_merge'" },
            { "direct": "query.is_using_item && query.get_equipped_item_name('main_hand') == 'slapback_direct'" },
            { "pickup": "query.is_using_item && query.get_equipped_item_name('main_hand') == 'slapback_pickup'" },
            { "drop": "query.is_using_item && query.get_equipped_item_name('main_hand') == 'slapback_drop'" },
            { "throw": "query.is_using_item && query.get_equipped_item_name('main_hand') == 'slapback_throw'" }
          ],
          "blend_transition": 0.25
        },
        "moving": {
          "animations": ["slapback.walk"],
          "transitions": [
            { "default": "query.modified_move_speed < 0.1" },
            { "start_jump": "query.is_jumping" },
            { "sneaking": "query.is_sneaking && query.modified_move_speed < 0.1" },
            { "sneaking_moving": "query.is_sneaking && query.modified_move_speed >= 0.1" },
            { "running": "query.is_sprinting" },
            { "start_falling": "!query.is_on_ground && !query.is_jumping" },
            { "split": "query.is_using_item && query.get_equipped_item_name('main_hand') == 'slapback_split'" },
            { "merge": "query.is_using_item && query.get_equipped_item_name('main_hand') == 'slapback_merge'" },
            { "direct": "query.is_using_item && query.get_equipped_item_name('main_hand') == 'slapback_direct'" },
            { "pickup": "query.is_using_item && query.get_equipped_item_name('main_hand') == 'slapback_pickup'" },
            { "drop": "query.is_using_item && query.get_equipped_item_name('main_hand') == 'slapback_drop'" },
            { "throw": "query.is_using_item && query.get_equipped_item_name('main_hand') == 'slapback_throw'" }
          ],
          "blend_transition": 0.25
        },
        "sneaking": {
          "animations": ["slapback.sneak"],
          "transitions": [
            { "default": "!query.is_sneaking" },
            { "sneak_pose": "query.all_animations_finished" },
            { "sneaking_moving": "query.is_sneaking && query.modified_move_speed >= 0.1" },
            { "start_jump": "query.is_jumping" },
            { "start_falling": "!query.is_on_ground && !query.is_jumping" },
            { "split": "query.is_using_item && query.get_equipped_item_name('main_hand') == 'slapback_split'" },
            { "merge": "query.is_using_item && query.get_equipped_item_name('main_hand') == 'slapback_merge'" },
            { "direct": "query.is_using_item && query.get_equipped_item_name('main_hand') == 'slapback_direct'" },
            { "pickup": "query.is_using_item && query.get_equipped_item_name('main_hand') == 'slapback_pickup'" },
            { "drop": "query.is_using_item && query.get_equipped_item_name('main_hand') == 'slapback_drop'" },
            { "throw": "query.is_using_item && query.get_equipped_item_name('main_hand') == 'slapback_throw'" }
          ],
          "blend_transition": 0.25
        },
        "sneak_pose": {
          "animations": ["slapback.sneak_pose"],
          "transitions": [
            { "default": "!query.is_sneaking" },
            { "sneaking_moving": "query.is_sneaking && query.modified_move_speed >= 0.1" },
            { "start_jump": "query.is_jumping" },
            { "start_falling": "!query.is_on_ground && !query.is_jumping" },
            { "split": "query.is_using_item && query.get_equipped_item_name('main_hand') == 'slapback_split'" },
            { "merge": "query.is_using_item && query.get_equipped_item_name('main_hand') == 'slapback_merge'" },
            { "direct": "query.is_using_item && query.get_equipped_item_name('main_hand') == 'slapback_direct'" },
            { "pickup": "query.is_using_item && query.get_equipped_item_name('main_hand') == 'slapback_pickup'" },
            { "drop": "query.is_using_item && query.get_equipped_item_name('main_hand') == 'slapback_drop'" },
            { "throw": "query.is_using_item && query.get_equipped_item_name('main_hand') == 'slapback_throw'" }
          ],
          "blend_transition": 0.25
        },
        "sneaking_moving": {
          "animations": ["slapback.sneak_move"],
          "transitions": [
            { "sneak_pose": "query.modified_move_speed < 0.1 && query.is_sneaking" },
            { "moving": "query.modified_move_speed >= 0.1 && !query.is_sneaking" },
            { "start_jump": "query.is_jumping" },
            { "start_falling": "!query.is_on_ground && !query.is_jumping" },
            { "split": "query.is_using_item && query.get_equipped_item_name('main_hand') == 'slapback_split'" },
            { "merge": "query.is_using_item && query.get_equipped_item_name('main_hand') == 'slapback_merge'" },
            { "direct": "query.is_using_item && query.get_equipped_item_name('main_hand') == 'slapback_direct'" },
            { "pickup": "query.is_using_item && query.get_equipped_item_name('main_hand') == 'slapback_pickup'" },
            { "drop": "query.is_using_item && query.get_equipped_item_name('main_hand') == 'slapback_drop'" },
            { "throw": "query.is_using_item && query.get_equipped_item_name('main_hand') == 'slapback_throw'" }
          ],
          "blend_transition": 0.25
        },
        "start_jump": { "animations": ["slapback.jump_start"], "transitions": [{ "loop_jump": "query.all_animations_finished" }], "blend_transition": 0.25 },
        "loop_jump": { "animations": ["slapback.jump_mid"], "transitions": [{ "end_jump": "query.is_on_ground" }], "blend_transition": 0.25 },
        "end_jump": {
          "animations": ["slapback.jump_end"],
          "transitions": [{ "default": "query.all_animations_finished" }, { "moving": "query.is_moving" }],
          "blend_transition": 0.25
        },
        "running": {
          "animations": ["slapback.run"],
          "transitions": [
            { "default": "query.modified_move_speed < 0.1 &&!query.is_sprinting" },
            { "moving": "query.modified_move_speed >= 0.1 && !query.is_sprinting" },
            { "sneaking": "query.is_sneaking" },
            { "start_falling": "!query.is_on_ground && !query.is_jumping" },
            { "start_jump": "query.is_jumping" },
            { "split": "query.is_using_item && query.get_equipped_item_name('main_hand') == 'slapback_split'" },
            { "merge": "query.is_using_item && query.get_equipped_item_name('main_hand') == 'slapback_merge'" },
            { "direct": "query.is_using_item && query.get_equipped_item_name('main_hand') == 'slapback_direct'" },
            { "pickup": "query.is_using_item && query.get_equipped_item_name('main_hand') == 'slapback_pickup'" },
            { "drop": "query.is_using_item && query.get_equipped_item_name('main_hand') == 'slapback_drop'" },
            { "throw": "query.is_using_item && query.get_equipped_item_name('main_hand') == 'slapback_throw'" }
          ],
          "blend_transition": 0.25
        },
        "start_falling": {
          "animations": ["slapback.fall_start"],
          "transitions": [{ "loop_falling": "query.all_animations_finished" }, { "default": "query.is_on_ground" }],
          "blend_transition": 0.25
        },
        "loop_falling": { "animations": ["slapback.fall_mid"], "transitions": [{ "end_falling": "query.is_on_ground" }], "blend_transition": 0.25 },
        "end_falling": {
          "animations": ["slapback.fall_end"],
          "transitions": [{ "default": "query.all_animations_finished" }, { "start_falling": "!query.is_on_ground" }, { "moving": "query.is_moving" }],
          "blend_transition": 0.25
        },
        "split": { "animations": ["slapback.split"], "transitions": [{ "default": "query.all_animations_finished" }], "blend_transition": 0.25 },
        "merge": { "animations": ["slapback.merge"], "transitions": [{ "default": "query.all_animations_finished" }], "blend_transition": 0.25 },
        "direct": { "animations": ["slapback.direct"], "transitions": [{ "default": "query.all_animations_finished" }], "blend_transition": 0.25 },
        "pickup": {
          "animations": ["slapback.pickup"],
          "transitions": [{ "default": "query.all_animations_finished" }],
          "on_exit": ["variable.slapback_picked_up = query.has_rider;"],
          "blend_transition": 0.25
        },
        "drop": {
          "animations": ["slapback.drop"],
          "transitions": [{ "default": "query.all_animations_finished" }],
          "on_entry": ["variable.slapback_picked_up = 0;"],
          "blend_transition": 0.25
        },
        "throw": {
          "animations": ["slapback.throw"],
          "transitions": [{ "default": "query.all_animations_finished" }],
          "on_entry": ["variable.slapback_picked_up = 0;"],
          "blend_transition": 0.25
        },
        "attack": { "animations": ["slapback.punch_full"], "transitions": [{ "default": "query.all_animations_finished" }], "blend_transition": 0.25 }
      }
    },
    "controller.animation.slapback.arms": {
      "states": {
        "default": {
          "transitions": [
            { "picked_up": "variable.slapback_picked_up == 1 || query.has_rider" },
            {
              "attack": "variable.attack_time > 0 && (query.modified_move_speed > 0.1 || query.is_jumping || !query.is_on_ground || query.is_in_water || query.is_sneaking) && !query.is_charged"
            }
          ],
          "on_entry": ["variable.slapback_picked_up = 0;"]
        },
        "attack": {
          "animations": ["slapback.punch_moving"],
          "transitions": [{ "default": "query.all_animations_finished" }],
          "blend_transition": 0.25
        },
        "picked_up": {
          "animations": ["slapback.pickup_arms"],
          "transitions": [{ "default": "variable.slapback_picked_up == 0 || !query.has_rider" }],
          "on_entry": ["variable.slapback_picked_up = 1;"]
        }
      }
    },
    "controller.animation.slapback.first_person": {
      "states": {
        "default": {
          "animations": ["slapback.first_person.base_pose"],
          "transitions": [
            { "direct": "query.is_using_item && query.get_equipped_item_name('main_hand') == 'slapback_direct' && !query.is_charged" },
            { "throw": "query.is_using_item && query.get_equipped_item_name('main_hand') == 'slapback_throw' && !query.is_charged" },
            { "drop": "query.is_using_item && query.get_equipped_item_name('main_hand') == 'slapback_drop' && !query.is_charged" },
            { "pickup": "query.is_using_item && query.get_equipped_item_name('main_hand') == 'slapback_pickup' && !query.is_charged" }
          ],
          "on_entry": ["variable.slapback_leftarm = 0;"],
          "blend_transition": 0.25
        },
        "direct": {
          "animations": ["slapback.first_person.direct"],
          "transitions": [{ "default": "query.all_animations_finished" }],
          "on_entry": ["variable.slapback_leftarm = 1;"],
          "blend_transition": 0.25
        },
        "throw": {
          "animations": ["slapback.first_person.throw"],
          "transitions": [{ "default": "query.all_animations_finished" }],
          "on_entry": ["variable.slapback_leftarm = 1;"],
          "blend_transition": 0.25
        },
        "drop": {
          "animations": ["slapback.first_person.drop"],
          "transitions": [{ "default": "query.all_animations_finished" }],
          "on_entry": ["variable.slapback_leftarm = 1;"],
          "blend_transition": 0.25
        },
        "pickup": {
          "animations": ["slapback.first_person.pickup"],
          "transitions": [{ "default": "query.all_animations_finished" }],
          "on_entry": ["variable.slapback_leftarm = 1;"],
          "blend_transition": 0.25
        }
      }
    },
    "controller.animation.slapback.first_person_base": {
      "states": {
        "default": {
          "animations": ["slapback.first_person.base_pose"]
        }
      }
    }
  }
}
