{
  "format_version": "1.10.0",
  "animation_controllers": {
    "controller.animation.xlr8.move": {
      "states": {
        "default": {
          "animations": ["xlr8.breathe"],
          "transitions": [
            { "sneaking": "query.is_sneaking" },
            { "moving": "query.modified_move_speed >= 0.1" },
            { "start_jump": "query.is_jumping" },
            { "attack": "variable.attack_time > 0" },
            { "start_falling": "!query.is_on_ground && !query.is_jumping" },
            { "tornado": "query.is_using_item && (query.get_equipped_item_name('main_hand') == 'xlr8_tornado' || query.get_equipped_item_name('main_hand') == 'rush_tornado')" },
            { "dodge_right": "query.is_using_item && (query.get_equipped_item_name('main_hand') == 'xlr8_right' || query.get_equipped_item_name('main_hand') == 'rush_right')" },
            { "dodge_left": "query.is_using_item && (query.get_equipped_item_name('main_hand') == 'xlr8_left' || query.get_equipped_item_name('main_hand') == 'rush_left')" }
          ],
          "blend_transition": 0.25
        },
        "moving": {
          "animations": ["xlr8.walk"],
          "transitions": [
            { "default": "query.modified_move_speed < 0.1" },
            { "start_jump": "query.is_jumping" },
            { "sneaking": "query.is_sneaking && query.modified_move_speed < 0.1" },
            { "sneaking_moving": "query.is_sneaking && query.modified_move_speed >= 0.1" },
            { "running": "query.is_sprinting" },
            { "start_falling": "!query.is_on_ground && !query.is_jumping" },
            { "tornado": "query.is_using_item && (query.get_equipped_item_name('main_hand') == 'xlr8_tornado' || query.get_equipped_item_name('main_hand') == 'rush_tornado')" },
            { "dodge_right": "query.is_using_item && (query.get_equipped_item_name('main_hand') == 'xlr8_right' || query.get_equipped_item_name('main_hand') == 'rush_right')" },
            { "dodge_left": "query.is_using_item && (query.get_equipped_item_name('main_hand') == 'xlr8_left' || query.get_equipped_item_name('main_hand') == 'rush_left')" }
          ],
          "blend_transition": 0.25
        },
        "sneaking": {
          "animations": ["xlr8.sneak"],
          "transitions": [
            { "default": "!query.is_sneaking" },
            { "sneak_pose": "query.all_animations_finished" },
            { "sneaking_moving": "query.is_sneaking && query.modified_move_speed >= 0.1" },
            { "start_jump": "query.is_jumping" },
            { "start_falling": "!query.is_on_ground && !query.is_jumping" },
            { "tornado": "query.is_using_item && (query.get_equipped_item_name('main_hand') == 'xlr8_tornado' || query.get_equipped_item_name('main_hand') == 'rush_tornado')" },
            { "dodge_right": "query.is_using_item && (query.get_equipped_item_name('main_hand') == 'xlr8_right' || query.get_equipped_item_name('main_hand') == 'rush_right')" },
            { "dodge_left": "query.is_using_item && (query.get_equipped_item_name('main_hand') == 'xlr8_left' || query.get_equipped_item_name('main_hand') == 'rush_left')" }
          ],
          "blend_transition": 0.25
        },
        "sneak_pose": {
          "animations": ["xlr8.sneak_pose"],
          "transitions": [
            { "default": "!query.is_sneaking" },
            { "sneaking_moving": "query.is_sneaking && query.modified_move_speed >= 0.1" },
            { "start_jump": "query.is_jumping" },
            { "start_falling": "!query.is_on_ground && !query.is_jumping" },
            { "tornado": "query.is_using_item && (query.get_equipped_item_name('main_hand') == 'xlr8_tornado' || query.get_equipped_item_name('main_hand') == 'rush_tornado')" },
            { "dodge_right": "query.is_using_item && (query.get_equipped_item_name('main_hand') == 'xlr8_right' || query.get_equipped_item_name('main_hand') == 'rush_right')" },
            { "dodge_left": "query.is_using_item && (query.get_equipped_item_name('main_hand') == 'xlr8_left' || query.get_equipped_item_name('main_hand') == 'rush_left')" }
          ],
          "blend_transition": 0.25
        },
        "sneaking_moving": {
          "animations": ["xlr8.sneak_move"],
          "transitions": [
            { "sneak_pose": "query.modified_move_speed < 0.1 && query.is_sneaking" },
            { "moving": "query.modified_move_speed >= 0.1 && !query.is_sneaking" },
            { "start_jump": "query.is_jumping" },
            { "start_falling": "!query.is_on_ground && !query.is_jumping" },
            { "tornado": "query.is_using_item && (query.get_equipped_item_name('main_hand') == 'xlr8_tornado' || query.get_equipped_item_name('main_hand') == 'rush_tornado')" },
            { "dodge_right": "query.is_using_item && (query.get_equipped_item_name('main_hand') == 'xlr8_right' || query.get_equipped_item_name('main_hand') == 'rush_right')" },
            { "dodge_left": "query.is_using_item && (query.get_equipped_item_name('main_hand') == 'xlr8_left' || query.get_equipped_item_name('main_hand') == 'rush_left')" }
          ],
          "blend_transition": 0.25
        },
        "start_jump": { "animations": ["xlr8.jump_start"], "transitions": [{ "loop_jump": "query.all_animations_finished" }], "blend_transition": 0.25 },
        "loop_jump": { "animations": ["xlr8.jump_mid"], "transitions": [{ "end_jump": "query.is_on_ground" }], "blend_transition": 0.25 },
        "end_jump": { "animations": ["xlr8.jump_end"], "transitions": [{ "default": "query.all_animations_finished" }, { "moving": "query.is_moving" }], "blend_transition": 0.25 },
        "running": {
          "animations": ["xlr8.run"],
          "transitions": [
            { "default": "query.modified_move_speed < 0.1 &&!query.is_sprinting" },
            { "moving": "query.modified_move_speed >= 0.1 && !query.is_sprinting" },
            { "sneaking": "query.is_sneaking" },
            { "start_falling": "!query.is_on_ground && !query.is_jumping" },
            { "start_jump": "query.is_jumping" },
            { "tornado": "query.is_using_item && (query.get_equipped_item_name('main_hand') == 'xlr8_tornado' || query.get_equipped_item_name('main_hand') == 'rush_tornado')" },
            { "dodge_right": "query.is_using_item && (query.get_equipped_item_name('main_hand') == 'xlr8_right' || query.get_equipped_item_name('main_hand') == 'rush_right')" },
            { "dodge_left": "query.is_using_item && (query.get_equipped_item_name('main_hand') == 'xlr8_left' || query.get_equipped_item_name('main_hand') == 'rush_left')" }
          ],
          "blend_transition": 0.25
        },
        "start_falling": {
          "animations": ["xlr8.fall_start"],
          "transitions": [{ "loop_falling": "query.all_animations_finished" }, { "default": "query.is_on_ground" }],
          "blend_transition": 0.25
        },
        "loop_falling": { "animations": ["xlr8.fall_mid"], "transitions": [{ "end_falling": "query.is_on_ground" }], "blend_transition": 0.25 },
        "end_falling": {
          "animations": ["xlr8.fall_end"],
          "transitions": [{ "default": "query.all_animations_finished" }, { "start_falling": "!query.is_on_ground" }, { "moving": "query.is_moving" }],
          "blend_transition": 0.25
        },
        "tornado": { "animations": ["xlr8.tornado"], "transitions": [{ "default": "query.all_animations_finished" }], "blend_transition": 0.25, "blend_via_shortest_path": true },
        "dodge_right": {
          "animations": ["xlr8.dodge_right"],
          "transitions": [{ "default": "query.all_animations_finished" }],
          "blend_transition": 0.1,
          "blend_via_shortest_path": true
        },
        "dodge_left": {
          "animations": ["xlr8.dodge_left"],
          "transitions": [{ "default": "query.all_animations_finished" }],
          "blend_transition": 0.1,
          "blend_via_shortest_path": true
        },
        "attack": {
          "animations": ["xlr8.attack_full"],
          "transitions": [{ "default": "query.all_animations_finished" }],
          "blend_transition": 0.25
        }
      }
    },
    "controller.animation.xlr8.tail": {
      "states": {
        "default": {
          "transitions": [
            { "tornado": "query.is_using_item && (query.get_equipped_item_name('main_hand') == 'xlr8_tornado' || query.get_equipped_item_name('main_hand') == 'rush_tornado')" }
          ],
          "blend_transition": 0.25
        },
        "tornado": {
          "animations": ["xlr8.tornado_tail"],
          "transitions": [{ "default": "query.all_animations_finished" }],
          "blend_transition": 0.25
        }
      }
    },
    "controller.animation.xlr8.first_person": {
      "states": {
        "default": {
          "animations": ["xlr8.first_person.base_pose"],
          "transitions": [
            {
              "tornado": "query.is_using_item && (query.get_equipped_item_name('main_hand') == 'xlr8_tornado' || query.get_equipped_item_name('main_hand') == 'rush_tornado') && !query.is_charged"
            }
          ],
          "blend_transition": 0.25
        },
        "tornado": {
          "animations": ["xlr8.first_person.tornado"],
          "transitions": [{ "default": "query.all_animations_finished" }],
          "blend_transition": 0.25
        }
      }
    },
    "controller.animation.xlr8.first_person_base": {
      "states": {
        "default": {
          "animations": ["xlr8.first_person.base_pose"]
        }
      }
    }
  }
}
