{
  "format_version": "1.12.0",
  "minecraft:geometry": [
    {
      "description": {
        "identifier": "geometry.npc_lumpy",
        "texture_width": 64,
        "texture_height": 64,
        "visible_bounds_width": 3,
        "visible_bounds_height": 3.5,
        "visible_bounds_offset": [
          0,
          1.25,
          0
        ]
      },
      "bones": [
        {
          "name": "rightLeg",
          "pivot": [
            -2,
            7,
            0
          ],
          "cubes": [
            {
              "origin": [
                -3.2,
                0.0,
                -2.0
              ],
              "size": [
                3.0,
                11.0,
                3.0
              ],
              "uv": [
                34,
                25
              ],
              "inflate": 0
            }
          ]
        },
        {
          "name": "rightFoot",
          "pivot": [
            -3,
            0,
            -3
          ],
          "cubes": [
            {
              "origin": [
                -3.2,
                0.0,
                -4.0
              ],
              "size": [
                3.0,
                2.0,
                2.0
              ],
              "uv": [
                12,
                38
              ],
              "inflate": 0
            }
          ],
          "parent": "rightLeg"
        },
        {
          "name": "leftLeg",
          "pivot": [
            2,
            7,
            0
          ],
          "cubes": [
            {
              "origin": [
                0.2,
                0.0,
                -2.0
              ],
              "size": [
                3.0,
                11.0,
                3.0
              ],
              "uv": [
                0,
                34
              ],
              "inflate": 0
            }
          ]
        },
        {
          "name": "leftFoot",
          "pivot": [
            1,
            0,
            -3
          ],
          "cubes": [
            {
              "origin": [
                0.2,
                0.0,
                -4.0
              ],
              "size": [
                3.0,
                2.0,
                2.0
              ],
              "uv": [
                12,
                34
              ],
              "inflate": 0
            }
          ],
          "parent": "leftLeg"
        },
        {
          "name": "rightArm",
          "pivot": [
            -4,
            17,
            0
          ],
          "cubes": [
            {
              "origin": [
                -5.0,
                12.0,
                -2.0
              ],
              "size": [
                3.0,
                11.0,
                3.0
              ],
              "pivot": [
                0.0,
                2.0,
                0.0
              ],
              "rotation": [
                0.0,
                0.0,
                -5.0
              ],
              "uv": [
                30,
                0
              ],
              "inflate": 0
            }
          ],
          "rotation": [
            0,
            0,
            15
          ]
        },
        {
          "name": "head",
          "pivot": [
            0,
            20,
            0
          ],
          "cubes": [
            {
              "origin": [
                -4.0,
                23.0,
                -4.0
              ],
              "size": [
                8.0,
                10.0,
                7.0
              ],
              "uv": [
                0,
                0
              ],
              "inflate": 0
            },
            {
              "origin": [
                -3.0,
                24.0,
                -8.0
              ],
              "size": [
                6.0,
                4.0,
                4.0
              ],
              "uv": [
                22,
                17
              ],
              "inflate": 0
            }
          ]
        },
        {
          "name": "horn",
          "pivot": [
            5,
            29,
            0
          ],
          "cubes": [
            {
              "origin": [
                4.0,
                29.0,
                -1.0
              ],
              "size": [
                7.0,
                1.0,
                1.0
              ],
              "uv": [
                38,
                16
              ],
              "inflate": 0
            },
            {
              "origin": [
                10.0,
                30.0,
                -1.0
              ],
              "size": [
                1.0,
                2.0,
                1.0
              ],
              "uv": [
                23,
                0
              ],
              "inflate": 0
            },
            {
              "origin": [
                6.0,
                30.0,
                -1.0
              ],
              "size": [
                1.0,
                2.0,
                1.0
              ],
              "uv": [
                21,
                17
              ],
              "inflate": 0
            },
            {
              "origin": [
                8.0,
                30.0,
                -1.0
              ],
              "size": [
                1.0,
                2.0,
                1.0
              ],
              "uv": [
                17,
                17
              ],
              "inflate": 0
            }
          ],
          "parent": "head"
        },
        {
          "name": "horn2",
          "pivot": [
            -5,
            30,
            0
          ],
          "cubes": [
            {
              "origin": [
                -6.0,
                30.0,
                -1.0
              ],
              "size": [
                7.0,
                1.0,
                1.0
              ],
              "uv": [
                30,
                14
              ],
              "inflate": 0
            },
            {
              "origin": [
                0.0,
                31.0,
                -1.0
              ],
              "size": [
                1.0,
                2.0,
                1.0
              ],
              "uv": [
                0,
                17
              ],
              "inflate": 0
            },
            {
              "origin": [
                -4.0,
                31.0,
                -1.0
              ],
              "size": [
                1.0,
                2.0,
                1.0
              ],
              "uv": [
                0,
                3
              ],
              "inflate": 0
            },
            {
              "origin": [
                -2.0,
                31.0,
                -1.0
              ],
              "size": [
                1.0,
                2.0,
                1.0
              ],
              "uv": [
                0,
                0
              ],
              "inflate": 0
            }
          ],
          "parent": "head",
          "rotation": [
            0,
            0,
            -180
          ]
        },
        {
          "name": "tooth",
          "pivot": [
            0,
            20,
            0
          ],
          "cubes": [
            {
              "origin": [
                -3.0,
                23.0,
                -5.0
              ],
              "size": [
                1.0,
                1.0,
                1.0
              ],
              "uv": [
                23,
                5
              ],
              "inflate": 0
            },
            {
              "origin": [
                2.0,
                23.0,
                -5.0
              ],
              "size": [
                1.0,
                1.0,
                1.0
              ],
              "uv": [
                23,
                3
              ],
              "inflate": 0
            }
          ],
          "parent": "head"
        },
        {
          "name": "tooth2",
          "pivot": [
            0,
            20,
            -2
          ],
          "cubes": [
            {
              "origin": [
                -3.0,
                23.0,
                -7.0
              ],
              "size": [
                1.0,
                1.0,
                1.0
              ],
              "uv": [
                17,
                20
              ],
              "inflate": 0
            },
            {
              "origin": [
                2.0,
                23.0,
                -7.0
              ],
              "size": [
                1.0,
                1.0,
                1.0
              ],
              "uv": [
                0,
                20
              ],
              "inflate": 0
            }
          ],
          "parent": "tooth"
        },
        {
          "name": "tooth3",
          "pivot": [
            0,
            20,
            0
          ],
          "cubes": [
            {
              "origin": [
                -1.0,
                23.0,
                -8.0
              ],
              "size": [
                1.0,
                1.0,
                1.0
              ],
              "uv": [
                3,
                5
              ],
              "inflate": 0
            },
            {
              "origin": [
                0.0,
                23.0,
                -8.0
              ],
              "size": [
                1.0,
                1.0,
                1.0
              ],
              "uv": [
                3,
                2
              ],
              "inflate": 0
            }
          ],
          "parent": "tooth"
        },
        {
          "name": "leftArm",
          "pivot": [
            4,
            17,
            0
          ],
          "cubes": [
            {
              "origin": [
                2.0,
                12.0,
                -2.0
              ],
              "size": [
                3.0,
                11.0,
                3.0
              ],
              "pivot": [
                0.0,
                2.0,
                0.0
              ],
              "rotation": [
                0.0,
                0.0,
                5.0
              ],
              "uv": [
                22,
                25
              ],
              "inflate": 0
            }
          ],
          "rotation": [
            0,
            0,
            -15
          ]
        },
        {
          "name": "body",
          "pivot": [
            0,
            9,
            0
          ],
          "cubes": [
            {
              "origin": [
                -3.0,
                11.0,
                -3.0
              ],
              "size": [
                6.0,
                12.0,
                5.0
              ],
              "uv": [
                0,
                17
              ],
              "inflate": 0.3
            }
          ]
        }
      ]
    }
  ]
}