{
  "format_version": "1.12.0",
  "minecraft:geometry": [
    {
      "description": {
        "identifier": "geometry.npc_flaky",
        "texture_width": 64,
        "texture_height": 64,
        "visible_bounds_width": 3,
        "visible_bounds_height": 3.5,
        "visible_bounds_offset": [
          0,
          1.25,
          0
        ]
      },
      "bones": [
        {
          "name": "rightLeg",
          "pivot": [
            -2,
            7,
            0
          ],
          "cubes": [
            {
              "origin": [
                -3.2,
                0.0,
                -2.0
              ],
              "size": [
                3.0,
                7.0,
                3.0
              ],
              "uv": [
                0,
                32
              ],
              "inflate": 0
            }
          ]
        },
        {
          "name": "rightFoot",
          "pivot": [
            -3,
            0,
            -3
          ],
          "cubes": [
            {
              "origin": [
                -3.2,
                0.0,
                -4.0
              ],
              "size": [
                3.0,
                2.0,
                2.0
              ],
              "uv": [
                31,
                37
              ],
              "inflate": 0
            }
          ],
          "parent": "rightLeg"
        },
        {
          "name": "leftLeg",
          "pivot": [
            2,
            7,
            0
          ],
          "cubes": [
            {
              "origin": [
                0.2,
                0.0,
                -2.0
              ],
              "size": [
                3.0,
                7.0,
                3.0
              ],
              "uv": [
                31,
                27
              ],
              "inflate": 0
            }
          ]
        },
        {
          "name": "leftFoot",
          "pivot": [
            1,
            0,
            -3
          ],
          "cubes": [
            {
              "origin": [
                0.2,
                0.0,
                -4.0
              ],
              "size": [
                3.0,
                2.0,
                2.0
              ],
              "uv": [
                29,
                5
              ],
              "inflate": 0
            }
          ],
          "parent": "leftLeg"
        },
        {
          "name": "body",
          "pivot": [
            0,
            7,
            0
          ],
          "cubes": [
            {
              "origin": [
                -3.0,
                7.0,
                -3.0
              ],
              "size": [
                6.0,
                8.0,
                5.0
              ],
              "uv": [
                0,
                19
              ],
              "inflate": 0.3
            }
          ]
        },
        {
          "name": "quill",
          "pivot": [
            0,
            7,
            0
          ],
          "cubes": [
            {
              "origin": [
                -3.0,
                8.0,
                1.0
              ],
              "size": [
                1.0,
                1.0,
                4.0
              ],
              "pivot": [
                0.0,
                7.0,
                0.0
              ],
              "rotation": [
                -20.0,
                0.0,
                0.0
              ],
              "uv": [
                34,
                20
              ],
              "inflate": 0
            },
            {
              "origin": [
                -3.0,
                8.0,
                1.0
              ],
              "size": [
                1.0,
                1.0,
                4.0
              ],
              "pivot": [
                0.0,
                7.0,
                0.0
              ],
              "rotation": [
                -15.0,
                0.0,
                0.0
              ],
              "uv": [
                34,
                20
              ],
              "inflate": 0
            }
          ],
          "parent": "body"
        },
        {
          "name": "quill2",
          "pivot": [
            5,
            7,
            0
          ],
          "cubes": [
            {
              "origin": [
                2.0,
                8.0,
                1.0
              ],
              "size": [
                1.0,
                1.0,
                4.0
              ],
              "pivot": [
                5.0,
                7.0,
                0.0
              ],
              "rotation": [
                -20.0,
                0.0,
                0.0
              ],
              "uv": [
                34,
                20
              ],
              "inflate": 0
            },
            {
              "origin": [
                2.0,
                8.0,
                1.0
              ],
              "size": [
                1.0,
                1.0,
                4.0
              ],
              "pivot": [
                5.0,
                7.0,
                0.0
              ],
              "rotation": [
                -15.0,
                0.0,
                0.0
              ],
              "uv": [
                34,
                20
              ],
              "inflate": 0
            }
          ],
          "parent": "quill"
        },
        {
          "name": "quill3",
          "pivot": [
            3,
            7,
            0
          ],
          "cubes": [
            {
              "origin": [
                0.0,
                8.0,
                1.0
              ],
              "size": [
                1.0,
                1.0,
                4.0
              ],
              "pivot": [
                3.0,
                7.0,
                0.0
              ],
              "rotation": [
                -20.0,
                0.0,
                0.0
              ],
              "uv": [
                34,
                20
              ],
              "inflate": 0
            },
            {
              "origin": [
                0.0,
                8.0,
                1.0
              ],
              "size": [
                1.0,
                1.0,
                4.0
              ],
              "pivot": [
                3.0,
                7.0,
                0.0
              ],
              "rotation": [
                -15.0,
                0.0,
                0.0
              ],
              "uv": [
                34,
                20
              ],
              "inflate": 0
            }
          ],
          "parent": "quill2"
        },
        {
          "name": "quill4",
          "pivot": [
            2,
            7,
            0
          ],
          "cubes": [
            {
              "origin": [
                -1.0,
                8.0,
                1.0
              ],
              "size": [
                1.0,
                1.0,
                4.0
              ],
              "pivot": [
                2.0,
                7.0,
                0.0
              ],
              "rotation": [
                -20.0,
                0.0,
                0.0
              ],
              "uv": [
                34,
                20
              ],
              "inflate": 0
            },
            {
              "origin": [
                -1.0,
                8.0,
                1.0
              ],
              "size": [
                1.0,
                1.0,
                4.0
              ],
              "pivot": [
                2.0,
                7.0,
                0.0
              ],
              "rotation": [
                -15.0,
                0.0,
                0.0
              ],
              "uv": [
                34,
                20
              ],
              "inflate": 0
            }
          ],
          "parent": "quill3"
        },
        {
          "name": "quill5",
          "pivot": [
            0,
            10,
            0
          ],
          "cubes": [
            {
              "origin": [
                -3.0,
                11.0,
                1.0
              ],
              "size": [
                1.0,
                1.0,
                4.0
              ],
              "pivot": [
                0.0,
                10.0,
                0.0
              ],
              "rotation": [
                -20.0,
                0.0,
                0.0
              ],
              "uv": [
                34,
                20
              ],
              "inflate": 0
            },
            {
              "origin": [
                -3.0,
                11.0,
                1.0
              ],
              "size": [
                1.0,
                1.0,
                4.0
              ],
              "pivot": [
                0.0,
                10.0,
                0.0
              ],
              "rotation": [
                -15.0,
                0.0,
                0.0
              ],
              "uv": [
                34,
                20
              ],
              "inflate": 0
            }
          ],
          "parent": "quill"
        },
        {
          "name": "quill6",
          "pivot": [
            5,
            10,
            0
          ],
          "cubes": [
            {
              "origin": [
                2.0,
                11.0,
                1.0
              ],
              "size": [
                1.0,
                1.0,
                4.0
              ],
              "pivot": [
                5.0,
                10.0,
                0.0
              ],
              "rotation": [
                -20.0,
                0.0,
                0.0
              ],
              "uv": [
                34,
                20
              ],
              "inflate": 0
            },
            {
              "origin": [
                2.0,
                11.0,
                1.0
              ],
              "size": [
                1.0,
                1.0,
                4.0
              ],
              "pivot": [
                5.0,
                10.0,
                0.0
              ],
              "rotation": [
                -15.0,
                0.0,
                0.0
              ],
              "uv": [
                34,
                20
              ],
              "inflate": 0
            }
          ],
          "parent": "quill5"
        },
        {
          "name": "quill7",
          "pivot": [
            3,
            10,
            0
          ],
          "cubes": [
            {
              "origin": [
                0.0,
                11.0,
                1.0
              ],
              "size": [
                1.0,
                1.0,
                4.0
              ],
              "pivot": [
                3.0,
                10.0,
                0.0
              ],
              "rotation": [
                -20.0,
                0.0,
                0.0
              ],
              "uv": [
                34,
                20
              ],
              "inflate": 0
            },
            {
              "origin": [
                0.0,
                11.0,
                1.0
              ],
              "size": [
                1.0,
                1.0,
                4.0
              ],
              "pivot": [
                3.0,
                10.0,
                0.0
              ],
              "rotation": [
                -15.0,
                0.0,
                0.0
              ],
              "uv": [
                34,
                20
              ],
              "inflate": 0
            }
          ],
          "parent": "quill6"
        },
        {
          "name": "quill8",
          "pivot": [
            2,
            10,
            0
          ],
          "cubes": [
            {
              "origin": [
                -1.0,
                11.0,
                1.0
              ],
              "size": [
                1.0,
                1.0,
                4.0
              ],
              "pivot": [
                2.0,
                10.0,
                0.0
              ],
              "rotation": [
                -20.0,
                0.0,
                0.0
              ],
              "uv": [
                34,
                20
              ],
              "inflate": 0
            },
            {
              "origin": [
                -1.0,
                11.0,
                1.0
              ],
              "size": [
                1.0,
                1.0,
                4.0
              ],
              "pivot": [
                2.0,
                10.0,
                0.0
              ],
              "rotation": [
                -15.0,
                0.0,
                0.0
              ],
              "uv": [
                34,
                20
              ],
              "inflate": 0
            }
          ],
          "parent": "quill7"
        },
        {
          "name": "quill9",
          "pivot": [
            0,
            13,
            0
          ],
          "cubes": [
            {
              "origin": [
                -3.0,
                14.0,
                1.0
              ],
              "size": [
                1.0,
                1.0,
                4.0
              ],
              "pivot": [
                0.0,
                13.0,
                0.0
              ],
              "rotation": [
                -20.0,
                0.0,
                0.0
              ],
              "uv": [
                34,
                20
              ],
              "inflate": 0
            },
            {
              "origin": [
                -3.0,
                14.0,
                1.0
              ],
              "size": [
                1.0,
                1.0,
                4.0
              ],
              "pivot": [
                0.0,
                13.0,
                0.0
              ],
              "rotation": [
                -15.0,
                0.0,
                0.0
              ],
              "uv": [
                34,
                20
              ],
              "inflate": 0
            }
          ],
          "parent": "quill5"
        },
        {
          "name": "quill10",
          "pivot": [
            5,
            13,
            0
          ],
          "cubes": [
            {
              "origin": [
                2.0,
                14.0,
                1.0
              ],
              "size": [
                1.0,
                1.0,
                4.0
              ],
              "pivot": [
                5.0,
                13.0,
                0.0
              ],
              "rotation": [
                -20.0,
                0.0,
                0.0
              ],
              "uv": [
                34,
                20
              ],
              "inflate": 0
            },
            {
              "origin": [
                2.0,
                14.0,
                1.0
              ],
              "size": [
                1.0,
                1.0,
                4.0
              ],
              "pivot": [
                5.0,
                13.0,
                0.0
              ],
              "rotation": [
                -15.0,
                0.0,
                0.0
              ],
              "uv": [
                34,
                20
              ],
              "inflate": 0
            }
          ],
          "parent": "quill9"
        },
        {
          "name": "quill11",
          "pivot": [
            3,
            13,
            0
          ],
          "cubes": [
            {
              "origin": [
                0.0,
                14.0,
                1.0
              ],
              "size": [
                1.0,
                1.0,
                4.0
              ],
              "pivot": [
                3.0,
                13.0,
                0.0
              ],
              "rotation": [
                -20.0,
                0.0,
                0.0
              ],
              "uv": [
                34,
                20
              ],
              "inflate": 0
            },
            {
              "origin": [
                0.0,
                14.0,
                1.0
              ],
              "size": [
                1.0,
                1.0,
                4.0
              ],
              "pivot": [
                3.0,
                13.0,
                0.0
              ],
              "rotation": [
                -15.0,
                0.0,
                0.0
              ],
              "uv": [
                34,
                20
              ],
              "inflate": 0
            }
          ],
          "parent": "quill10"
        },
        {
          "name": "quill12",
          "pivot": [
            2,
            13,
            0
          ],
          "cubes": [
            {
              "origin": [
                -1.0,
                14.0,
                1.0
              ],
              "size": [
                1.0,
                1.0,
                4.0
              ],
              "pivot": [
                2.0,
                13.0,
                0.0
              ],
              "rotation": [
                -20.0,
                0.0,
                0.0
              ],
              "uv": [
                34,
                20
              ],
              "inflate": 0
            },
            {
              "origin": [
                -1.0,
                14.0,
                1.0
              ],
              "size": [
                1.0,
                1.0,
                4.0
              ],
              "pivot": [
                2.0,
                13.0,
                0.0
              ],
              "rotation": [
                -15.0,
                0.0,
                0.0
              ],
              "uv": [
                34,
                20
              ],
              "inflate": 0
            }
          ],
          "parent": "quill11"
        },
        {
          "name": "rightArm",
          "pivot": [
            -4,
            15,
            0
          ],
          "cubes": [
            {
              "origin": [
                -5.0,
                7.0,
                -2.0
              ],
              "size": [
                3.0,
                8.0,
                3.0
              ],
              "uv": [
                19,
                30
              ],
              "inflate": 0
            }
          ],
          "rotation": [
            0,
            0,
            15
          ]
        },
        {
          "name": "leftArm",
          "pivot": [
            4,
            15,
            0
          ],
          "cubes": [
            {
              "origin": [
                2.0,
                7.0,
                -2.0
              ],
              "size": [
                3.0,
                8.0,
                3.0
              ],
              "uv": [
                22,
                19
              ],
              "inflate": 0
            }
          ],
          "rotation": [
            0,
            0,
            -15
          ]
        },
        {
          "name": "head",
          "pivot": [
            0,
            16,
            0
          ],
          "cubes": [
            {
              "origin": [
                -5.0,
                15.0,
                -5.0
              ],
              "size": [
                10.0,
                10.0,
                9.0
              ],
              "uv": [
                0,
                0
              ],
              "inflate": 0
            },
            {
              "origin": [
                -2.0,
                25.0,
                -6.0
              ],
              "size": [
                4.0,
                2.0,
                3.0
              ],
              "uv": [
                29,
                0
              ],
              "inflate": 0
            }
          ]
        },
        {
          "name": "quill13",
          "pivot": [
            0,
            16,
            2
          ],
          "cubes": [
            {
              "origin": [
                -3.0,
                17.0,
                3.0
              ],
              "size": [
                1.0,
                1.0,
                4.0
              ],
              "pivot": [
                0.0,
                16.0,
                2.0
              ],
              "rotation": [
                -20.0,
                0.0,
                0.0
              ],
              "uv": [
                34,
                15
              ],
              "inflate": 0
            },
            {
              "origin": [
                -3.0,
                17.0,
                3.0
              ],
              "size": [
                1.0,
                1.0,
                4.0
              ],
              "pivot": [
                0.0,
                16.0,
                2.0
              ],
              "rotation": [
                -15.0,
                0.0,
                0.0
              ],
              "uv": [
                34,
                15
              ],
              "inflate": 0
            }
          ],
          "parent": "head"
        },
        {
          "name": "quill14",
          "pivot": [
            5,
            16,
            2
          ],
          "cubes": [
            {
              "origin": [
                2.0,
                17.0,
                3.0
              ],
              "size": [
                1.0,
                1.0,
                4.0
              ],
              "pivot": [
                5.0,
                16.0,
                2.0
              ],
              "rotation": [
                -20.0,
                0.0,
                0.0
              ],
              "uv": [
                34,
                15
              ],
              "inflate": 0
            },
            {
              "origin": [
                2.0,
                17.0,
                3.0
              ],
              "size": [
                1.0,
                1.0,
                4.0
              ],
              "pivot": [
                5.0,
                16.0,
                2.0
              ],
              "rotation": [
                -15.0,
                0.0,
                0.0
              ],
              "uv": [
                34,
                15
              ],
              "inflate": 0
            }
          ],
          "parent": "quill13"
        },
        {
          "name": "quill15",
          "pivot": [
            3,
            16,
            2
          ],
          "cubes": [
            {
              "origin": [
                0.0,
                17.0,
                3.0
              ],
              "size": [
                1.0,
                1.0,
                4.0
              ],
              "pivot": [
                3.0,
                16.0,
                2.0
              ],
              "rotation": [
                -20.0,
                0.0,
                0.0
              ],
              "uv": [
                34,
                15
              ],
              "inflate": 0
            },
            {
              "origin": [
                0.0,
                17.0,
                3.0
              ],
              "size": [
                1.0,
                1.0,
                4.0
              ],
              "pivot": [
                3.0,
                16.0,
                2.0
              ],
              "rotation": [
                -15.0,
                0.0,
                0.0
              ],
              "uv": [
                34,
                15
              ],
              "inflate": 0
            }
          ],
          "parent": "quill14"
        },
        {
          "name": "quill16",
          "pivot": [
            2,
            16,
            2
          ],
          "cubes": [
            {
              "origin": [
                -1.0,
                17.0,
                3.0
              ],
              "size": [
                1.0,
                1.0,
                4.0
              ],
              "pivot": [
                2.0,
                16.0,
                2.0
              ],
              "rotation": [
                -20.0,
                0.0,
                0.0
              ],
              "uv": [
                34,
                15
              ],
              "inflate": 0
            },
            {
              "origin": [
                -1.0,
                17.0,
                3.0
              ],
              "size": [
                1.0,
                1.0,
                4.0
              ],
              "pivot": [
                2.0,
                16.0,
                2.0
              ],
              "rotation": [
                -15.0,
                0.0,
                0.0
              ],
              "uv": [
                34,
                15
              ],
              "inflate": 0
            }
          ],
          "parent": "quill15"
        },
        {
          "name": "quill17",
          "pivot": [
            0,
            16,
            2
          ],
          "cubes": [
            {
              "origin": [
                -3.0,
                20.0,
                3.0
              ],
              "size": [
                1.0,
                1.0,
                4.0
              ],
              "pivot": [
                0.0,
                19.0,
                2.0
              ],
              "rotation": [
                -20.0,
                0.0,
                0.0
              ],
              "uv": [
                34,
                15
              ],
              "inflate": 0
            },
            {
              "origin": [
                -3.0,
                20.0,
                3.0
              ],
              "size": [
                1.0,
                1.0,
                4.0
              ],
              "pivot": [
                0.0,
                19.0,
                2.0
              ],
              "rotation": [
                -15.0,
                0.0,
                0.0
              ],
              "uv": [
                34,
                15
              ],
              "inflate": 0
            }
          ],
          "parent": "quill13"
        },
        {
          "name": "quill18",
          "pivot": [
            5,
            16,
            2
          ],
          "cubes": [
            {
              "origin": [
                2.0,
                20.0,
                3.0
              ],
              "size": [
                1.0,
                1.0,
                4.0
              ],
              "pivot": [
                5.0,
                19.0,
                2.0
              ],
              "rotation": [
                -20.0,
                0.0,
                0.0
              ],
              "uv": [
                34,
                15
              ],
              "inflate": 0
            },
            {
              "origin": [
                2.0,
                20.0,
                3.0
              ],
              "size": [
                1.0,
                1.0,
                4.0
              ],
              "pivot": [
                5.0,
                19.0,
                2.0
              ],
              "rotation": [
                -15.0,
                0.0,
                0.0
              ],
              "uv": [
                34,
                15
              ],
              "inflate": 0
            }
          ],
          "parent": "quill17"
        },
        {
          "name": "quill19",
          "pivot": [
            3,
            16,
            2
          ],
          "cubes": [
            {
              "origin": [
                0.0,
                20.0,
                3.0
              ],
              "size": [
                1.0,
                1.0,
                4.0
              ],
              "pivot": [
                3.0,
                19.0,
                2.0
              ],
              "rotation": [
                -20.0,
                0.0,
                0.0
              ],
              "uv": [
                34,
                15
              ],
              "inflate": 0
            },
            {
              "origin": [
                0.0,
                20.0,
                3.0
              ],
              "size": [
                1.0,
                1.0,
                4.0
              ],
              "pivot": [
                3.0,
                19.0,
                2.0
              ],
              "rotation": [
                -15.0,
                0.0,
                0.0
              ],
              "uv": [
                34,
                15
              ],
              "inflate": 0
            }
          ],
          "parent": "quill18"
        },
        {
          "name": "quill20",
          "pivot": [
            2,
            16,
            2
          ],
          "cubes": [
            {
              "origin": [
                -1.0,
                20.0,
                3.0
              ],
              "size": [
                1.0,
                1.0,
                4.0
              ],
              "pivot": [
                2.0,
                19.0,
                2.0
              ],
              "rotation": [
                -20.0,
                0.0,
                0.0
              ],
              "uv": [
                34,
                15
              ],
              "inflate": 0
            },
            {
              "origin": [
                -1.0,
                20.0,
                3.0
              ],
              "size": [
                1.0,
                1.0,
                4.0
              ],
              "pivot": [
                2.0,
                19.0,
                2.0
              ],
              "rotation": [
                -15.0,
                0.0,
                0.0
              ],
              "uv": [
                34,
                15
              ],
              "inflate": 0
            }
          ],
          "parent": "quill19"
        },
        {
          "name": "quill21",
          "pivot": [
            0,
            16,
            2
          ],
          "cubes": [
            {
              "origin": [
                -3.0,
                23.0,
                3.0
              ],
              "size": [
                1.0,
                1.0,
                4.0
              ],
              "pivot": [
                0.0,
                22.0,
                2.0
              ],
              "rotation": [
                -20.0,
                0.0,
                0.0
              ],
              "uv": [
                34,
                15
              ],
              "inflate": 0
            },
            {
              "origin": [
                -3.0,
                23.0,
                3.0
              ],
              "size": [
                1.0,
                1.0,
                4.0
              ],
              "pivot": [
                0.0,
                22.0,
                2.0
              ],
              "rotation": [
                -15.0,
                0.0,
                0.0
              ],
              "uv": [
                34,
                15
              ],
              "inflate": 0
            }
          ],
          "parent": "quill17",
          "rotation": [
            7.5,
            0,
            0
          ]
        },
        {
          "name": "quill22",
          "pivot": [
            5,
            16,
            2
          ],
          "cubes": [
            {
              "origin": [
                2.0,
                23.0,
                3.0
              ],
              "size": [
                1.0,
                1.0,
                4.0
              ],
              "pivot": [
                5.0,
                22.0,
                2.0
              ],
              "rotation": [
                -20.0,
                0.0,
                0.0
              ],
              "uv": [
                34,
                15
              ],
              "inflate": 0
            },
            {
              "origin": [
                2.0,
                23.0,
                3.0
              ],
              "size": [
                1.0,
                1.0,
                4.0
              ],
              "pivot": [
                5.0,
                22.0,
                2.0
              ],
              "rotation": [
                -15.0,
                0.0,
                0.0
              ],
              "uv": [
                34,
                15
              ],
              "inflate": 0
            }
          ],
          "parent": "quill21"
        },
        {
          "name": "quill23",
          "pivot": [
            3,
            16,
            2
          ],
          "cubes": [
            {
              "origin": [
                0.0,
                23.0,
                3.0
              ],
              "size": [
                1.0,
                1.0,
                4.0
              ],
              "pivot": [
                3.0,
                22.0,
                2.0
              ],
              "rotation": [
                -20.0,
                0.0,
                0.0
              ],
              "uv": [
                34,
                15
              ],
              "inflate": 0
            },
            {
              "origin": [
                0.0,
                23.0,
                3.0
              ],
              "size": [
                1.0,
                1.0,
                4.0
              ],
              "pivot": [
                3.0,
                22.0,
                2.0
              ],
              "rotation": [
                -15.0,
                0.0,
                0.0
              ],
              "uv": [
                34,
                15
              ],
              "inflate": 0
            }
          ],
          "parent": "quill22"
        },
        {
          "name": "quill24",
          "pivot": [
            2,
            16,
            2
          ],
          "cubes": [
            {
              "origin": [
                -1.0,
                23.0,
                3.0
              ],
              "size": [
                1.0,
                1.0,
                4.0
              ],
              "pivot": [
                2.0,
                22.0,
                2.0
              ],
              "rotation": [
                -20.0,
                0.0,
                0.0
              ],
              "uv": [
                34,
                15
              ],
              "inflate": 0
            },
            {
              "origin": [
                -1.0,
                23.0,
                3.0
              ],
              "size": [
                1.0,
                1.0,
                4.0
              ],
              "pivot": [
                2.0,
                22.0,
                2.0
              ],
              "rotation": [
                -15.0,
                0.0,
                0.0
              ],
              "uv": [
                34,
                15
              ],
              "inflate": 0
            }
          ],
          "parent": "quill23"
        },
        {
          "name": "quill25",
          "pivot": [
            0,
            16,
            2
          ],
          "cubes": [
            {
              "origin": [
                -3.0,
                25.30327,
                2.63823
              ],
              "size": [
                1.0,
                1.0,
                4.0
              ],
              "pivot": [
                0.0,
                26.0,
                2.0
              ],
              "rotation": [
                -20.0,
                0.0,
                0.0
              ],
              "uv": [
                34,
                15
              ],
              "inflate": 0
            },
            {
              "origin": [
                -3.0,
                25.34126,
                2.49173
              ],
              "size": [
                1.0,
                1.0,
                4.0
              ],
              "pivot": [
                0.0,
                26.0,
                2.0
              ],
              "rotation": [
                -15.0,
                0.0,
                0.0
              ],
              "uv": [
                34,
                15
              ],
              "inflate": 0
            }
          ],
          "parent": "quill21"
        },
        {
          "name": "quill26",
          "pivot": [
            5,
            16,
            2
          ],
          "cubes": [
            {
              "origin": [
                2.0,
                25.30327,
                2.63823
              ],
              "size": [
                1.0,
                1.0,
                4.0
              ],
              "pivot": [
                5.0,
                26.0,
                2.0
              ],
              "rotation": [
                -20.0,
                0.0,
                0.0
              ],
              "uv": [
                34,
                15
              ],
              "inflate": 0
            },
            {
              "origin": [
                2.0,
                25.34126,
                2.49173
              ],
              "size": [
                1.0,
                1.0,
                4.0
              ],
              "pivot": [
                5.0,
                26.0,
                2.0
              ],
              "rotation": [
                -15.0,
                0.0,
                0.0
              ],
              "uv": [
                34,
                15
              ],
              "inflate": 0
            }
          ],
          "parent": "quill25"
        },
        {
          "name": "quill27",
          "pivot": [
            3,
            16,
            2
          ],
          "cubes": [
            {
              "origin": [
                0.0,
                25.30327,
                2.63823
              ],
              "size": [
                1.0,
                1.0,
                4.0
              ],
              "pivot": [
                3.0,
                26.0,
                2.0
              ],
              "rotation": [
                -20.0,
                0.0,
                0.0
              ],
              "uv": [
                34,
                15
              ],
              "inflate": 0
            },
            {
              "origin": [
                0.0,
                25.34126,
                2.49173
              ],
              "size": [
                1.0,
                1.0,
                4.0
              ],
              "pivot": [
                3.0,
                26.0,
                2.0
              ],
              "rotation": [
                -15.0,
                0.0,
                0.0
              ],
              "uv": [
                34,
                15
              ],
              "inflate": 0
            }
          ],
          "parent": "quill26"
        },
        {
          "name": "quill28",
          "pivot": [
            2,
            16,
            2
          ],
          "cubes": [
            {
              "origin": [
                -1.0,
                25.30327,
                2.63823
              ],
              "size": [
                1.0,
                1.0,
                4.0
              ],
              "pivot": [
                2.0,
                26.0,
                2.0
              ],
              "rotation": [
                -20.0,
                0.0,
                0.0
              ],
              "uv": [
                34,
                15
              ],
              "inflate": 0
            },
            {
              "origin": [
                -1.0,
                25.34126,
                2.49173
              ],
              "size": [
                1.0,
                1.0,
                4.0
              ],
              "pivot": [
                2.0,
                26.0,
                2.0
              ],
              "rotation": [
                -15.0,
                0.0,
                0.0
              ],
              "uv": [
                34,
                15
              ],
              "inflate": 0
            }
          ],
          "parent": "quill27"
        }
      ]
    }
  ]
}