{
  "format_version": "1.12.0",
  "minecraft:geometry": [
    {
      "description": {
        "identifier": "geometry.npc_giggles",
        "texture_width": 64,
        "texture_height": 64,
        "visible_bounds_width": 3,
        "visible_bounds_height": 3.5,
        "visible_bounds_offset": [
          0,
          1.25,
          0
        ]
      },
      "bones": [
        {
          "name": "rightLeg",
          "pivot": [
            -2,
            7,
            0
          ],
          "cubes": [
            {
              "origin": [
                -3.2,
                0.0,
                -2.0
              ],
              "size": [
                3.0,
                7.0,
                3.0
              ],
              "uv": [
                0,
                32
              ],
              "inflate": 0
            }
          ]
        },
        {
          "name": "rightFoot",
          "pivot": [
            -3,
            0,
            -3
          ],
          "cubes": [
            {
              "origin": [
                -3.2,
                0.0,
                -4.0
              ],
              "size": [
                3.0,
                2.0,
                2.0
              ],
              "uv": [
                29,
                4
              ],
              "inflate": 0
            }
          ],
          "parent": "rightLeg"
        },
        {
          "name": "leftLeg",
          "pivot": [
            2,
            7,
            0
          ],
          "cubes": [
            {
              "origin": [
                0.2,
                0.0,
                -2.0
              ],
              "size": [
                3.0,
                7.0,
                3.0
              ],
              "uv": [
                31,
                27
              ],
              "inflate": 0
            }
          ]
        },
        {
          "name": "leftFoot",
          "pivot": [
            1,
            0,
            -3
          ],
          "cubes": [
            {
              "origin": [
                0.2,
                0.0,
                -4.0
              ],
              "size": [
                3.0,
                2.0,
                2.0
              ],
              "uv": [
                29,
                0
              ],
              "inflate": 0
            }
          ],
          "parent": "leftLeg"
        },
        {
          "name": "body",
          "pivot": [
            0,
            7,
            0
          ],
          "cubes": [
            {
              "origin": [
                -3.0,
                7.0,
                -3.0
              ],
              "size": [
                6.0,
                8.0,
                5.0
              ],
              "uv": [
                0,
                19
              ],
              "inflate": 0.3
            }
          ]
        },
        {
          "name": "rightArm",
          "pivot": [
            -4,
            15,
            0
          ],
          "cubes": [
            {
              "origin": [
                -5.0,
                7.0,
                -2.0
              ],
              "size": [
                3.0,
                8.0,
                3.0
              ],
              "uv": [
                19,
                30
              ],
              "inflate": 0
            }
          ],
          "rotation": [
            0,
            0,
            15
          ]
        },
        {
          "name": "leftArm",
          "pivot": [
            4,
            15,
            0
          ],
          "cubes": [
            {
              "origin": [
                2.0,
                7.0,
                -2.0
              ],
              "size": [
                3.0,
                8.0,
                3.0
              ],
              "uv": [
                22,
                19
              ],
              "inflate": 0
            }
          ],
          "rotation": [
            0,
            0,
            -15
          ]
        },
        {
          "name": "head",
          "pivot": [
            0,
            16,
            0
          ],
          "cubes": [
            {
              "origin": [
                -5.0,
                15.0,
                -5.0
              ],
              "size": [
                10.0,
                10.0,
                9.0
              ],
              "uv": [
                0,
                0
              ],
              "inflate": 0
            }
          ]
        },
        {
          "name": "hair",
          "pivot": [
            0,
            25,
            -4
          ],
          "parent": "head"
        },
        {
          "name": "ear2",
          "pivot": [
            1.5,
            25.5,
            -3.5
          ],
          "cubes": [
            {
              "origin": [
                1.0,
                24.0,
                -2.0
              ],
              "size": [
                3.0,
                2.0,
                1.0
              ],
              "pivot": [
                5.0,
                15.0,
                0.0
              ],
              "rotation": [
                0.0,
                0.0,
                10.0
              ],
              "uv": [
                31,
                19
              ],
              "inflate": 0
            }
          ],
          "parent": "head"
        },
        {
          "name": "ear",
          "pivot": [
            -3.5,
            25.5,
            -3.5
          ],
          "cubes": [
            {
              "origin": [
                -4.0,
                25.0,
                -2.0
              ],
              "size": [
                3.0,
                2.0,
                1.0
              ],
              "pivot": [
                0.0,
                15.0,
                0.0
              ],
              "rotation": [
                0.0,
                0.0,
                -10.0
              ],
              "uv": [
                17,
                19
              ],
              "inflate": 0
            }
          ],
          "parent": "head"
        },
        {
          "name": "hat",
          "pivot": [
            0,
            16,
            0
          ],
          "cubes": [
            {
              "origin": [
                -3.0,
                25.0,
                -3.0
              ],
              "size": [
                2.0,
                6.0,
                1.0
              ],
              "uv": [
                0,
                0
              ],
              "inflate": 0
            },
            {
              "origin": [
                1.0,
                25.0,
                -3.0
              ],
              "size": [
                2.0,
                6.0,
                1.0
              ],
              "uv": [
                0,
                0
              ],
              "inflate": 0
            },
            {
              "origin": [
                -1.0,
                26.0,
                -3.0
              ],
              "size": [
                2.0,
                4.0,
                1.0
              ],
              "uv": [
                12,
                32
              ],
              "inflate": 0
            }
          ],
          "parent": "head"
        }
      ]
    }
  ]
}