{
  "format_version": "1.12.0",
  "minecraft:geometry": [
    {
      "description": {
        "identifier": "geometry.npc_russell",
        "texture_width": 64,
        "texture_height": 64,
        "visible_bounds_width": 3,
        "visible_bounds_height": 3.5,
        "visible_bounds_offset": [
          0,
          1.25,
          0
        ]
      },
      "bones": [
        {
          "name": "rightLeg",
          "pivot": [
            -2,
            7,
            0
          ],
          "cubes": [
            {
              "origin": [
                -3.2,
                4.0,
                -2.0
              ],
              "size": [
                3.0,
                3.0,
                3.0
              ],
              "uv": [
                12,
                44
              ],
              "inflate": 0
            },
            {
              "origin": [
                -3.2,
                3.0,
                -2.0
              ],
              "size": [
                3.0,
                1.0,
                3.0
              ],
              "uv": [
                21,
                47
              ],
              "inflate": 0.3
            },
            {
              "origin": [
                -2.2,
                0.0,
                -1.0
              ],
              "size": [
                1.0,
                3.0,
                1.0
              ],
              "uv": [
                0,
                0
              ],
              "inflate": 0.3
            }
          ]
        },
        {
          "name": "leftLeg",
          "pivot": [
            2,
            7,
            0
          ],
          "cubes": [
            {
              "origin": [
                0.2,
                4.0,
                -2.0
              ],
              "size": [
                3.0,
                3.0,
                3.0
              ],
              "uv": [
                25,
                29
              ],
              "inflate": 0
            },
            {
              "origin": [
                1.2,
                0.0,
                -1.0
              ],
              "size": [
                1.0,
                3.0,
                1.0
              ],
              "uv": [
                3,
                3
              ],
              "inflate": 0.3
            },
            {
              "origin": [
                0.2,
                3.0,
                -2.0
              ],
              "size": [
                3.0,
                1.0,
                3.0
              ],
              "uv": [
                47,
                27
              ],
              "inflate": 0.3
            }
          ]
        },
        {
          "name": "body",
          "pivot": [
            0,
            7,
            0
          ],
          "cubes": [
            {
              "origin": [
                -3.0,
                7.0,
                -3.0
              ],
              "size": [
                6.0,
                8.0,
                5.0
              ],
              "uv": [
                33,
                14
              ],
              "inflate": 0.3
            }
          ]
        },
        {
          "name": "tail",
          "pivot": [
            1,
            12,
            0
          ],
          "cubes": [
            {
              "origin": [
                -3.0,
                12.0,
                -1.0
              ],
              "size": [
                6.0,
                14.0,
                1.0
              ],
              "pivot": [
                0.0,
                5.0,
                0.0
              ],
              "rotation": [
                -22.5,
                0.0,
                0.0
              ],
              "uv": [
                34,
                39
              ],
              "inflate": 0
            }
          ],
          "parent": "body",
          "rotation": [
            -110,
            0,
            0
          ]
        },
        {
          "name": "rightArm",
          "pivot": [
            -5,
            15,
            0
          ],
          "cubes": [
            {
              "origin": [
                -6.0,
                9.0,
                -2.0
              ],
              "size": [
                3.0,
                6.0,
                3.0
              ],
              "uv": [
                0,
                44
              ],
              "inflate": 0
            },
            {
              "origin": [
                -6.0,
                7.0,
                -2.0
              ],
              "size": [
                3.0,
                2.0,
                3.0
              ],
              "uv": [
                47,
                8
              ],
              "inflate": 0.2
            },
            {
              "origin": [
                -5.0,
                5.0,
                -1.0
              ],
              "size": [
                1.0,
                2.0,
                1.0
              ],
              "uv": [
                4,
                0
              ],
              "inflate": 0
            },
            {
              "origin": [
                -5.0,
                5.0,
                -2.0
              ],
              "size": [
                1.0,
                1.0,
                1.0
              ],
              "uv": [
                0,
                6
              ],
              "inflate": 0
            }
          ]
        },
        {
          "name": "leftArm",
          "pivot": [
            5,
            15,
            0
          ],
          "cubes": [
            {
              "origin": [
                3.0,
                7.0,
                -2.0
              ],
              "size": [
                3.0,
                8.0,
                3.0
              ],
              "uv": [
                38,
                0
              ],
              "inflate": 0
            }
          ]
        },
        {
          "name": "head",
          "pivot": [
            0,
            16,
            0
          ],
          "cubes": [
            {
              "origin": [
                -5.0,
                15.0,
                -5.0
              ],
              "size": [
                10.0,
                10.0,
                9.0
              ],
              "uv": [
                0,
                0
              ],
              "inflate": 0
            }
          ]
        },
        {
          "name": "hat",
          "pivot": [
            0,
            26,
            0
          ],
          "cubes": [
            {
              "origin": [
                -6.0,
                25.0,
                -5.0
              ],
              "size": [
                12.0,
                1.0,
                9.0
              ],
              "uv": [
                0,
                19
              ],
              "inflate": 0
            },
            {
              "origin": [
                -4.0,
                26.0,
                -5.0
              ],
              "size": [
                8.0,
                6.0,
                9.0
              ],
              "uv": [
                0,
                29
              ],
              "inflate": 0
            },
            {
              "origin": [
                4.0,
                27.0,
                -5.0
              ],
              "size": [
                2.0,
                3.0,
                9.0
              ],
              "pivot": [
                0.0,
                26.0,
                0.0
              ],
              "rotation": [
                0.0,
                0.0,
                20.0
              ],
              "uv": [
                34,
                27
              ],
              "inflate": 0
            },
            {
              "origin": [
                -6.0,
                27.0,
                -5.0
              ],
              "size": [
                2.0,
                3.0,
                9.0
              ],
              "pivot": [
                0.0,
                26.0,
                0.0
              ],
              "rotation": [
                0.0,
                0.0,
                -20.0
              ],
              "uv": [
                34,
                27
              ],
              "inflate": 0
            }
          ],
          "parent": "head"
        }
      ]
    }
  ]
}