{
  "format_version": "1.12.0",
  "minecraft:geometry": [
    {
      "description": {
        "identifier": "geometry.npc_nutty",
        "texture_width": 64,
        "texture_height": 64,
        "visible_bounds_width": 3,
        "visible_bounds_height": 3.5,
        "visible_bounds_offset": [
          0,
          1.25,
          0
        ]
      },
      "bones": [
        {
          "name": "rightLeg",
          "pivot": [
            -2,
            7,
            0
          ],
          "cubes": [
            {
              "origin": [
                -3.2,
                0.0,
                -2.0
              ],
              "size": [
                3.0,
                7.0,
                3.0
              ],
              "uv": [
                35,
                16
              ],
              "inflate": 0
            }
          ]
        },
        {
          "name": "rightFoot",
          "pivot": [
            -3,
            0,
            -3
          ],
          "cubes": [
            {
              "origin": [
                -3.2,
                0.0,
                -4.0
              ],
              "size": [
                3.0,
                2.0,
                2.0
              ],
              "uv": [
                0,
                24
              ],
              "inflate": 0
            }
          ],
          "parent": "rightLeg"
        },
        {
          "name": "leftLeg",
          "pivot": [
            2,
            7,
            0
          ],
          "cubes": [
            {
              "origin": [
                0.2,
                0.0,
                -2.0
              ],
              "size": [
                3.0,
                7.0,
                3.0
              ],
              "uv": [
                38,
                0
              ],
              "inflate": 0
            }
          ]
        },
        {
          "name": "leftFoot",
          "pivot": [
            1,
            0,
            -3
          ],
          "cubes": [
            {
              "origin": [
                0.2,
                0.0,
                -4.0
              ],
              "size": [
                3.0,
                2.0,
                2.0
              ],
              "uv": [
                0,
                19
              ],
              "inflate": 0
            }
          ],
          "parent": "leftLeg"
        },
        {
          "name": "body",
          "pivot": [
            0,
            7,
            0
          ],
          "cubes": [
            {
              "origin": [
                -3.0,
                7.0,
                -3.0
              ],
              "size": [
                6.0,
                8.0,
                5.0
              ],
              "uv": [
                25,
                28
              ],
              "inflate": 0.3
            }
          ]
        },
        {
          "name": "candy",
          "pivot": [
            0,
            7,
            -4
          ],
          "cubes": [
            {
              "origin": [
                -3.0,
                9.0,
                -4.0
              ],
              "size": [
                1.0,
                4.0,
                1.0
              ],
              "pivot": [
                0.0,
                7.0,
                -4.0
              ],
              "rotation": [
                0.0,
                0.0,
                25.0
              ],
              "uv": [
                28,
                41
              ],
              "inflate": 0
            },
            {
              "origin": [
                -2.0,
                12.0,
                -4.0
              ],
              "size": [
                1.0,
                1.0,
                1.0
              ],
              "pivot": [
                0.0,
                7.0,
                -4.0
              ],
              "rotation": [
                0.0,
                0.0,
                25.0
              ],
              "uv": [
                5,
                0
              ],
              "inflate": 0
            }
          ],
          "parent": "body"
        },
        {
          "name": "tail",
          "pivot": [
            1,
            6,
            0
          ],
          "cubes": [
            {
              "origin": [
                -2.0,
                7.0,
                2.0
              ],
              "size": [
                4.0,
                2.0,
                4.0
              ],
              "pivot": [
                0.0,
                -1.0,
                0.0
              ],
              "rotation": [
                2.5,
                0.0,
                0.0
              ],
              "uv": [
                19,
                19
              ],
              "inflate": 0
            },
            {
              "origin": [
                -2.0,
                -3.0,
                10.0
              ],
              "size": [
                4.0,
                3.0,
                11.0
              ],
              "pivot": [
                0.0,
                -1.0,
                0.0
              ],
              "rotation": [
                67.5,
                0.0,
                0.0
              ],
              "uv": [
                0,
                19
              ],
              "inflate": 0
            }
          ],
          "parent": "body"
        },
        {
          "name": "rightArm",
          "pivot": [
            -4,
            15,
            0
          ],
          "cubes": [
            {
              "origin": [
                -5.0,
                7.0,
                -2.0
              ],
              "size": [
                3.0,
                8.0,
                3.0
              ],
              "uv": [
                0,
                33
              ],
              "inflate": 0
            }
          ],
          "rotation": [
            0,
            0,
            15
          ]
        },
        {
          "name": "leftArm",
          "pivot": [
            4,
            15,
            0
          ],
          "cubes": [
            {
              "origin": [
                2.0,
                7.0,
                -2.0
              ],
              "size": [
                3.0,
                8.0,
                3.0
              ],
              "uv": [
                12,
                33
              ],
              "inflate": 0
            }
          ],
          "rotation": [
            0,
            0,
            -15
          ]
        },
        {
          "name": "head",
          "pivot": [
            0,
            16,
            0
          ],
          "cubes": [
            {
              "origin": [
                -5.0,
                15.0,
                -5.0
              ],
              "size": [
                10.0,
                10.0,
                9.0
              ],
              "uv": [
                0,
                0
              ],
              "inflate": 0
            }
          ]
        },
        {
          "name": "candy2",
          "pivot": [
            0,
            25,
            -5
          ],
          "cubes": [
            {
              "origin": [
                -1.0,
                25.0,
                -5.0
              ],
              "size": [
                2.0,
                2.0,
                2.0
              ],
              "uv": [
                29,
                4
              ],
              "inflate": 0
            },
            {
              "origin": [
                -0.5,
                26.0,
                -5.0
              ],
              "size": [
                1.0,
                5.0,
                1.0
              ],
              "pivot": [
                0.0,
                25.0,
                -5.0
              ],
              "rotation": [
                -42.5,
                0.0,
                0.0
              ],
              "uv": [
                60,
                0
              ],
              "inflate": 0
            },
            {
              "origin": [
                5.0,
                19.0,
                -3.0
              ],
              "size": [
                1.0,
                2.0,
                2.0
              ],
              "uv": [
                38,
                10
              ],
              "inflate": 0
            },
            {
              "origin": [
                5.0,
                19.5,
                -1.0
              ],
              "size": [
                1.0,
                1.0,
                3.0
              ],
              "uv": [
                56,
                0
              ],
              "inflate": 0
            },
            {
              "origin": [
                -6.0,
                20.0,
                -4.0
              ],
              "size": [
                1.0,
                3.0,
                3.0
              ],
              "uv": [
                0,
                0
              ],
              "inflate": 0
            },
            {
              "origin": [
                -6.0,
                20.9,
                -1.0
              ],
              "size": [
                1.0,
                1.0,
                3.0
              ],
              "uv": [
                56,
                0
              ],
              "inflate": 0
            }
          ],
          "parent": "head"
        },
        {
          "name": "ear2",
          "pivot": [
            1.5,
            25.5,
            -3.5
          ],
          "cubes": [
            {
              "origin": [
                1.0,
                24.0,
                -2.0
              ],
              "size": [
                3.0,
                2.0,
                1.0
              ],
              "pivot": [
                5.0,
                15.0,
                0.0
              ],
              "rotation": [
                0.0,
                0.0,
                10.0
              ],
              "uv": [
                0,
                6
              ],
              "inflate": 0
            }
          ],
          "parent": "head"
        },
        {
          "name": "ear",
          "pivot": [
            -3.5,
            25.5,
            -3.5
          ],
          "cubes": [
            {
              "origin": [
                -4.0,
                25.0,
                -2.0
              ],
              "size": [
                3.0,
                2.0,
                1.0
              ],
              "pivot": [
                0.0,
                15.0,
                0.0
              ],
              "rotation": [
                0.0,
                0.0,
                -10.0
              ],
              "uv": [
                24,
                25
              ],
              "inflate": 0
            }
          ],
          "parent": "head"
        }
      ]
    }
  ]
}