{
  "format_version": "1.12.0",
  "minecraft:geometry": [
    {
      "description": {
        "identifier": "geometry.npc_handy",
        "texture_width": 64,
        "texture_height": 64,
        "visible_bounds_width": 3,
        "visible_bounds_height": 3.5,
        "visible_bounds_offset": [
          0,
          1.25,
          0
        ]
      },
      "bones": [
        {
          "name": "rightLeg",
          "pivot": [
            -2,
            7,
            0
          ],
          "cubes": [
            {
              "origin": [
                -3.2,
                0.0,
                -2.0
              ],
              "size": [
                3.0,
                7.0,
                3.0
              ],
              "uv": [
                0,
                41
              ],
              "inflate": 0
            }
          ]
        },
        {
          "name": "rightFoot",
          "pivot": [
            -3,
            0,
            -3
          ],
          "cubes": [
            {
              "origin": [
                -3.2,
                0.0,
                -4.0
              ],
              "size": [
                3.0,
                2.0,
                2.0
              ],
              "uv": [
                0,
                23
              ],
              "inflate": 0
            }
          ],
          "parent": "rightLeg"
        },
        {
          "name": "leftLeg",
          "pivot": [
            2,
            7,
            0
          ],
          "cubes": [
            {
              "origin": [
                0.2,
                0.0,
                -2.0
              ],
              "size": [
                3.0,
                7.0,
                3.0
              ],
              "uv": [
                38,
                0
              ],
              "inflate": 0
            }
          ]
        },
        {
          "name": "leftFoot",
          "pivot": [
            1,
            0,
            -3
          ],
          "cubes": [
            {
              "origin": [
                0.2,
                0.0,
                -4.0
              ],
              "size": [
                3.0,
                2.0,
                2.0
              ],
              "uv": [
                0,
                19
              ],
              "inflate": 0
            }
          ],
          "parent": "leftLeg"
        },
        {
          "name": "body",
          "pivot": [
            0,
            7,
            0
          ],
          "cubes": [
            {
              "origin": [
                -3.0,
                7.0,
                -3.0
              ],
              "size": [
                6.0,
                8.0,
                5.0
              ],
              "uv": [
                33,
                14
              ],
              "inflate": 0.3
            }
          ]
        },
        {
          "name": "tail",
          "pivot": [
            1,
            7,
            0
          ],
          "cubes": [
            {
              "origin": [
                -3.0,
                7.0,
                -1.0
              ],
              "size": [
                6.0,
                14.0,
                1.0
              ],
              "rotation": [
                -22.5,
                0.0,
                0.0
              ],
              "uv": [
                36,
                30
              ],
              "inflate": 0
            }
          ],
          "parent": "body"
        },
        {
          "name": "rightArm",
          "pivot": [
            -4,
            15,
            0
          ],
          "cubes": [
            {
              "origin": [
                -5.0,
                9.0,
                -2.0
              ],
              "size": [
                3.0,
                6.0,
                3.0
              ],
              "uv": [
                24,
                41
              ],
              "inflate": 0
            }
          ],
          "rotation": [
            0,
            0,
            15
          ]
        },
        {
          "name": "leftArm",
          "pivot": [
            4,
            15,
            0
          ],
          "cubes": [
            {
              "origin": [
                2.0,
                9.0,
                -2.0
              ],
              "size": [
                3.0,
                6.0,
                3.0
              ],
              "uv": [
                12,
                41
              ],
              "inflate": 0
            }
          ],
          "rotation": [
            0,
            0,
            -15
          ]
        },
        {
          "name": "head",
          "pivot": [
            0,
            16,
            0
          ],
          "cubes": [
            {
              "origin": [
                -5.0,
                15.0,
                -5.0
              ],
              "size": [
                10.0,
                10.0,
                9.0
              ],
              "uv": [
                0,
                0
              ],
              "inflate": 0
            }
          ]
        },
        {
          "name": "hat",
          "pivot": [
            0,
            25,
            0
          ],
          "cubes": [
            {
              "origin": [
                -5.0,
                25.0,
                -6.0
              ],
              "size": [
                10.0,
                1.0,
                10.0
              ],
              "uv": [
                0,
                19
              ],
              "inflate": 0
            },
            {
              "origin": [
                -5.0,
                26.0,
                -4.0
              ],
              "size": [
                10.0,
                3.0,
                8.0
              ],
              "uv": [
                0,
                30
              ],
              "inflate": 0
            }
          ],
          "parent": "head"
        }
      ]
    }
  ]
}