{
  "format_version": "1.8.0",
  "minecraft:entity": {
    "description": {
      "identifier": "util:command",
      "is_spawnable": false,
      "is_summonable": true,
      "is_experimental": false
    },
    "component_groups": {},
    "components": {
      "minecraft:type_family": { "family": ["command"] },
      "minecraft:breathable": { "totalSupply": 15, "suffocateTime": 0, "breathesWater": true, "breathesSolids": true },
      "minecraft:collision_box": { "width": 0.5, "height": 0.5 },
      "minecraft:damage_sensor": [{ "cause": "all", "deals_damage": false }],
      "minecraft:health": { "value": 1000 },
      "minecraft:nameable": {}
    },
    "events": {}
  }
}
