{
  "format_version": "1.16.0",
  "minecraft:entity": {
    "description": {
      "identifier": "util:marker",
      "is_spawnable": false,
      "is_summonable": true,
      "is_experimental": false
    },
    "components": {
      "minecraft:type_family": { "family": ["marker", "npc"] },
      "minecraft:loot": { "table": "loot_tables/entities/marker.json" },
      "minecraft:equipment": { "table": "loot_tables/entities/marker_equipment.json" },
      "minecraft:breathable": { "totalSupply": 15, "suffocateTime": 0, "breathesWater": true },
      "minecraft:collision_box": { "width": 0.1, "height": 0.1 },
      "minecraft:health": { "value": 40 },
      "minecraft:ground_offset": { "value": 2.0 },
      "minecraft:nameable": {},
      "minecraft:persistent": {},
      "minecraft:physics": {},
      "minecraft:damage_sensor": {
        "triggers": [{ "cause": "all", "deals_damage": false }]
      }
    }
  }
}
