{
  "format_version": "1.16.0",
  "minecraft:entity": {
    "description": { "identifier": "util:pointer", "is_spawnable": false, "is_summonable": true, "is_experimental": false },
    "component_groups": {
      "blockception:always_visible": { "minecraft:variant": { "value": 1 } },
      "blockception:request_visible": { "minecraft:variant": { "value": 0 } }
    },
    "components": {
      "minecraft:type_family": { "family": ["pointer"] },
      "minecraft:loot": { "table": "loot_tables/entities/pointer.json" },
      "minecraft:breathable": { "totalSupply": 15, "suffocateTime": 0, "breathesWater": true, "breathesSolids": true },
      "minecraft:equipment": { "table": "loot_tables/entities/pointer_equipment.json" },

      "minecraft:pushable": { "is_pushable": false, "is_pushable_by_piston": false },
      "minecraft:fire_immune": {},
      "minecraft:health": { "value": 1000 },
      "minecraft:nameable": { "always_show": true },

      "minecraft:collision_box": { "width": 0, "height": 0 },
      "minecraft:custom_hit_test": { "hitboxes": [{ "width": 0, "height": 0, "pivot": [0, 2, 0] }] },

      "minecraft:physics": { "has_collision": false, "has_gravity": false },
      "minecraft:damage_sensor": { "triggers": [{ "cause": "all", "deals_damage": false }] },

      "minecraft:conditional_bandwidth_optimization": {},
      "minecraft:scale": { "value": 0.5 }
    },
    "events": {
      "blockception:always_visible": {
        "remove": { "component_groups": ["blockception:request_visible"] },
        "add": { "component_groups": ["blockception:always_visible"] }
      },
      "blockception:request_visible": {
        "remove": { "component_groups": ["blockception:always_visible"] },
        "add": { "component_groups": ["blockception:request_visible"] }
      },
      "blockception:toggle": {
        "sequence": [
          {
            "filters": { "test": "is_variant", "value": 0 },
            "trigger": "blockception:always_visible"
          },
          {
            "filters": { "test": "is_variant", "value": 1 },
            "trigger": "blockception:request_visible"
          }
        ]
      }
    }
  }
}
