{
  "format_version": "1.16.0",
  "minecraft:entity": {
    "description": {
      "identifier": "blockception:crystalfist_spikes_kevin",
      "is_summonable": true,
      "is_spawnable": false,
      "is_experimental": false,
      "animations": {
        "lifetime.anim": "animation.diamondhead_spikes.lifetime",
        "attack.anim": "animation.diamondhead_spikes.attack"
      },
      "scripts": { "animate": ["lifetime.anim", { "attack.anim": "query.is_on_ground" }] }
    },
    "component_groups": {
      "self:despawn": { "minecraft:instant_despawn": {} },
      "spikes:attack": {
        "minecraft:area_attack": {
          "cause": "contact",
          "damage_per_tick": 2,
          "damage_range": 1,
          "entity_filter": {
            "any_of": [{ "test": "is_family", "subject": "other", "value": "hero" }]
          }
        }
      }
    },
    "components": {
      "minecraft:type_family": { "family": ["kevin_spikes"] },
      "minecraft:physics": {
        "has_collision": true,
        "has_gravity": true
      },
      "minecraft:collision_box": { "width": 0.6, "height": 1 }
    },
    "events": {
      "minecraft:entity_spawned": { "add": { "component_groups": ["spikes:attack"] } },
      "self:despawn": { "add": { "component_groups": ["self:despawn"] } },
      "spikes:add_attack": { "add": { "component_groups": ["spikes:attack"] } },
      "spikes:remove_attack": { "remove": { "component_groups": ["spikes:attack"] } }
    }
  }
}
