{
  "format_version": "1.16.0",
  "minecraft:entity": {
    "description": {
      "identifier": "blockception:diamondhead_spikes",
      "is_summonable": true,
      "is_spawnable": false,
      "is_experimental": false,
      "animations": {
        "lifetime.anim": "animation.diamondhead_spikes.lifetime",
        "attack.anim": "animation.diamondhead_spikes.attack"
      },
      "scripts": { "animate": ["lifetime.anim", { "attack.anim": "query.is_on_ground" }] }
    },
    "component_groups": {
      "spikes:attack": {
        "minecraft:area_attack": {
          "cause": "contact",
          "damage_per_tick": 2,
          "damage_range": 0.4,
          "entity_filter": {
            "all_of": [
              { "test": "is_family", "subject": "other", "operator": "not", "value": "hero" },
              { "test": "is_family", "subject": "other", "operator": "not", "value": "player_alien" },
              { "test": "is_family", "subject": "other", "operator": "not", "value": "diamondhead" },
              { "test": "is_family", "subject": "other", "operator": "not", "value": "diamondhead_spikes" }
            ]
          }
        }
      },
      "self:despawn": { "minecraft:instant_despawn": {} }
    },
    "components": {
      "minecraft:type_family": { "family": ["diamondhead_spikes"] },
      "minecraft:physics": {
        "has_collision": true,
        "has_gravity": true
      },
      "minecraft:collision_box": {
        "width": 0.4,
        "height": 0.6
      },
      "minecraft:health": { "max": 1, "value": 1 },
      "minecraft:push_through": { "value": 1 },
      "minecraft:pushable": {
        "is_pushable": false,
        "is_pushable_by_piston": false
      },
      "minecraft:damage_sensor": {
        "triggers": [
          {
            "on_damage": {
              "filters": { "test": "has_damage", "subject": "self", "value": "fatal" }
            },
            "deals_damage": false
          }
        ]
      }
    },
    "events": {
      "self:despawn": { "add": { "component_groups": ["self:despawn"] } },
      "spikes:add_attack": { "add": { "component_groups": ["spikes:attack"] } },
      "spikes:remove_attack": { "remove": { "component_groups": ["spikes:attack"] } }
    }
  }
}
