{
  "format_version": "1.16.0",
  "minecraft:entity": {
    "description": {
      "identifier": "blockception:diamondhead_dart",
      "is_summonable": true,
      "is_spawnable": false,
      "is_experimental": false,
      "runtime_identifier": "minecraft:snowball",
      "animations": {
        "controller.lifetime": "controller.animation.diamondhead_dart.lifetime"
      },
      "scripts": { "animate": ["controller.lifetime"] }
    },

    "component_groups": {
      "self:despawn": { "minecraft:instant_despawn": {} },
      "self:hit": { "minecraft:is_sheared": {} }
    },

    "components": {
      "minecraft:physics": {},
      "minecraft:type_family": { "family": ["friendly"] },
      "minecraft:collision_box": { "height": 0.1, "width": 0.1 },
      "minecraft:despawn": {
        "despawn_from_inactivity": true,
        "despawn_from_simulation_edge": true,
        "min_range_inactivity_timer": 30,
        "remove_child_entities": true
      },
      "minecraft:projectile": {
        "gravity": 0.01,
        "hit_sound": "dart.hit",
        "knockback": true,
        "multiple_targets": false,
        "power": 9,
        "on_hit": {
          "impact_damage": {
            "damage": 3,
            "knockback": true
          },
          "stick_in_ground": {}
        },
        "shoot_target": true,
        "offset": [-1, -0.5, 0.25],
        "inertia": 0.99,
        "liquid_inertia": 0.8,
        "uncertainty_base": 10,
        "uncertainty_multiplier": 2
      }
    },

    "events": {
      "self:despawn": { "add": { "component_groups": ["self:despawn"] } },
      "self:hit": { "add": { "component_groups": ["self:hit"] } }
    }
  }
}
