{
    "format_version": "1.12.0",
    "minecraft:entity": {
        "description": {
            "identifier": "blockception:gax_lasers",
            "is_spawnable": false,
            "is_summonable": true,
            "is_experimental": false,
            "runtime_identifier" : "minecraft:snowball"
        },
        "component_groups": {
            "despawn": {
                "minecraft:despawn": {
                    "remove_child_entities": true,
                    "filters": {
                        "test": "is_family",
                        "value": "flames"
                    }
                }
            }
        },
        "components": {
            "minecraft:timer": {
                "looping": true,
                "time": 2,
                "time_down_event": {
                    "event": "despawn"
                }
            },
            "minecraft:type_family": {
                "family": [
                    "flames"
                ]
            },
            "minecraft:projectile": {
                "on_hit": {
                    "impact_damage": {
                        "damage": 6,
						"catch_fire": true,
                        "knockback": true
                    },
                    "stick_in_ground": {
                        "shake_time" : 0
                    }
                },
                "power": 1.95,
                "gravity": 0.02,
                "anchor": 0.8,
                "uncertainty_base": 1,
                "uncertainty_multiplier": 0,
                "multiple_targets": true,
                "stop_on_hurt": false,
                "should_bounce": false,
				"offset": [0, 0, 0],
                "catchFire": true
            },
      "minecraft:behavior.look_at_player": {
        "priority": 1,
        "look_distance": 100,
        "probability": 0.05
      },
            "minecraft:damage_sensor": [
                    {
                        "cause": "all",
                        "deals_damage": true
                    }
            ],
            "minecraft:collision_box": {
                "width": 0.2,
                "height": 0.2
            },
            "minecraft:pushable": {
                "is_pushable": true,
                "is_pushable_by_piston": true
            }
        },
        "events": {
            "despawn": {
                "add": {
                    "component_groups": [
                        "despawn"
                    ]
                }
            }
        }
    }
}