{
  "format_version": "1.16.0",
  "minecraft:entity": {
    "description": {
      "identifier": "blockception:heatblast_flamethrower",
      "is_summonable": true,
      "is_spawnable": false,
      "is_experimental": false,
      "runtime_identifier": "minecraft:snowball",
      "animations": { "lifetime.anim": "animation.heatblast.flamethrower_lifetime" },
      "scripts": { "animate": ["lifetime.anim"] }
    },

    "component_groups": {
      "self:despawn": { "minecraft:instant_despawn": {} }
    },

    "components": {
      "minecraft:despawn": {
        "despawn_from_inactivity": true,
        "despawn_from_simulation_edge": true,
        "min_range_inactivity_timer": 30,
        "remove_child_entities": true
      },
      "minecraft:projectile": {
        "angle_offset": 0,
        "gravity": 0,
        "knockback": true,
        "multiple_targets": false,
        "power": 4,
        "on_hit": {
          "impact_damage": {
            "damage": 1,
            "knockback": true,
            "destroy_on_hit": true
          },
          "remove_on_hit": {},
          "catch_fire": {
            "fire_affected_by_griefing": true
          }
        },
        "shoot_target": true,
        "catch_fire": true
      },
      "minecraft:type_family": { "family": ["flamethrower", "fire"] },
      "minecraft:physics": {},
      "minecraft:collision_box": { "height": 0.1, "width": 0.1 },
      "minecraft:scale": { "value": 1.0 }
    },

    "events": {
      "self:despawn": { "add": { "component_groups": ["self:despawn"] } }
    }
  }
}
