{
  "format_version": "1.16.0",
  "minecraft:entity": {
    "description": {
      "identifier": "blockception:heatblast_fireball",
      "is_summonable": true,
      "is_spawnable": false,
      "is_experimental": false,
      "runtime_identifier": "minecraft:snowball",
      "animations": { "lifetime.anim": "animation.heatblast.fireball_lifetime" },
      "scripts": { "animate": ["lifetime.anim"] }
    },

    "component_groups": {
      "self:despawn": { "minecraft:instant_despawn": {} },
      "self:explode": {
        "minecraft:explode": {
          "fuse_length": 0,
          "fuse_lit": true,
          "power": 6,
          "causes_fire": true,
          "fire_affected_by_griefing": true,
          "destroy_affected_by_griefing": true,
          "breaks_blocks": false
        }
      }
    },

    "components": {
      "minecraft:despawn": {
        "despawn_from_inactivity": true,
        "despawn_from_simulation_edge": true,
        "min_range_inactivity_timer": 30,
        "remove_child_entities": true
      },
      "minecraft:projectile": {
        "angle_offset": 0,
        "gravity": 0.01,
        "hit_sound": "explosion",
        "knockback": true,
        "multiple_targets": false,
        "power": 3,
        "on_hit": {
          "impact_damage": {
            "damage": 4,
            "knockback": false,
            "destroy_on_hit": true
          },
          "definition_event": {
            "affect_projectile": true,
            "event_trigger": {
              "event": "self:explode",
              "target": "self"
            }
          },
          "remove_on_hit": {},
          "catch_fire": {
            "fire_affected_by_griefing": true
          }
        },
        "shoot_target": true
      },
      "minecraft:type_family": { "family": ["fireball", "fire"] },
      "minecraft:physics": {},
      "minecraft:collision_box": { "height": 0.25, "width": 0.25 },
      "minecraft:scale": { "value": 1.0 }
    },

    "events": {
      "self:despawn": { "add": { "component_groups": ["self:despawn"] } },
      "self:explode": { "add": { "component_groups": ["self:explode"] } }
    }
  }
}
