{
  "format_version": "1.16.0",
  "minecraft:entity": {
    "description": {
      "identifier": "blockception:humungousaur_laser",
      "is_summonable": true,
      "is_spawnable": false,
      "is_experimental": false,
      "runtime_identifier": "minecraft:snowball"
    },

    "component_groups": {},

    "components": {
      "minecraft:despawn": {
        "despawn_from_inactivity": true,
        "despawn_from_simulation_edge": true,
        "min_range_inactivity_timer": 30,
        "remove_child_entities": true
      },
      "minecraft:projectile": {
        "angle_offset": -30,
        "gravity": 0,
        "hit_sound": "lasers.hit",
        "knockback": true,
        "multiple_targets": true,
        "power": 9.5,
        "on_hit": {
          "impact_damage": {
            "damage": 1,
            "knockback": true,
            "destroy_on_hit": true
          },
          "remove_on_hit": {}
        },
        "offset": [1.5, 0, 0],
        "shoot_target": true
      },
      "minecraft:type_family": { "family": ["lasers"] },
      "minecraft:physics": {},
      "minecraft:collision_box": { "height": 0.25, "width": 0.25 },
      "minecraft:scale": { "value": 1.0 }
    },

    "events": {}
  }
}
