{
  "format_version": "1.16.0",
  "minecraft:entity": {
    "description": {
      "identifier": "blockception:rath_obstacle",
      "is_spawnable": false,
      "is_summonable": true,
      "is_experimental": false,
      "animations": {
        "destroy.controller": "controller.animation.rath.obstacle",
        "destroy.rath.anim": "animation.rath.obstacle_destroyed"
      },
      "scripts": { "animate": ["destroy.controller"] }
    },
    "component_groups": {
      "self:destroyed": { "minecraft:variant": { "value": 1 } },
      "self:stay_destroyed": {
        "minecraft:variant": { "value": 2 },
        "minecraft:collision_box": { "height": 0, "width": 0 }
      },
      "self:not_destroyed": { "minecraft:variant": { "value": 0 } },

      "rath:cloth": { "minecraft:skin_id": { "value": 0 } },
      "rath:vines": { "minecraft:skin_id": { "value": 1 } },
      "rath:web": { "minecraft:skin_id": { "value": 2 } }
    },
    "components": {
      "minecraft:health": { "value": 10, "max": 10 },
      "minecraft:collision_box": { "height": 3, "width": 1.6 },
      "minecraft:knockback_resistance": { "value": 100 },
      "minecraft:physics": { "has_collision": false, "has_gravity": false },
      "minecraft:fire_immune": {},
      "minecraft:variant": { "value": 0 },
      "minecraft:skin_id": { "value": 0 },
      "minecraft:damage_sensor": {
        "triggers": [{ "cause": "all", "deals_damage": false }]
      },

      "minecraft:interact": {
        "interactions": [
          {
            "on_interact": {
              "filters": {
                "all_of": [
                  { "test": "has_equipment", "subject": "player", "domain": "hand", "value": "blockception:rath_slash" },
                  { "test": "is_variant", "subject": "player", "value": 5 },
                  { "test": "is_variant", "subject": "self", "value": 0 }
                ]
              },
              "event": "self:destroy",
              "target": "self"
            }
          }
        ]
      }
    },
    "events": {
      "minecraft:entity_spawned": {
        "sequence": [
          { "add": { "component_groups": ["self:not_destroyed"] } },
          {
            "randomize": [
              { "add": { "component_groups": ["rath:cloth"] }, "weight": 1 },
              { "add": { "component_groups": ["rath:vines"] }, "weight": 1 },
              { "add": { "component_groups": ["rath:web"] }, "weight": 1 }
            ]
          }
        ]
      },
      "self:destroy": { "add": { "component_groups": ["self:destroyed"] }, "remove": { "component_groups": ["self:not_destroyed"] } },
      "self:stay_destroyed": { "add": { "component_groups": ["self:stay_destroyed"] }, "remove": { "component_groups": ["self:destroyed"] } },
      "rath:cloth": { "add": { "component_groups": ["rath:cloth"] } },
      "rath:vines": { "add": { "component_groups": ["rath:vines"] } },
      "rath:web": { "add": { "component_groups": ["rath:web"] } }
    }
  }
}
