{
  "format_version": "1.16.0",
  "minecraft:entity": {
    "description": {
      "identifier": "blockception:rath_climb",
      "is_spawnable": false,
      "is_summonable": true,
      "is_experimental": false,
      "animations": { "controller.ride": "controller.animation.rath.climb_point", "self.climb": "animation.rath_climb.self_climb" },
      "scripts": { "animate": ["controller.ride", { "self.climb": "query.is_baby" }] }
    },
    "component_groups": {
      "climb:brick": { "minecraft:variant": { "value": 0 } },
      "climb:debris": { "minecraft:variant": { "value": 1 } },
      "rath:cloth": { "minecraft:skin_id": { "value": 0 } },
      "rath:vines": { "minecraft:skin_id": { "value": 1 } },
      "rath:web": { "minecraft:skin_id": { "value": 2 } },

      "climb:despawn": { "minecraft:despawn": {} },
      "self:ridden": { "minecraft:is_sheared": {} },
      "self:climb": { "minecraft:is_baby": {} }
    },
    "components": {
      "minecraft:health": { "value": 10, "max": 10 },
      "minecraft:collision_box": { "height": 0.3, "width": 0.5 },
      "minecraft:damage_sensor": {
        "triggers": [
          {
            "on_damage": {
              "filters": {
                "test": "is_family",
                "subject": "other",
                "value": "rath_climb_projectile"
              },
              "event": "self:climb",
              "target": "self"
            },
            "deals_damage": false
          },
          { "cause": "all", "deals_damage": false }
        ]
      },
      "minecraft:physics": {
        "has_collision": false,
        "has_gravity": false
      },
      "minecraft:interact": {
        "interactions": [
          {
            "on_interact": {
              "filters": {
                "all_of": [
                  { "test": "has_equipment", "subject": "player", "domain": "hand", "value": "blockception:rath_climb" },
                  { "test": "is_variant", "subject": "player", "value": 5 },
                  { "test": "is_variant", "subject": "self", "value": 0 }
                ]
              },
              "event": "climb:ridden",
              "target": "self"
            }
          }
        ]
      },
      "minecraft:knockback_resistance": { "value": 1000 },
      "minecraft:rideable": {
        "seat_count": 1,
        "seats": [{ "position": [0, 0, 0.5], "lock_rider_rotation": 90, "rotate_rider_by": 180 }],
        "family_types": ["rath"]
      }
    },
    "events": {
      "minecraft:entity_spawned": {
        "sequence": [
          {
            "randomize": [
              { "add": { "component_groups": ["rath:cloth"] }, "weight": 1 },
              { "add": { "component_groups": ["rath:vines"] }, "weight": 1 },
              { "add": { "component_groups": ["rath:web"] }, "weight": 1 }
            ]
          },
          {
            "randomize": [
              { "add": { "component_groups": ["climb:debris"] }, "weight": 1 },
              { "add": { "component_groups": ["climb:brick"] }, "weight": 1 }
            ]
          }
        ]
      },

      "climb:ridden": { "add": { "component_groups": ["self:ridden"] } },
      "climb:not_ridden": { "remove": { "component_groups": ["self:ridden"] } },
      "climb:brick": { "add": { "component_groups": ["climb:brick"] } },
      "climb:debris": { "add": { "component_groups": ["climb:debris"] } },
      "climb:despawn": { "add": { "component_groups": ["climb:despawn"] } },
      "self:climb": { "add": { "component_groups": ["self:ridden", "self:climb"] } },
      "self:remove_climb": { "remove": { "component_groups": ["self:climb"] } }
    }
  }
}
