{
  "format_version": "1.16.0",
  "minecraft:entity": {
    "description": {
      "identifier": "blockception:seismic_clap",
      "is_summonable": true,
      "is_spawnable": false,
      "is_experimental": false,
      "runtime_identifier": "minecraft:snowball",
      "animations": { "controller.lifetime": "controller.animation.seismic_clap.lifetime" },
      "scripts": { "animate": ["controller.lifetime"] }
    },

    "component_groups": {
      "self:despawn": { "minecraft:instant_despawn": {} },
      "seismic:knockback": {
        "minecraft:spawn_entity": {
          "entities": {
            "min_wait_time": 0,
            "max_wait_time": 0,
            "num_to_spawn": 1,
            "single_use": true,
            "spawn_entity": "blockception:dummy",
            "spawn_event": "fourarms:clap_knockback"
          }
        }
      }
    },

    "components": {
      "minecraft:despawn": {
        "despawn_from_inactivity": true,
        "despawn_from_simulation_edge": true,
        "min_range_inactivity_timer": 30,
        "remove_child_entities": true
      },
      "minecraft:projectile": {
        "gravity": 0,
        "hit_sound": "seismic.hit",
        "knockback": true,
        "multiple_targets": true,
        "power": 1.5,
        "on_hit": {
          "impact_damage": {
            "damage": 0,
            "knockback": true,
            "destroy_on_hit": false
          },
          "definition_event": {
            "event_trigger": {
              "event": "seismic:knockback",
              "target": "self"
            }
          }
        },
        "shoot_target": true,
        "offset": [0, -1.0, 0.25],
        "inertia": 1.0,
        "liquid_inertia": 1.0
      },
      "minecraft:type_family": { "family": ["non_damaging", "ability"] },
      "minecraft:physics": {},
      "minecraft:collision_box": { "height": 2.5, "width": 3 }
    },

    "events": {
      "self:despawn": { "add": { "component_groups": ["self:despawn"] } },
      "seismic:knockback": { "add": { "component_groups": ["seismic:knockback"] }, "remove": { "component_groups": ["seismic:knockback"] } }
    }
  }
}
