{
  "format_version": "1.16.0",
  "minecraft:entity": {
    "description": {
      "identifier": "blockception:shockrock_bluemerang",
      "is_summonable": true,
      "is_spawnable": false,
      "is_experimental": false,
      "runtime_identifier": "minecraft:snowball",
      "animations": {
        "weather.controller": "controller.animation.shockrock.bluemerang_entity",
        "bluemerang.toggle_weather": "animation.shockrock.bluemerang_weather"
      },
      "scripts": { "animate": ["weather.controller"] }
    },

    "component_groups": {},

    "components": {
      "minecraft:despawn": {
        "despawn_from_inactivity": true,
        "despawn_from_simulation_edge": true,
        "min_range_inactivity_timer": 30,
        "remove_child_entities": true
      },
      "minecraft:projectile": {
        "angle_offset": 0,
        "gravity": 0,
        "hit_sound": "bluemerang.hit",
        "knockback": true,
        "multiple_targets": true,
        "power": 6,
        "on_hit": {
          "impact_damage": {
            "damage": 3,
            "knockback": true,
            "destroy_on_hit": true
          },
          "remove_on_hit": {}
        },
        "shoot_target": true
      },
      "minecraft:type_family": { "family": ["bluemerang"] },
      "minecraft:physics": {},
      "minecraft:collision_box": { "height": 0.25, "width": 0.25 },
      "minecraft:scale": { "value": 1.0 }
    },

    "events": {}
  }
}
