{
  "format_version": "1.16.0",
  "minecraft:entity": {
    "description": {
      "identifier": "blockception:shockrock_chargebox",
      "is_spawnable": false,
      "is_summonable": true,
      "is_experimental": false,
      "animations": {
        "charge.controller": "controller.animation.shockrock.charge_entity"
      },
      "scripts": { "animate": ["charge.controller"] }
    },
    "component_groups": {
      "self:charged": { "minecraft:variant": { "value": 1 } },
      "self:not_charged": { "minecraft:variant": { "value": 0 } },
      "self:spark": { "minecraft:is_sheared": {} }
    },
    "components": {
      "minecraft:health": { "value": 10, "max": 10 },
      "minecraft:collision_box": { "height": 2, "width": 0.6 },
      "minecraft:ground_offset": { "value": 1 },
      "minecraft:damage_sensor": {
        "triggers": [{ "cause": "all", "deals_damage": false }]
      },
      "minecraft:scale": { "value": 1 },
      "minecraft:knockback_resistance": { "value": 1000 },
      "minecraft:physics": {
        "has_gravity": false
      },
      "minecraft:interact": {
        "interactions": [
          {
            "on_interact": {
              "filters": {
                "all_of": [
                  { "test": "has_equipment", "subject": "player", "domain": "hand", "value": "blockception:shockrock_charge" },
                  { "test": "is_variant", "subject": "player", "value": 9 },
                  { "test": "is_variant", "subject": "self", "value": 0 }
                ]
              },
              "event": "self:charge",
              "target": "self"
            }
          },
          {
            "on_interact": {
              "filters": {
                "all_of": [
                  { "test": "has_equipment", "subject": "player", "domain": "hand", "value": "blockception:shockrock_charge" },
                  { "test": "is_variant", "subject": "player", "value": 9 },
                  { "test": "is_variant", "subject": "self", "value": 1 }
                ]
              },
              "event": "self:discharge",
              "target": "self"
            }
          }
        ]
      }
    },
    "events": {
      "minecraft:entity_spawned": { "add": { "component_groups": ["self:not_charged"] } },
      "self:charge": { "add": { "component_groups": ["self:charged"] }, "remove": { "component_groups": ["self:not_charged"] } },
      "self:discharge": { "add": { "component_groups": ["self:not_charged"] }, "remove": { "component_groups": ["self:charged"] } },
      "self:spark": { "add": { "component_groups": ["self:spark"] } },
      "self:remove_spark": { "remove": { "component_groups": ["self:spark"] } }
    }
  }
}
