{
  "format_version": "1.16.0",
  "minecraft:entity": {
    "description": {
      "identifier": "blockception:slapback_thrown",
      "is_summonable": true,
      "is_spawnable": false,
      "is_experimental": false,
      "runtime_identifier": "minecraft:snowball",
      "animations": { "hit.controller": "controller.animation.slapback_land" },
      "scripts": { "animate": ["hit.controller"] }
    },

    "component_groups": {
      "slapback:half": {
        "minecraft:scale": { "value": 0.8 },
        "minecraft:variant": { "value": 1 },
        "minecraft:projectile": {
          "angle_offset": 0,
          "gravity": 0.01,
          "hit_sound": "slapback.hit",
          "power": 1,
          "on_hit": {
            "impact_damage": {
              "damage": 2,
              "knockback": true,
              "destroy_on_hit": true
            },
            "definition_event": {
              "event_trigger": {
                "event": "execute:hit",
                "target": "self"
              }
            }
          },
          "shoot_target": true
        }
      },
      "slapback:quarter": {
        "minecraft:scale": { "value": 0.65 },
        "minecraft:variant": { "value": 2 },
        "minecraft:projectile": {
          "angle_offset": 0,
          "gravity": 0.01,
          "hit_sound": "slapback.hit",
          "power": 1,
          "on_hit": {
            "impact_damage": {
              "damage": 2,
              "knockback": true,
              "destroy_on_hit": true
            },
            "definition_event": {
              "event_trigger": {
                "event": "execute:hit",
                "target": "self"
              }
            }
          }
        }
      },
      "slapback:eighth": {
        "minecraft:scale": { "value": 0.5 },
        "minecraft:variant": { "value": 3 },
        "minecraft:projectile": {
          "angle_offset": 0,
          "gravity": 0.01,
          "hit_sound": "slapback.hit",
          "power": 1,
          "on_hit": {
            "impact_damage": {
              "damage": 2,
              "knockback": true,
              "destroy_on_hit": true
            },
            "definition_event": {
              "event_trigger": {
                "event": "execute:hit",
                "target": "self"
              }
            }
          }
        }
      },
      "projectile:hit": { "minecraft:is_sheared": {} }
    },

    "components": {
      //Properties
      "minecraft:type_family": { "family": ["slapback", "projectile"] },
      "minecraft:collision_box": { "width": 0.8, "height": 0.8 },
      "minecraft:physics": {},
      "minecraft:persistent": {}
    },

    "events": {
      "slapback:half": { "add": { "component_groups": ["slapback:half"] } },
      "slapback:quarter": { "add": { "component_groups": ["slapback:quarter"] } },
      "slapback:eighth": { "add": { "component_groups": ["slapback:eighth"] } },
      "execute:hit": { "add": { "component_groups": ["projectile:hit"] } }
    }
  }
}
