{
  "format_version": "1.16.0",
  "minecraft:entity": {
    "description": {
      "identifier": "blockception:slapback_duplicate",
      "is_summonable": true,
      "is_spawnable": false,
      "is_experimental": false,
      "animations": {
        "controller.pickup": "controller.animation.slapback_pickup",
        "controller.set_score": "controller.animation.slapback_score"
      },
      "scripts": {
        "animate": ["controller.pickup", "controller.set_score"]
      }
    },

    "component_groups": {
      "slapback:half": {
        "minecraft:variant": { "value": 1 },
        "minecraft:scale": { "value": 0.8 },
        "minecraft:health": { "value": 16, "max": 16 },
        "minecraft:attack": { "damage": 4 }
      },
      "slapback:quarter": {
        "minecraft:variant": { "value": 2 },
        "minecraft:scale": { "value": 0.65 },
        "minecraft:health": { "value": 8, "max": 8 },
        "minecraft:attack": { "damage": 2 }
      },
      "slapback:eighth": {
        "minecraft:variant": { "value": 3 },
        "minecraft:scale": { "value": 0.5 },
        "minecraft:health": { "value": 4, "max": 4 },
        "minecraft:attack": { "damage": 1 }
      },
      "slapback:picked_up": { "minecraft:is_sheared": {} },
      "slapback:not_riding": { "minecraft:type_family": { "family": ["slapback_duplicate"] } },
      "slapback:is_riding": { "minecraft:type_family": { "family": ["slapback_duplicate", "slapback_riding"] } },
      "slapback:set_half": { "minecraft:skin_id": { "value": 2 } },
      "slapback:set_quarter": { "minecraft:skin_id": { "value": 4 } },
      "slapback:set_eighth": { "minecraft:skin_id": { "value": 8 } }
    },

    "components": {
      //Properties
      "minecraft:type_family": { "family": ["slapback_duplicate"] },
      "minecraft:collision_box": { "width": 0.6, "height": 0.8 },
      "minecraft:is_tamed": {},

      //Behaviours
      "minecraft:behavior.owner_hurt_target": {
        "priority": 2
      },
      "minecraft:behavior.follow_owner": {
        "priority": 6,
        "speed_multiplier": 1.0,
        "start_distance": 10,
        "stop_distance": 2
      },
      "minecraft:interact": {
        "interactions": [
          {
            "on_interact": {
              "filters": { "all_of": { "test": "has_equipment", "domain": "hand", "subject": "player", "value": "blockception:slapback_pickup" } },
              "event": "slapback:add_interact",
              "target": "self"
            }
          }
        ]
      },
      "minecraft:environment_sensor": {
        "triggers": [
          {
            "filters": { "test": "is_riding", "subject": "self", "value": true },
            "event": "slapback:add_riding",
            "target": "self"
          },
          {
            "filters": { "test": "is_riding", "subject": "self", "operator": "not", "value": true },
            "event": "slapback:remove_riding",
            "target": "self"
          }
        ]
      },
      "minecraft:damage_sensor": {
        "triggers": [
          {
            "on_damage": {
              "filters": { "test": "has_damage", "subject": "self", "value": "fatal" }
            },
            "deals_damage": false
          }
        ]
      },
      //Movement
      "minecraft:movement.basic": {},
      "minecraft:jump.static": {},
      "minecraft:movement": { "value": 0.28 },
      "minecraft:can_climb": {},
      "minecraft:navigation.walk": {
        "can_path_over_water": true,
        "avoid_damage_blocks": true
      },

      "minecraft:behavior.float": { "priority": 0 },
      "minecraft:physics": {},
      "minecraft:pushable": { "is_pushable": true, "is_pushable_by_piston": true },

      //Attacking
      "minecraft:behavior.look_at_entity": {
        "priority": 6,
        "filters": [{ "test": "has_tag", "subject": "other", "value": "talking" }],
        "probability": 1,
        "look_distance": 16,
        "look_time": [0.1, 0.5]
      },
      "minecraft:behavior.look_at_player": {
        "priority": 7,
        "look_distance": 16,
        "look_time": [0.1, 0.5],
        "probability": 1
      },

      "minecraft:follow_range": { "value": 128, "max": 128 },

      "minecraft:attack": { "damage": 5 },
      "minecraft:variant": { "value": 3 },
      "minecraft:behavior.delayed_attack": {
        "attack_duration": 1,
        "track_target": true,
        "reach_multiplier": 2,
        "require_complete_path": false
      },
      "minecraft:behavior.nearest_prioritized_attackable_target": {
        "within_radius": 128,
        "scan_interval": 10,
        "reselect_targets": true,
        "must_reach": false,
        "must_see": false,
        "entity_types": [
          { "filters": { "test": "has_tag", "subject": "other", "value": "DuplicateFollow" }, "max_dist": 128, "must_see": false },
          { "filters": { "test": "is_family", "subject": "other", "value": "enemy" }, "max_dist": 128, "must_see": false }
        ]
      }
    },

    "events": {
      "minecraft:entity_spawned": { "add": { "component_groups": ["slapback:not_riding"] } },
      "slapback:half": { "add": { "component_groups": ["slapback:half"] } },
      "slapback:quarter": { "add": { "component_groups": ["slapback:quarter"] } },
      "slapback:eighth": { "add": { "component_groups": ["slapback:eighth"] } },
      "slapback:add_riding": { "add": { "component_groups": ["slapback:is_riding"] }, "remove": { "component_groups": ["slapback:not_riding"] } },
      "slapback:remove_riding": { "add": { "component_groups": ["slapback:not_riding"] }, "remove": { "component_groups": ["slapback:is_riding"] } },
      "slapback:add_interact": { "add": { "component_groups": ["slapback:picked_up"] } },
      "slapback:remove_interact": { "remove": { "component_groups": ["slapback:picked_up"] } },
      "slapback:half_quarter": { "remove": { "component_groups": ["slapback:half"] }, "add": { "component_groups": ["slapback:quarter"] } },
      "slapback:quarter_half": { "remove": { "component_groups": ["slapback:quarter"] }, "add": { "component_groups": ["slapback:half"] } },
      "slapback:quarter_eighth": { "remove": { "component_groups": ["slapback:quarter"] }, "add": { "component_groups": ["slapback:eighth"] } },
      "slapback:eighth_quarter": { "remove": { "component_groups": ["slapback:eighth"] }, "add": { "component_groups": ["slapback:quarter"] } },
      "slapback:half_projectile": { "add": { "component_groups": ["slapback:half", "slapback:set_half"] } },
      "slapback:quarter_projectile": { "add": { "component_groups": ["slapback:half", "slapback:set_quarter"] } },
      "slapback:eighth_projectile": { "add": { "component_groups": ["slapback:half", "slapback:set_eighth"] } },
      "slapback:remove_projectile": { "remove": { "component_groups": ["slapback:set_half", "slapback:set_quarter", "slapback:set_eighth"] } }
    }
  }
}
