{
  "format_version": "1.16.0",
  "minecraft:entity": {
    "description": {
      "identifier": "blockception:tornado_thrown",
      "is_summonable": true,
      "is_spawnable": false,
      "is_experimental": false,
      "runtime_identifier": "minecraft:snowball",
      "animations": {
        "controller.lifetime": "controller.animation.tornado_thrown.lifetime",
        "command.anim": "animation.tornado_thrown.command"
      },
      "scripts": { "animate": ["controller.lifetime", "command.anim"] }
    },

    "component_groups": {
      "self:despawn": { "minecraft:instant_despawn": {} }
    },

    "components": {
      "minecraft:despawn": {
        "despawn_from_inactivity": true,
        "despawn_from_simulation_edge": true,
        "min_range_inactivity_timer": 30,
        "remove_child_entities": true
      },
      "minecraft:projectile": {
        "gravity": 0,
        "hit_sound": "tornado.hit",
        "knockback": true,
        "multiple_targets": true,
        "power": 0.75,
        "on_hit": {
          "impact_damage": {
            "damage": 0,
            "knockback": true,
            "destroy_on_hit": false
          },
          "definition_event": {
            "affect_projectile": true,
            "event_trigger": {
              "event": "tornado:spawn_ride",
              "target": "self"
            }
          }
        },
        "shoot_target": true,
        "offset": [0, -0.5, 0.25],
        "inertia": 0.99,
        "liquid_inertia": 0.8
      },
      "minecraft:type_family": { "family": ["non_damaging", "tornado_exclude"] },
      "minecraft:fire_immune": {},
      "minecraft:physics": {},
      "minecraft:collision_box": { "height": 1, "width": 0.6 }
    },

    "events": {
      "self:despawn": { "add": { "component_groups": ["self:despawn"] } }
    }
  }
}
