{
  "format_version": "1.16.0",
  "minecraft:entity": {
    "description": {
      "identifier": "blockception:tornado_ride",
      "is_summonable": true,
      "is_spawnable": false,
      "is_experimental": false,
      "animations": {
        "lifetime.anim": "animation.tornado_ride.lifetime",
        "command.anim": "animation.tornado_ride.command",
        "death.anim": "animation.tornado_ride.death"
      },
      "scripts": { "animate": ["lifetime.anim", "command.anim", { "death.anim": "!query.has_rider" }] }
    },

    "component_groups": {
      "self:despawn": { "minecraft:instant_despawn": {} }
    },

    "components": {
      "minecraft:type_family": { "family": ["non_damaging", "tornado_exclude"] },
      "minecraft:physics": {},
      "minecraft:collision_box": { "height": 1, "width": 0.6 },
      "minecraft:rideable": { "seat_count": 1, "seats": [{ "position": [0, 1, 0] }], "family_types": ["enemy", "boss", "villain"] }
    },

    "events": {
      "self:despawn": { "add": { "component_groups": ["self:despawn"] } }
    }
  }
}
