{
  "format_version": "1.10.0",
  "geometry.car1": {
    "texturewidth": 512,
    "textureheight": 512,
    "visible_bounds_width": 7,
    "visible_bounds_height": 3,
    "visible_bounds_offset": [0, 1.5, 0],
    "bones": [
      {
        "name": "Chassis",
        "pivot": [2, 14.5, 2.5],
        "rotation": [90, 0, 0],
        "reset": true,
        "cubes": [
          { "origin": [-11, -21.5, -7.5], "size": [22, 77, 5], "uv": [0, 0] },
          { "origin": [11, -3.5, -7.5], "size": [6, 41, 3], "uv": [80, 190] },
          { "origin": [-17, -3.5, -7.5], "size": [6, 41, 3], "uv": [62, 190] },
          { "origin": [-17, 55.5, -7.5], "size": [34, 9, 3], "uv": [142, 114] },
          { "origin": [-17, -30.5, -7.5], "size": [34, 9, 3], "uv": [0, 144] },
          { "origin": [-11, 37.5, -2.5], "size": [22, 18, 5], "uv": [0, 167] },
          { "origin": [-16, 55.5, -4.5], "size": [32, 7, 7], "uv": [132, 82] },
          { "origin": [-16, 37.5, 2.5], "size": [32, 24, 3], "uv": [0, 82] },
          { "origin": [-16, 36.5, -2.5], "size": [32, 1, 8], "uv": [62, 126] },
          { "origin": [-16, -3.5, -2.5], "size": [32, 4, 8], "uv": [62, 114] },
          { "origin": [-16, -27.5, 2.5], "size": [32, 24, 3], "uv": [54, 18] },
          { "origin": [-11, -21.5, -2.5], "size": [22, 18, 5], "uv": [54, 167] },
          { "origin": [-16, -28.5, -4.5], "size": [32, 7, 7], "uv": [132, 96] },
          { "origin": [-16, 10.5, -2.5], "size": [2, 26, 8], "uv": [14, 234] },
          { "origin": [14, 10.5, -2.5], "size": [2, 26, 8], "uv": [34, 234] },
          { "origin": [-14, 61.5, 2.5], "size": [6, 1, 3], "uv": [36, 350] },
          { "origin": [8, 61.5, 2.5], "size": [6, 1, 3], "uv": [54, 350] },
          { "origin": [-14, 39.5, 6.5], "size": [28, 21, 1], "uv": [198, 144] },
          { "origin": [-8, 62.5, -0.5], "size": [16, 1, 1], "uv": [142, 289] },
          { "origin": [-7, 62.5, 1.5], "size": [14, 1, 1], "uv": [0, 296] },
          { "origin": [-7, 61.5, 3.5], "size": [14, 1, 1], "uv": [0, 294] },
          { "origin": [-9, 62.5, -3.5], "size": [1, 1, 3], "uv": [232, 367] },
          { "origin": [-7, 62.5, 0.5], "size": [2, 1, 1], "uv": [24, 373] },
          { "origin": [-7, 61.5, 2.5], "size": [2, 1, 1], "uv": [30, 371] },
          { "origin": [5, 61.5, 2.5], "size": [2, 1, 1], "uv": [30, 373] },
          { "origin": [5, 62.5, 0.5], "size": [2, 1, 1], "uv": [24, 371] },
          { "origin": [8, 62.5, -3.5], "size": [1, 1, 3], "uv": [8, 371] },
          { "origin": [-16, -21.5, 0.5], "size": [5, 2, 2], "uv": [182, 361] },
          { "origin": [-16, -19.5, 1.5], "size": [5, 2, 1], "uv": [160, 367] },
          { "origin": [-16, -21.5, -1.5], "size": [5, 1, 2], "uv": [14, 367] },
          { "origin": [-16, -5.5, 0.5], "size": [5, 2, 2], "uv": [196, 361] },
          { "origin": [-16, -7.5, 1.5], "size": [5, 2, 1], "uv": [208, 367] },
          { "origin": [-16, -4.5, -1.5], "size": [5, 1, 2], "uv": [28, 367] },
          { "origin": [-16, 54.5, -1.5], "size": [5, 1, 2], "uv": [42, 367] },
          { "origin": [-16, 37.5, -1.5], "size": [5, 1, 2], "uv": [56, 367] },
          { "origin": [-16, 37.5, 0.5], "size": [5, 2, 2], "uv": [82, 361] },
          { "origin": [-16, 39.5, 1.5], "size": [5, 2, 1], "uv": [148, 367] },
          { "origin": [-16, 51.5, 1.5], "size": [5, 2, 1], "uv": [124, 367] },
          { "origin": [-16, 53.5, 0.5], "size": [5, 2, 2], "uv": [40, 361] },
          { "origin": [11, -21.5, -1.5], "size": [5, 1, 2], "uv": [84, 367] },
          { "origin": [11, -21.5, 0.5], "size": [5, 2, 2], "uv": [12, 361] },
          { "origin": [11, -19.5, 1.5], "size": [5, 2, 1], "uv": [184, 367] },
          { "origin": [11, -7.5, 1.5], "size": [5, 2, 1], "uv": [196, 367] },
          { "origin": [11, -5.5, 0.5], "size": [5, 2, 2], "uv": [112, 355] },
          { "origin": [11, -4.5, -1.5], "size": [5, 1, 2], "uv": [98, 367] },
          { "origin": [11, 37.5, 0.5], "size": [5, 2, 2], "uv": [156, 361] },
          { "origin": [11, 39.5, 1.5], "size": [5, 2, 1], "uv": [220, 367] },
          { "origin": [11, 37.5, -1.5], "size": [5, 1, 2], "uv": [70, 367] },
          { "origin": [11, 51.5, 1.5], "size": [5, 2, 1], "uv": [136, 367] },
          { "origin": [11, 53.5, 0.5], "size": [5, 2, 2], "uv": [54, 361] },
          { "origin": [11, 54.5, -1.5], "size": [5, 1, 2], "uv": [0, 367] },
          { "origin": [-15, 36.5, 7.5], "size": [30, 3, 1], "uv": [0, 190] },
          { "origin": [14, -5.5, 5.5], "size": [1, 45, 2], "uv": [60, 234] },
          { "origin": [-15, -5.5, 5.5], "size": [1, 45, 2], "uv": [54, 234] },
          { "origin": [-15, -8.5, 5.5], "size": [30, 3, 3], "uv": [166, 167] },
          { "origin": [-14, -25.5, 6.5], "size": [28, 17, 1], "uv": [108, 167] },
          { "origin": [9, -28.5, 2.5], "size": [6, 1, 3], "uv": [72, 350] },
          { "origin": [10, -29.5, 0.5], "size": [4, 1, 4], "uv": [138, 350] },
          { "origin": [-15, -28.5, 2.5], "size": [6, 1, 3], "uv": [212, 343] },
          { "origin": [-12, 15.5, -2.5], "size": [10, 10, 3], "uv": [0, 281] },
          { "origin": [-12, 14.5, 0.5], "size": [10, 3, 5], "uv": [52, 281] },
          { "origin": [-12, 13.5, 5.5], "size": [10, 3, 5], "uv": [142, 281] },
          { "origin": [-11, 13.5, 10.5], "size": [8, 3, 1], "uv": [0, 350] },
          { "origin": [-11, 25.5, -2.5], "size": [8, 1, 3], "uv": [96, 314] },
          { "origin": [3, 25.5, -2.5], "size": [8, 1, 3], "uv": [0, 327] },
          { "origin": [2, 15.5, -2.5], "size": [10, 10, 3], "uv": [26, 281] },
          { "origin": [2, 14.5, 0.5], "size": [10, 3, 5], "uv": [112, 281] },
          { "origin": [2, 13.5, 5.5], "size": [10, 3, 5], "uv": [82, 281] },
          { "origin": [3, 13.5, 10.5], "size": [8, 3, 1], "uv": [18, 350] },
          { "origin": [9, 62.5, 0.5], "size": [4, 1, 4], "uv": [106, 350] },
          { "origin": [-15, 39.5, 5.5], "size": [30, 22, 1], "uv": [74, 144] },
          { "origin": [-15, -26.5, 5.5], "size": [30, 18, 1], "uv": [136, 144] },
          { "origin": [-13, 62.5, 0.5], "size": [4, 1, 4], "uv": [122, 350] },
          { "origin": [-16, -3.5, -4.5], "size": [5, 41, 2], "uv": [0, 234] },
          { "origin": [10, -3.5, -4.5], "size": [6, 41, 2], "uv": [98, 190] },
          { "origin": [-14, 36.5, 5.5], "size": [28, 3, 2], "uv": [0, 194] },
          { "origin": [-13, 62.5, -3.5], "size": [4, 1, 2], "uv": [172, 367] },
          { "origin": [10, -29.5, -3.5], "size": [4, 1, 3], "uv": [26, 361] },
          { "origin": [-14, -29.5, -3.5], "size": [4, 1, 3], "uv": [68, 361] },
          { "origin": [-14, -29.5, 0.5], "size": [4, 1, 4], "uv": [138, 350] },
          { "origin": [-1, -28.5, 2.5], "size": [2, 1, 2], "uv": [16, 371] },
          { "origin": [9, 62.5, -3.5], "size": [4, 1, 2], "uv": [112, 367] },
          { "origin": [-9, 62.5, -4.5], "size": [18, 1, 1], "uv": [66, 234] },
          { "origin": [-16, 0.5, -2.5], "size": [32, 10, 8], "uv": [54, 0] }
        ]
      },
      {
        "name": "steer_wheel",
        "parent": "Chassis",
        "pivot": [7, 34.25, 6.5],
        "cubes": [
          { "origin": [2, 33.5, 3.5], "size": [2, 1, 6], "uv": [178, 343] },
          { "origin": [4, 33.5, 5.5], "size": [6, 1, 2], "uv": [188, 350] },
          { "origin": [10, 33.5, 3.5], "size": [2, 1, 6], "uv": [162, 343] },
          { "origin": [3, 33.5, 9.5], "size": [8, 1, 1], "uv": [154, 350] },
          { "origin": [3, 33.5, 2.5], "size": [8, 1, 1], "uv": [154, 352] },
          { "origin": [6, 34.5, 5.5], "size": [2, 2, 2], "uv": [0, 371] }
        ]
      },
      {
        "name": "Supports0",
        "parent": "Chassis",
        "pivot": [13, 37.5, 7.5],
        "rotation": [45, 0, 0],
        "cubes": [
          { "origin": [12.75, 19.1, 7.25], "size": [2, 19, 2], "uv": [52, 306] },
          { "origin": [-14.75, 19.5, 7.25], "size": [2, 19, 2], "uv": [44, 306] }
        ]
      },
      {
        "name": "Supports1",
        "parent": "Chassis",
        "pivot": [14, -6.5, 8.5],
        "rotation": [-63, 0, 0],
        "cubes": [
          { "origin": [-14.75, -7.65, 7.35], "size": [2, 14, 2], "uv": [48, 327] },
          { "origin": [12.75, -7.65, 7.35], "size": [2, 14, 2], "uv": [40, 327] }
        ]
      },
      {
        "name": "Roof",
        "parent": "Chassis",
        "pivot": [0, 33.5, 21.5],
        "rotation": [-3, 0, 0],
        "cubes": [
          { "origin": [-15, -2, 21.5], "size": [30, 29, 1], "uv": [0, 114] },
          { "origin": [-15, -3, 20.5], "size": [30, 31, 1], "uv": [70, 82] }
        ]
      },
      {
        "name": "FRWheel",
        "pivot": [-11, 6.5, -29.5],
        "cubes": [
          { "origin": [-16, 3, -32], "size": [5, 7, 5], "uv": [30, 294] },
          { "origin": [-17, 10, -32], "size": [6, 3, 5], "uv": [134, 294] },
          { "origin": [-17, 0, -32], "size": [6, 3, 5], "uv": [112, 294] },
          { "origin": [-17, 4, -26], "size": [6, 5, 3], "uv": [60, 314] },
          { "origin": [-17, 4, -36], "size": [6, 5, 3], "uv": [22, 327] },
          { "origin": [-17, 9, -27], "size": [6, 2, 3], "uv": [36, 343] },
          { "origin": [-17, 9, -35], "size": [6, 2, 3], "uv": [74, 337] },
          { "origin": [-17, 2, -27], "size": [6, 2, 3], "uv": [74, 327] },
          { "origin": [-17, 2, -35], "size": [6, 2, 3], "uv": [56, 327] },
          { "origin": [-17, 11, -34], "size": [6, 1, 2], "uv": [0, 358] },
          { "origin": [-17, 1, -34], "size": [6, 1, 2], "uv": [96, 358] },
          { "origin": [-17, 1, -27], "size": [6, 1, 2], "uv": [96, 355] },
          { "origin": [-17, 11, -27], "size": [6, 1, 2], "uv": [80, 358] },
          { "origin": [-16, 4, -27], "size": [5, 5, 1], "uv": [120, 361] },
          { "origin": [-16, 4, -33], "size": [5, 5, 1], "uv": [108, 361] }
        ]
      },
      {
        "name": "BLWheel",
        "pivot": [11, 6.5, 29.5],
        "cubes": [
          { "origin": [11, 3, 27], "size": [5, 7, 5], "uv": [70, 294] },
          { "origin": [11, 10, 27], "size": [6, 3, 5], "uv": [90, 294] },
          { "origin": [11, 0, 27], "size": [6, 3, 5], "uv": [0, 306] },
          { "origin": [11, 4, 33], "size": [6, 5, 3], "uv": [78, 314] },
          { "origin": [11, 4, 23], "size": [6, 5, 3], "uv": [0, 331] },
          { "origin": [11, 9, 32], "size": [6, 2, 3], "uv": [54, 343] },
          { "origin": [11, 9, 24], "size": [6, 2, 3], "uv": [126, 343] },
          { "origin": [11, 2, 32], "size": [6, 2, 3], "uv": [0, 343] },
          { "origin": [11, 2, 24], "size": [6, 2, 3], "uv": [56, 332] },
          { "origin": [11, 11, 25], "size": [6, 1, 2], "uv": [80, 355] },
          { "origin": [11, 1, 25], "size": [6, 1, 2], "uv": [64, 358] },
          { "origin": [11, 1, 32], "size": [6, 1, 2], "uv": [64, 355] },
          { "origin": [11, 11, 32], "size": [6, 1, 2], "uv": [48, 358] },
          { "origin": [11, 4, 32], "size": [5, 5, 1], "uv": [0, 361] },
          { "origin": [11, 4, 26], "size": [5, 5, 1], "uv": [126, 355] }
        ]
      },
      {
        "name": "BRWheel",
        "pivot": [-11, 6.5, 29.5],
        "cubes": [
          { "origin": [-16, 3, 27], "size": [5, 7, 5], "uv": [176, 281] },
          { "origin": [-17, 10, 27], "size": [6, 3, 5], "uv": [0, 314] },
          { "origin": [-17, 0, 27], "size": [6, 3, 5], "uv": [22, 306] },
          { "origin": [-17, 4, 33], "size": [6, 5, 3], "uv": [22, 335] },
          { "origin": [-17, 4, 23], "size": [6, 5, 3], "uv": [60, 306] },
          { "origin": [-17, 9, 32], "size": [6, 2, 3], "uv": [72, 343] },
          { "origin": [-17, 9, 24], "size": [6, 2, 3], "uv": [144, 343] },
          { "origin": [-17, 2, 32], "size": [6, 2, 3], "uv": [108, 343] },
          { "origin": [-17, 2, 24], "size": [6, 2, 3], "uv": [90, 343] },
          { "origin": [-17, 11, 25], "size": [6, 1, 2], "uv": [48, 355] },
          { "origin": [-17, 1, 25], "size": [6, 1, 2], "uv": [172, 350] },
          { "origin": [-17, 1, 32], "size": [6, 1, 2], "uv": [16, 355] },
          { "origin": [-17, 11, 32], "size": [6, 1, 2], "uv": [32, 358] },
          { "origin": [-16, 4, 32], "size": [5, 5, 1], "uv": [96, 361] },
          { "origin": [-16, 4, 26], "size": [5, 5, 1], "uv": [144, 361] }
        ]
      },
      {
        "name": "FLWheel",
        "pivot": [11, 6.5, -29.5],
        "cubes": [
          { "origin": [11, 3, -32], "size": [5, 7, 5], "uv": [50, 294] },
          { "origin": [11, 10, -32], "size": [6, 3, 5], "uv": [156, 294] },
          { "origin": [11, 0, -32], "size": [6, 3, 5], "uv": [178, 294] },
          { "origin": [11, 4, -26], "size": [6, 5, 3], "uv": [96, 306] },
          { "origin": [11, 4, -36], "size": [6, 5, 3], "uv": [78, 306] },
          { "origin": [11, 9, -27], "size": [6, 2, 3], "uv": [56, 337] },
          { "origin": [11, 9, -35], "size": [6, 2, 3], "uv": [194, 343] },
          { "origin": [11, 2, -27], "size": [6, 2, 3], "uv": [18, 343] },
          { "origin": [11, 2, -35], "size": [6, 2, 3], "uv": [74, 332] },
          { "origin": [11, 11, -34], "size": [6, 1, 2], "uv": [32, 355] },
          { "origin": [11, 1, -34], "size": [6, 1, 2], "uv": [16, 358] },
          { "origin": [11, 1, -27], "size": [6, 1, 2], "uv": [0, 355] },
          { "origin": [11, 11, -27], "size": [6, 1, 2], "uv": [204, 350] },
          { "origin": [11, 4, -27], "size": [5, 5, 1], "uv": [132, 361] },
          { "origin": [11, 4, -33], "size": [5, 5, 1], "uv": [170, 361] }
        ]
      }
    ]
  },
  "geometry.car2": {
    "texturewidth": 512,
    "textureheight": 512,
    "visible_bounds_width": 7,
    "visible_bounds_height": 3,
    "visible_bounds_offset": [0, 1.5, 0],
    "bones": [
      {
        "name": "Chassis",
        "pivot": [2, 14.5, 2.5],
        "rotation": [90, 0, 0],
        "reset": true,
        "cubes": [
          { "origin": [-11, -21.5, -7.5], "size": [22, 77, 5], "uv": [0, 0] },
          { "origin": [11, -3.5, -7.5], "size": [6, 41, 3], "uv": [102, 165] },
          { "origin": [-17, -3.5, -7.5], "size": [6, 41, 3], "uv": [0, 209] },
          { "origin": [-17, 55.5, -7.5], "size": [34, 9, 3], "uv": [0, 96] },
          { "origin": [-17, -30.5, -7.5], "size": [34, 9, 3], "uv": [74, 96] },
          { "origin": [-11, 37.5, -2.5], "size": [22, 18, 5], "uv": [0, 142] },
          { "origin": [-16, 55.5, -4.5], "size": [32, 7, 7], "uv": [158, 82] },
          { "origin": [-16, 37.5, 2.5], "size": [32, 24, 3], "uv": [54, 27] },
          { "origin": [-16, 36.5, -2.5], "size": [32, 1, 8], "uv": [236, 82] },
          { "origin": [-16, -3.5, -2.5], "size": [32, 4, 8], "uv": [0, 82] },
          { "origin": [-16, -27.5, 2.5], "size": [32, 24, 3], "uv": [54, 0] },
          { "origin": [-11, -21.5, -2.5], "size": [22, 18, 5], "uv": [188, 119] },
          { "origin": [-16, -28.5, -4.5], "size": [32, 7, 7], "uv": [80, 82] },
          { "origin": [-16, 0.5, -2.5], "size": [2, 36, 8], "uv": [82, 165] },
          { "origin": [14, 0.5, -2.5], "size": [2, 36, 8], "uv": [62, 165] },
          { "origin": [-14, 61.5, 2.5], "size": [6, 1, 3], "uv": [144, 314] },
          { "origin": [8, 61.5, 2.5], "size": [6, 1, 3], "uv": [72, 314] },
          { "origin": [-14, 39.5, 6.5], "size": [28, 21, 1], "uv": [62, 119] },
          { "origin": [-7, 62.5, -2.5], "size": [14, 1, 1], "uv": [0, 273] },
          { "origin": [-7, 62.5, -0.5], "size": [14, 1, 1], "uv": [0, 271] },
          { "origin": [-7, 62.5, 1.5], "size": [14, 1, 1], "uv": [0, 269] },
          { "origin": [-7, 61.5, 3.5], "size": [14, 1, 1], "uv": [142, 264] },
          { "origin": [-7, 62.5, -1.5], "size": [2, 1, 1], "uv": [118, 336] },
          { "origin": [-7, 62.5, 0.5], "size": [2, 1, 1], "uv": [100, 334] },
          { "origin": [-7, 61.5, 2.5], "size": [2, 1, 1], "uv": [112, 334] },
          { "origin": [5, 61.5, 2.5], "size": [2, 1, 1], "uv": [106, 336] },
          { "origin": [5, 62.5, 0.5], "size": [2, 1, 1], "uv": [106, 334] },
          { "origin": [5, 62.5, -1.5], "size": [2, 1, 1], "uv": [100, 336] },
          { "origin": [-16, -21.5, 0.5], "size": [5, 2, 2], "uv": [38, 328] },
          { "origin": [-16, -19.5, 1.5], "size": [5, 2, 1], "uv": [36, 334] },
          { "origin": [-16, -21.5, -1.5], "size": [5, 1, 2], "uv": [52, 331] },
          { "origin": [-16, -5.5, 0.5], "size": [5, 2, 2], "uv": [0, 328] },
          { "origin": [-16, -7.5, 1.5], "size": [5, 2, 1], "uv": [48, 334] },
          { "origin": [-16, -4.5, -1.5], "size": [5, 1, 2], "uv": [66, 328] },
          { "origin": [-16, 54.5, -1.5], "size": [5, 1, 2], "uv": [66, 331] },
          { "origin": [-16, 37.5, -1.5], "size": [5, 1, 2], "uv": [80, 328] },
          { "origin": [-16, 37.5, 0.5], "size": [5, 2, 2], "uv": [136, 322] },
          { "origin": [-16, 39.5, 1.5], "size": [5, 2, 1], "uv": [60, 334] },
          { "origin": [-16, 51.5, 1.5], "size": [5, 2, 1], "uv": [72, 334] },
          { "origin": [-16, 53.5, 0.5], "size": [5, 2, 2], "uv": [96, 322] },
          { "origin": [11, -21.5, -1.5], "size": [5, 1, 2], "uv": [94, 328] },
          { "origin": [11, -21.5, 0.5], "size": [5, 2, 2], "uv": [68, 322] },
          { "origin": [11, -19.5, 1.5], "size": [5, 2, 1], "uv": [144, 328] },
          { "origin": [11, -7.5, 1.5], "size": [5, 2, 1], "uv": [24, 334] },
          { "origin": [11, -5.5, 0.5], "size": [5, 2, 2], "uv": [186, 322] },
          { "origin": [11, -4.5, -1.5], "size": [5, 1, 2], "uv": [94, 331] },
          { "origin": [11, 37.5, 0.5], "size": [5, 2, 2], "uv": [42, 322] },
          { "origin": [11, 39.5, 1.5], "size": [5, 2, 1], "uv": [144, 331] },
          { "origin": [11, 37.5, -1.5], "size": [5, 1, 2], "uv": [80, 331] },
          { "origin": [11, 51.5, 1.5], "size": [5, 2, 1], "uv": [12, 334] },
          { "origin": [11, 53.5, 0.5], "size": [5, 2, 2], "uv": [16, 322] },
          { "origin": [11, 54.5, -1.5], "size": [5, 1, 2], "uv": [52, 328] },
          { "origin": [-15, 36.5, 7.5], "size": [30, 3, 1], "uv": [0, 165] },
          { "origin": [14, -5.5, 5.5], "size": [1, 45, 2], "uv": [90, 209] },
          { "origin": [-15, -5.5, 5.5], "size": [1, 45, 2], "uv": [84, 209] },
          { "origin": [-15, -8.5, 5.5], "size": [30, 3, 3], "uv": [112, 142] },
          { "origin": [-14, -25.5, 6.5], "size": [28, 17, 1], "uv": [54, 142] },
          { "origin": [9, -28.5, 2.5], "size": [6, 1, 3], "uv": [108, 314] },
          { "origin": [10, -29.5, 0.5], "size": [4, 1, 4], "uv": [162, 314] },
          { "origin": [-15, -28.5, 2.5], "size": [6, 1, 3], "uv": [90, 314] },
          { "origin": [-12, 15.5, -2.5], "size": [10, 10, 3], "uv": [0, 256] },
          { "origin": [-12, 14.5, 0.5], "size": [10, 3, 5], "uv": [82, 256] },
          { "origin": [-12, 13.5, 5.5], "size": [10, 3, 5], "uv": [52, 256] },
          { "origin": [-11, 13.5, 10.5], "size": [8, 3, 1], "uv": [126, 314] },
          { "origin": [-11, 25.5, -2.5], "size": [8, 1, 3], "uv": [0, 289] },
          { "origin": [3, 25.5, -2.5], "size": [8, 1, 3], "uv": [0, 293] },
          { "origin": [2, 15.5, -2.5], "size": [10, 10, 3], "uv": [26, 256] },
          { "origin": [2, 14.5, 0.5], "size": [10, 3, 5], "uv": [112, 256] },
          { "origin": [2, 13.5, 5.5], "size": [10, 3, 5], "uv": [142, 256] },
          { "origin": [3, 13.5, 10.5], "size": [8, 3, 1], "uv": [54, 314] },
          { "origin": [9, 62.5, 0.5], "size": [4, 1, 4], "uv": [210, 314] },
          { "origin": [-15, 39.5, 5.5], "size": [30, 22, 1], "uv": [148, 96] },
          { "origin": [-15, -26.5, 5.5], "size": [30, 18, 1], "uv": [0, 119] },
          { "origin": [-13, 62.5, 0.5], "size": [4, 1, 4], "uv": [194, 314] },
          { "origin": [-16, -3.5, -4.5], "size": [5, 41, 2], "uv": [34, 209] },
          { "origin": [10, -3.5, -4.5], "size": [6, 41, 2], "uv": [18, 209] },
          { "origin": [-14, 36.5, 5.5], "size": [28, 3, 2], "uv": [0, 169] },
          { "origin": [-13, 62.5, -3.5], "size": [4, 1, 2], "uv": [0, 334] },
          { "origin": [10, -29.5, -3.5], "size": [4, 1, 3], "uv": [122, 322] },
          { "origin": [-14, -29.5, -3.5], "size": [4, 1, 3], "uv": [82, 322] },
          { "origin": [-14, -29.5, 0.5], "size": [4, 1, 4], "uv": [178, 314] },
          { "origin": [-1, -28.5, 2.5], "size": [2, 1, 2], "uv": [92, 334] },
          { "origin": [9, 62.5, -3.5], "size": [4, 1, 2], "uv": [156, 328] },
          { "origin": [-7, 62.5, -4.5], "size": [14, 1, 1], "uv": [70, 269] },
          { "origin": [-7, 62.5, -3.5], "size": [2, 1, 1], "uv": [112, 336] },
          { "origin": [5, 62.5, -3.5], "size": [2, 1, 1], "uv": [118, 334] },
          { "origin": [-16, 0.5, -2.5], "size": [32, 8, 3], "uv": [210, 96] },
          { "origin": [-11, 8.5, -2.5], "size": [22, 1, 3], "uv": [34, 252] },
          { "origin": [-14, -0.5, 0.5], "size": [28, 3, 6], "uv": [120, 119] },
          { "origin": [-12, -1.5, 4.5], "size": [7, 3, 4], "uv": [110, 281] },
          { "origin": [5, -1.5, 4.5], "size": [7, 3, 4], "uv": [154, 281] },
          { "origin": [-3.5, -1.5, 4.5], "size": [7, 3, 4], "uv": [132, 281] },
          { "origin": [-11, -1.5, 8.5], "size": [5, 3, 1], "uv": [120, 328] },
          { "origin": [6, -1.5, 8.5], "size": [5, 3, 1], "uv": [108, 328] },
          { "origin": [-2.5, -1.5, 8.5], "size": [5, 3, 1], "uv": [132, 328] }
        ]
      },
      {
        "name": "steer_wheel",
        "parent": "Chassis",
        "pivot": [7, 34.25, 6.5],
        "cubes": [
          { "origin": [3, 33.5, 9.5], "size": [8, 1, 1], "uv": [0, 319] },
          { "origin": [4, 33.5, 5.5], "size": [6, 1, 2], "uv": [82, 319] },
          { "origin": [6, 34.5, 5.5], "size": [2, 2, 2], "uv": [84, 334] },
          { "origin": [10, 33.5, 3.5], "size": [2, 1, 6], "uv": [178, 307] },
          { "origin": [3, 33.5, 2.5], "size": [8, 1, 1], "uv": [226, 314] },
          { "origin": [2, 33.5, 3.5], "size": [2, 1, 6], "uv": [162, 307] }
        ]
      },
      {
        "name": "Supports0",
        "parent": "Chassis",
        "pivot": [13, 37.5, 7.5],
        "rotation": [45, 0, 0],
        "cubes": [
          { "origin": [12.75, 21.92843, 7.25], "size": [2, 16, 2], "uv": [30, 289] },
          { "origin": [-14.75, 22.32843, 7.25], "size": [2, 16, 2], "uv": [22, 289] }
        ]
      },
      {
        "name": "Roof",
        "parent": "Chassis",
        "pivot": [0, 33.5, 21.5],
        "rotation": [-3, 0, 0],
        "cubes": [{ "origin": [-15, 25.14259, 18.39807], "size": [30, 3, 2], "uv": [112, 148] }]
      },
      {
        "name": "FRWheel",
        "pivot": [-11, 6.5, -29.5],
        "cubes": [
          { "origin": [-16, 3, -32], "size": [5, 7, 5], "uv": [50, 269] },
          { "origin": [-17, 10, -32], "size": [6, 3, 5], "uv": [22, 281] },
          { "origin": [-17, 0, -32], "size": [6, 3, 5], "uv": [0, 281] },
          { "origin": [-17, 4, -26], "size": [6, 5, 3], "uv": [176, 281] },
          { "origin": [-17, 4, -36], "size": [6, 5, 3], "uv": [74, 289] },
          { "origin": [-17, 9, -27], "size": [6, 2, 3], "uv": [72, 307] },
          { "origin": [-17, 9, -35], "size": [6, 2, 3], "uv": [18, 314] },
          { "origin": [-17, 2, -27], "size": [6, 2, 3], "uv": [36, 314] },
          { "origin": [-17, 2, -35], "size": [6, 2, 3], "uv": [0, 314] },
          { "origin": [-17, 11, -34], "size": [6, 1, 2], "uv": [226, 319] },
          { "origin": [-17, 1, -34], "size": [6, 1, 2], "uv": [0, 322] },
          { "origin": [-17, 1, -27], "size": [6, 1, 2], "uv": [18, 319] },
          { "origin": [-17, 11, -27], "size": [6, 1, 2], "uv": [34, 319] },
          { "origin": [-16, 4, -27], "size": [5, 5, 1], "uv": [174, 322] },
          { "origin": [-16, 4, -33], "size": [5, 5, 1], "uv": [14, 328] }
        ]
      },
      {
        "name": "BLWheel",
        "pivot": [11, 6.5, 29.5],
        "cubes": [
          { "origin": [11, 3, 27], "size": [5, 7, 5], "uv": [172, 256] },
          { "origin": [11, 10, 27], "size": [6, 3, 5], "uv": [66, 281] },
          { "origin": [11, 0, 27], "size": [6, 3, 5], "uv": [142, 269] },
          { "origin": [11, 4, 33], "size": [6, 5, 3], "uv": [56, 289] },
          { "origin": [11, 4, 23], "size": [6, 5, 3], "uv": [38, 297] },
          { "origin": [11, 9, 32], "size": [6, 2, 3], "uv": [194, 307] },
          { "origin": [11, 9, 24], "size": [6, 2, 3], "uv": [0, 307] },
          { "origin": [11, 2, 32], "size": [6, 2, 3], "uv": [74, 297] },
          { "origin": [11, 2, 24], "size": [6, 2, 3], "uv": [18, 307] },
          { "origin": [11, 11, 25], "size": [6, 1, 2], "uv": [162, 319] },
          { "origin": [11, 1, 25], "size": [6, 1, 2], "uv": [194, 319] },
          { "origin": [11, 1, 32], "size": [6, 1, 2], "uv": [210, 319] },
          { "origin": [11, 11, 32], "size": [6, 1, 2], "uv": [242, 319] },
          { "origin": [11, 4, 32], "size": [5, 5, 1], "uv": [110, 322] },
          { "origin": [11, 4, 26], "size": [5, 5, 1], "uv": [56, 322] }
        ]
      },
      {
        "name": "BRWheel",
        "pivot": [-11, 6.5, 29.5],
        "cubes": [
          { "origin": [-16, 3, 27], "size": [5, 7, 5], "uv": [100, 269] },
          { "origin": [-17, 10, 27], "size": [6, 3, 5], "uv": [88, 281] },
          { "origin": [-17, 0, 27], "size": [6, 3, 5], "uv": [44, 281] },
          { "origin": [-17, 4, 33], "size": [6, 5, 3], "uv": [194, 281] },
          { "origin": [-17, 4, 23], "size": [6, 5, 3], "uv": [0, 297] },
          { "origin": [-17, 9, 32], "size": [6, 2, 3], "uv": [90, 307] },
          { "origin": [-17, 9, 24], "size": [6, 2, 3], "uv": [212, 307] },
          { "origin": [-17, 2, 32], "size": [6, 2, 3], "uv": [54, 307] },
          { "origin": [-17, 2, 24], "size": [6, 2, 3], "uv": [108, 307] },
          { "origin": [-17, 11, 25], "size": [6, 1, 2], "uv": [98, 319] },
          { "origin": [-17, 1, 25], "size": [6, 1, 2], "uv": [0, 325] },
          { "origin": [-17, 1, 32], "size": [6, 1, 2], "uv": [130, 319] },
          { "origin": [-17, 11, 32], "size": [6, 1, 2], "uv": [178, 319] },
          { "origin": [-16, 4, 32], "size": [5, 5, 1], "uv": [162, 322] },
          { "origin": [-16, 4, 26], "size": [5, 5, 1], "uv": [26, 328] }
        ]
      },
      {
        "name": "FLWheel",
        "pivot": [11, 6.5, -29.5],
        "cubes": [
          { "origin": [11, 3, -32], "size": [5, 7, 5], "uv": [30, 269] },
          { "origin": [11, 10, -32], "size": [6, 3, 5], "uv": [120, 269] },
          { "origin": [11, 0, -32], "size": [6, 3, 5], "uv": [164, 269] },
          { "origin": [11, 4, -26], "size": [6, 5, 3], "uv": [56, 297] },
          { "origin": [11, 4, -36], "size": [6, 5, 3], "uv": [38, 289] },
          { "origin": [11, 9, -27], "size": [6, 2, 3], "uv": [74, 302] },
          { "origin": [11, 9, -35], "size": [6, 2, 3], "uv": [126, 307] },
          { "origin": [11, 2, -27], "size": [6, 2, 3], "uv": [144, 307] },
          { "origin": [11, 2, -35], "size": [6, 2, 3], "uv": [36, 307] },
          { "origin": [11, 11, -34], "size": [6, 1, 2], "uv": [146, 319] },
          { "origin": [11, 1, -34], "size": [6, 1, 2], "uv": [114, 319] },
          { "origin": [11, 1, -27], "size": [6, 1, 2], "uv": [66, 319] },
          { "origin": [11, 11, -27], "size": [6, 1, 2], "uv": [50, 319] },
          { "origin": [11, 4, -27], "size": [5, 5, 1], "uv": [150, 322] },
          { "origin": [11, 4, -33], "size": [5, 5, 1], "uv": [30, 322] }
        ]
      }
    ]
  },
  "geometry.car3": {
    "texturewidth": 512,
    "textureheight": 512,
    "visible_bounds_width": 6,
    "visible_bounds_height": 3,
    "visible_bounds_offset": [0, 1.5, 0],
    "bones": [
      {
        "name": "Chassis",
        "pivot": [2, 14.5, 2.5],
        "rotation": [90, 0, 0],
        "reset": true,
        "cubes": [
          { "origin": [-11, -10.5, -7.5], "size": [22, 66, 5], "uv": [0, 0] },
          { "origin": [11, 7.5, -7.5], "size": [6, 30, 3], "uv": [20, 167] },
          { "origin": [-17, 7.5, -7.5], "size": [6, 30, 3], "uv": [38, 167] },
          { "origin": [-17, 55.5, -7.5], "size": [34, 9, 3], "uv": [158, 98] },
          { "origin": [-17, -19.5, -7.5], "size": [34, 9, 3], "uv": [232, 98] },
          { "origin": [-11, 37.5, -2.5], "size": [22, 18, 5], "uv": [190, 112] },
          { "origin": [-16, 55.5, -4.5], "size": [32, 7, 7], "uv": [70, 83] },
          { "origin": [-16, 37.5, 2.5], "size": [32, 24, 3], "uv": [0, 71] },
          { "origin": [-16, 36.5, -2.5], "size": [32, 1, 8], "uv": [78, 98] },
          { "origin": [-16, -16.5, 2.5], "size": [32, 5, 3], "uv": [120, 112] },
          { "origin": [-11, -10.5, -2.5], "size": [1, 21, 5], "uv": [60, 224] },
          { "origin": [-16, -17.5, -4.5], "size": [32, 7, 7], "uv": [0, 98] },
          { "origin": [-16, 12.5, -2.5], "size": [2, 24, 8], "uv": [64, 135] },
          { "origin": [14, 12.5, -2.5], "size": [2, 24, 8], "uv": [0, 167] },
          { "origin": [-14, 61.5, 2.5], "size": [6, 1, 3], "uv": [180, 299] },
          { "origin": [8, 61.5, 2.5], "size": [6, 1, 3], "uv": [198, 299] },
          { "origin": [-14, 39.5, 6.5], "size": [28, 21, 1], "uv": [62, 112] },
          { "origin": [-7, 62.5, -2.5], "size": [14, 1, 1], "uv": [60, 253] },
          { "origin": [-7, 62.5, -0.5], "size": [14, 1, 1], "uv": [60, 255] },
          { "origin": [-7, 62.5, 1.5], "size": [14, 1, 1], "uv": [110, 255] },
          { "origin": [-7, 61.5, 3.5], "size": [14, 1, 1], "uv": [60, 257] },
          { "origin": [-7, 62.5, -1.5], "size": [2, 1, 1], "uv": [156, 323] },
          { "origin": [-7, 62.5, 0.5], "size": [2, 1, 1], "uv": [168, 323] },
          { "origin": [-7, 61.5, 2.5], "size": [2, 1, 1], "uv": [162, 321] },
          { "origin": [5, 61.5, 2.5], "size": [2, 1, 1], "uv": [162, 323] },
          { "origin": [5, 62.5, 0.5], "size": [2, 1, 1], "uv": [168, 321] },
          { "origin": [5, 62.5, -1.5], "size": [2, 1, 1], "uv": [150, 321] },
          { "origin": [-16, -10.5, 0.5], "size": [5, 2, 2], "uv": [106, 315] },
          { "origin": [-16, -8.5, 1.5], "size": [5, 2, 1], "uv": [38, 321] },
          { "origin": [-16, -10.5, -1.5], "size": [5, 1, 2], "uv": [148, 315] },
          { "origin": [-16, 5.5, 0.5], "size": [5, 2, 2], "uv": [78, 315] },
          { "origin": [-16, 3.5, 1.5], "size": [5, 2, 1], "uv": [74, 321] },
          { "origin": [-16, 6.5, -1.5], "size": [5, 1, 2], "uv": [120, 315] },
          { "origin": [-16, 54.5, -1.5], "size": [5, 1, 2], "uv": [162, 315] },
          { "origin": [-16, 37.5, -1.5], "size": [5, 1, 2], "uv": [0, 321] },
          { "origin": [-16, 37.5, 0.5], "size": [5, 2, 2], "uv": [12, 315] },
          { "origin": [-16, 39.5, 1.5], "size": [5, 2, 1], "uv": [62, 321] },
          { "origin": [-16, 51.5, 1.5], "size": [5, 2, 1], "uv": [110, 321] },
          { "origin": [-16, 53.5, 0.5], "size": [5, 2, 2], "uv": [154, 309] },
          { "origin": [11, -10.5, -1.5], "size": [5, 1, 2], "uv": [120, 318] },
          { "origin": [11, -10.5, 0.5], "size": [5, 2, 2], "uv": [128, 309] },
          { "origin": [11, -8.5, 1.5], "size": [5, 2, 1], "uv": [14, 321] },
          { "origin": [11, 3.5, 1.5], "size": [5, 2, 1], "uv": [50, 321] },
          { "origin": [11, 5.5, 0.5], "size": [5, 2, 2], "uv": [90, 309] },
          { "origin": [11, 6.5, -1.5], "size": [5, 1, 2], "uv": [134, 315] },
          { "origin": [11, 37.5, 0.5], "size": [5, 2, 2], "uv": [64, 309] },
          { "origin": [11, 39.5, 1.5], "size": [5, 2, 1], "uv": [122, 321] },
          { "origin": [11, 37.5, -1.5], "size": [5, 1, 2], "uv": [134, 318] },
          { "origin": [11, 51.5, 1.5], "size": [5, 2, 1], "uv": [26, 321] },
          { "origin": [11, 53.5, 0.5], "size": [5, 2, 2], "uv": [92, 315] },
          { "origin": [11, 54.5, -1.5], "size": [5, 1, 2], "uv": [148, 318] },
          { "origin": [-15, 36.5, 7.5], "size": [30, 3, 1], "uv": [0, 143] },
          { "origin": [14, 12.5, 5.5], "size": [1, 27, 2], "uv": [90, 224] },
          { "origin": [-15.5, -13.5, 20.5], "size": [31, 46, 1], "uv": [54, 0] },
          { "origin": [-15, 12.5, 5.5], "size": [1, 27, 2], "uv": [84, 224] },
          { "origin": [-15, -17.5, 5.5], "size": [30, 6, 2], "uv": [0, 135] },
          { "origin": [9, -17.5, 2.5], "size": [6, 1, 3], "uv": [126, 299] },
          { "origin": [10, -18.5, 0.5], "size": [4, 1, 4], "uv": [216, 299] },
          { "origin": [-15, -17.5, 2.5], "size": [6, 1, 3], "uv": [108, 299] },
          { "origin": [-12, 15.5, -2.5], "size": [10, 10, 3], "uv": [136, 200] },
          { "origin": [-12, 14.5, 0.5], "size": [10, 3, 5], "uv": [0, 224] },
          { "origin": [-12, 13.5, 5.5], "size": [10, 3, 5], "uv": [0, 232] },
          { "origin": [-11, 13.5, 10.5], "size": [8, 3, 1], "uv": [144, 299] },
          { "origin": [-11, 25.5, -2.5], "size": [8, 1, 3], "uv": [42, 285] },
          { "origin": [3, 25.5, -2.5], "size": [8, 1, 3], "uv": [42, 281] },
          { "origin": [2, 15.5, -2.5], "size": [10, 10, 3], "uv": [162, 200] },
          { "origin": [2, 14.5, 0.5], "size": [10, 3, 5], "uv": [0, 240] },
          { "origin": [2, 13.5, 5.5], "size": [10, 3, 5], "uv": [30, 224] },
          { "origin": [3, 13.5, 10.5], "size": [8, 3, 1], "uv": [162, 299] },
          { "origin": [9, 62.5, 0.5], "size": [4, 1, 4], "uv": [0, 304] },
          { "origin": [-15.5, -12.5, 21.5], "size": [31, 44, 1], "uv": [118, 0] },
          { "origin": [-15, 39.5, 5.5], "size": [30, 22, 1], "uv": [0, 112] },
          { "origin": [-13, 62.5, 0.5], "size": [4, 1, 4], "uv": [16, 304] },
          { "origin": [-16, 7.5, -4.5], "size": [5, 30, 2], "uv": [72, 167] },
          { "origin": [10, 7.5, -4.5], "size": [6, 30, 2], "uv": [56, 167] },
          { "origin": [-14, 36.5, 5.5], "size": [28, 3, 2], "uv": [0, 147] },
          { "origin": [-13, 62.5, -3.5], "size": [4, 1, 2], "uv": [98, 321] },
          { "origin": [10, -18.5, -3.5], "size": [4, 1, 3], "uv": [40, 315] },
          { "origin": [-14, -18.5, -3.5], "size": [4, 1, 3], "uv": [26, 315] },
          { "origin": [-14, -18.5, 0.5], "size": [4, 1, 4], "uv": [32, 304] },
          { "origin": [-1, -18, 6], "size": [2, 1, 2], "uv": [142, 321] },
          { "origin": [9, 62.5, -3.5], "size": [4, 1, 2], "uv": [86, 321] },
          { "origin": [-7, 62.5, -4.5], "size": [14, 1, 1], "uv": [110, 253] },
          { "origin": [-7, 62.5, -3.5], "size": [2, 1, 1], "uv": [150, 323] },
          { "origin": [5, 62.5, -3.5], "size": [2, 1, 1], "uv": [156, 321] },
          { "origin": [10, -10.5, -2.5], "size": [1, 21, 5], "uv": [72, 224] },
          { "origin": [-16, -11.5, 2.5], "size": [5, 19, 5], "uv": [86, 167] },
          { "origin": [-16, 10.5, -2.5], "size": [32, 2, 10], "uv": [70, 71] },
          { "origin": [11, -11.5, 2.5], "size": [5, 19, 5], "uv": [0, 200] },
          { "origin": [-15.5, 7.5, 7.5], "size": [1, 2, 13], "uv": [20, 200] },
          { "origin": [14.5, 7.5, 7.5], "size": [1, 2, 13], "uv": [48, 200] },
          { "origin": [-16, 7.5, -2.5], "size": [5, 3, 10], "uv": [76, 200] },
          { "origin": [11, 7.5, -2.5], "size": [5, 3, 10], "uv": [106, 200] }
        ]
      },
      {
        "name": "steer_wheel",
        "parent": "Chassis",
        "pivot": [7, 34.25, 6.5],
        "cubes": [
          { "origin": [4, 33.5, 5.5], "size": [6, 1, 2], "uv": [0, 309] },
          { "origin": [10, 33.5, 3.5], "size": [2, 1, 6], "uv": [88, 291] },
          { "origin": [3, 33.5, 9.5], "size": [8, 1, 1], "uv": [48, 304] },
          { "origin": [2, 33.5, 3.5], "size": [2, 1, 6], "uv": [72, 291] },
          { "origin": [3, 33.5, 2.5], "size": [8, 1, 1], "uv": [48, 306] },
          { "origin": [6, 34.5, 5.5], "size": [2, 2, 2], "uv": [134, 321] }
        ]
      },
      {
        "name": "Supports0",
        "parent": "Chassis",
        "pivot": [13, 37.5, 7.5],
        "rotation": [60, 0, 0],
        "cubes": [
          { "origin": [12.75, 22.1, 7.25], "size": [2, 16, 2], "uv": [18, 273] },
          { "origin": [-14.75, 22.5, 7.25], "size": [2, 16, 2], "uv": [26, 273] }
        ]
      },
      {
        "name": "Supports1",
        "parent": "Chassis",
        "pivot": [14, -6.5, 8.5],
        "rotation": [-70, 0, 0],
        "cubes": [
          { "origin": [12.75, -11.7941, 16.04373], "size": [2, 16, 2], "uv": [34, 273] },
          { "origin": [-14.75, -11.7941, 16.04373], "size": [2, 16, 2], "uv": [82, 273] },
          { "origin": [-12.75, -11.7941, 15.79373], "size": [26, 3, 2], "uv": [0, 152] }
        ]
      },
      {
        "name": "FRWheel",
        "pivot": [-11, 6.5, -29.5],
        "cubes": [
          { "origin": [-16, 3, -32], "size": [5, 7, 5], "uv": [90, 253] },
          { "origin": [-17, 10, -32], "size": [6, 3, 5], "uv": [44, 265] },
          { "origin": [-17, 0, -32], "size": [6, 3, 5], "uv": [22, 265] },
          { "origin": [-17, 4, -26], "size": [6, 5, 3], "uv": [90, 273] },
          { "origin": [-17, 4, -36], "size": [6, 5, 3], "uv": [0, 273] },
          { "origin": [-17, 9, -27], "size": [6, 2, 3], "uv": [54, 299] },
          { "origin": [-17, 9, -35], "size": [6, 2, 3], "uv": [36, 299] },
          { "origin": [-17, 2, -27], "size": [6, 2, 3], "uv": [18, 299] },
          { "origin": [-17, 2, -35], "size": [6, 2, 3], "uv": [0, 299] },
          { "origin": [-17, 11, -34], "size": [6, 1, 2], "uv": [0, 312] },
          { "origin": [-17, 1, -34], "size": [6, 1, 2], "uv": [210, 304] },
          { "origin": [-17, 1, -27], "size": [6, 1, 2], "uv": [194, 304] },
          { "origin": [-17, 11, -27], "size": [6, 1, 2], "uv": [178, 304] },
          { "origin": [-16, 4, -27], "size": [5, 5, 1], "uv": [168, 309] },
          { "origin": [-16, 4, -33], "size": [5, 5, 1], "uv": [142, 309] }
        ]
      },
      {
        "name": "BLWheel",
        "pivot": [11, 6.5, 18.5],
        "cubes": [
          { "origin": [11, 3, 16], "size": [5, 7, 5], "uv": [20, 253] },
          { "origin": [11, 10, 16], "size": [6, 3, 5], "uv": [154, 265] },
          { "origin": [11, 0, 16], "size": [6, 3, 5], "uv": [132, 265] },
          { "origin": [11, 4, 22], "size": [6, 5, 3], "uv": [0, 291] },
          { "origin": [11, 4, 12], "size": [6, 5, 3], "uv": [0, 281] },
          { "origin": [11, 9, 21], "size": [6, 2, 3], "uv": [36, 291] },
          { "origin": [11, 9, 13], "size": [6, 2, 3], "uv": [18, 291] },
          { "origin": [11, 2, 21], "size": [6, 2, 3], "uv": [72, 299] },
          { "origin": [11, 2, 13], "size": [6, 2, 3], "uv": [194, 291] },
          { "origin": [11, 11, 14], "size": [6, 1, 2], "uv": [48, 309] },
          { "origin": [11, 1, 14], "size": [6, 1, 2], "uv": [32, 312] },
          { "origin": [11, 1, 21], "size": [6, 1, 2], "uv": [32, 309] },
          { "origin": [11, 11, 21], "size": [6, 1, 2], "uv": [16, 312] },
          { "origin": [11, 4, 21], "size": [5, 5, 1], "uv": [116, 309] },
          { "origin": [11, 4, 15], "size": [5, 5, 1], "uv": [104, 309] }
        ]
      },
      {
        "name": "BRWheel",
        "pivot": [-11, 6.5, 18.5],
        "cubes": [
          { "origin": [-16, 3, 16], "size": [5, 7, 5], "uv": [0, 253] },
          { "origin": [-17, 10, 16], "size": [6, 3, 5], "uv": [66, 265] },
          { "origin": [-17, 0, 16], "size": [6, 3, 5], "uv": [88, 265] },
          { "origin": [-17, 4, 22], "size": [6, 5, 3], "uv": [176, 265] },
          { "origin": [-17, 4, 12], "size": [6, 5, 3], "uv": [64, 273] },
          { "origin": [-17, 9, 21], "size": [6, 2, 3], "uv": [54, 291] },
          { "origin": [-17, 9, 13], "size": [6, 2, 3], "uv": [176, 291] },
          { "origin": [-17, 2, 21], "size": [6, 2, 3], "uv": [122, 291] },
          { "origin": [-17, 2, 13], "size": [6, 2, 3], "uv": [104, 291] },
          { "origin": [-17, 11, 14], "size": [6, 1, 2], "uv": [66, 304] },
          { "origin": [-17, 1, 14], "size": [6, 1, 2], "uv": [16, 309] },
          { "origin": [-17, 1, 21], "size": [6, 1, 2], "uv": [162, 304] },
          { "origin": [-17, 11, 21], "size": [6, 1, 2], "uv": [98, 304] },
          { "origin": [-16, 4, 21], "size": [5, 5, 1], "uv": [0, 315] },
          { "origin": [-16, 4, 15], "size": [5, 5, 1], "uv": [66, 315] }
        ]
      },
      {
        "name": "FLWheel",
        "pivot": [11, 6.5, -29.5],
        "cubes": [
          { "origin": [11, 3, -32], "size": [5, 7, 5], "uv": [40, 253] },
          { "origin": [11, 10, -32], "size": [6, 3, 5], "uv": [110, 265] },
          { "origin": [11, 0, -32], "size": [6, 3, 5], "uv": [0, 265] },
          { "origin": [11, 4, -26], "size": [6, 5, 3], "uv": [42, 273] },
          { "origin": [11, 4, -36], "size": [6, 5, 3], "uv": [194, 265] },
          { "origin": [11, 9, -27], "size": [6, 2, 3], "uv": [212, 291] },
          { "origin": [11, 9, -35], "size": [6, 2, 3], "uv": [158, 291] },
          { "origin": [11, 2, -27], "size": [6, 2, 3], "uv": [140, 291] },
          { "origin": [11, 2, -35], "size": [6, 2, 3], "uv": [90, 299] },
          { "origin": [11, 11, -34], "size": [6, 1, 2], "uv": [130, 304] },
          { "origin": [11, 1, -34], "size": [6, 1, 2], "uv": [82, 304] },
          { "origin": [11, 1, -27], "size": [6, 1, 2], "uv": [146, 304] },
          { "origin": [11, 11, -27], "size": [6, 1, 2], "uv": [114, 304] },
          { "origin": [11, 4, -27], "size": [5, 5, 1], "uv": [54, 315] },
          { "origin": [11, 4, -33], "size": [5, 5, 1], "uv": [78, 309] }
        ]
      }
    ]
  },
  "geometry.car4": {
    "texturewidth": 512,
    "textureheight": 512,
    "visible_bounds_width": 6,
    "visible_bounds_height": 3,
    "visible_bounds_offset": [0, 1.5, 0],
    "bones": [
      {
        "name": "Chassis",
        "pivot": [2, 14.5, 2.5],
        "rotation": [90, 0, 0],
        "reset": true,
        "cubes": [
          { "origin": [-11, -10.5, -7.5], "size": [22, 66, 5], "uv": [0, 0] },
          { "origin": [11, 7.5, -7.5], "size": [6, 30, 3], "uv": [0, 178] },
          { "origin": [-17, 7.5, -7.5], "size": [6, 30, 3], "uv": [18, 178] },
          { "origin": [-17, 55.5, -7.5], "size": [34, 9, 3], "uv": [64, 107] },
          { "origin": [-17, -19.5, -7.5], "size": [34, 9, 3], "uv": [144, 98] },
          { "origin": [-11, 37.5, -2.5], "size": [22, 18, 5], "uv": [190, 123] },
          { "origin": [-16, 55.5, -4.5], "size": [32, 7, 7], "uv": [78, 71] },
          { "origin": [-16, 37.5, 2.5], "size": [32, 24, 3], "uv": [54, 0] },
          { "origin": [-16, 36.5, -2.5], "size": [32, 1, 8], "uv": [64, 98] },
          { "origin": [-16, -16.5, 2.5], "size": [32, 5, 3], "uv": [120, 123] },
          { "origin": [-11, -10.5, -2.5], "size": [1, 21, 5], "uv": [60, 237] },
          { "origin": [-16, -17.5, -4.5], "size": [32, 7, 7], "uv": [0, 71] },
          { "origin": [-16, 12.5, -2.5], "size": [2, 24, 8], "uv": [84, 146] },
          { "origin": [14, 12.5, -2.5], "size": [2, 24, 8], "uv": [64, 146] },
          { "origin": [-14, 61.5, 2.5], "size": [6, 1, 3], "uv": [144, 311] },
          { "origin": [8, 61.5, 2.5], "size": [6, 1, 3], "uv": [90, 311] },
          { "origin": [-14, 39.5, 6.5], "size": [28, 21, 1], "uv": [62, 123] },
          { "origin": [-7, 62.5, -2.5], "size": [14, 1, 1], "uv": [70, 266] },
          { "origin": [-7, 62.5, -0.5], "size": [14, 1, 1], "uv": [120, 266] },
          { "origin": [-7, 62.5, 1.5], "size": [14, 1, 1], "uv": [120, 268] },
          { "origin": [-7, 61.5, 3.5], "size": [14, 1, 1], "uv": [0, 266] },
          { "origin": [-7, 62.5, -1.5], "size": [2, 1, 1], "uv": [142, 335] },
          { "origin": [-7, 62.5, 0.5], "size": [2, 1, 1], "uv": [154, 335] },
          { "origin": [-7, 61.5, 2.5], "size": [2, 1, 1], "uv": [148, 333] },
          { "origin": [5, 61.5, 2.5], "size": [2, 1, 1], "uv": [148, 335] },
          { "origin": [5, 62.5, 0.5], "size": [2, 1, 1], "uv": [154, 333] },
          { "origin": [5, 62.5, -1.5], "size": [2, 1, 1], "uv": [136, 333] },
          { "origin": [-16, -10.5, 0.5], "size": [5, 2, 2], "uv": [92, 327] },
          { "origin": [-16, -8.5, 1.5], "size": [5, 2, 1], "uv": [96, 333] },
          { "origin": [-16, -10.5, -1.5], "size": [5, 1, 2], "uv": [106, 327] },
          { "origin": [-16, 5.5, 0.5], "size": [5, 2, 2], "uv": [64, 327] },
          { "origin": [-16, 3.5, 1.5], "size": [5, 2, 1], "uv": [36, 333] },
          { "origin": [-16, 6.5, -1.5], "size": [5, 1, 2], "uv": [134, 330] },
          { "origin": [-16, 54.5, -1.5], "size": [5, 1, 2], "uv": [148, 327] },
          { "origin": [-16, 37.5, -1.5], "size": [5, 1, 2], "uv": [148, 330] },
          { "origin": [-16, 37.5, 0.5], "size": [5, 2, 2], "uv": [0, 327] },
          { "origin": [-16, 39.5, 1.5], "size": [5, 2, 1], "uv": [108, 333] },
          { "origin": [-16, 51.5, 1.5], "size": [5, 2, 1], "uv": [48, 333] },
          { "origin": [-16, 53.5, 0.5], "size": [5, 2, 2], "uv": [138, 321] },
          { "origin": [11, -10.5, -1.5], "size": [5, 1, 2], "uv": [106, 330] },
          { "origin": [11, -10.5, 0.5], "size": [5, 2, 2], "uv": [112, 321] },
          { "origin": [11, -8.5, 1.5], "size": [5, 2, 1], "uv": [24, 333] },
          { "origin": [11, 3.5, 1.5], "size": [5, 2, 1], "uv": [12, 333] },
          { "origin": [11, 5.5, 0.5], "size": [5, 2, 2], "uv": [74, 321] },
          { "origin": [11, 6.5, -1.5], "size": [5, 1, 2], "uv": [120, 327] },
          { "origin": [11, 37.5, 0.5], "size": [5, 2, 2], "uv": [48, 321] },
          { "origin": [11, 39.5, 1.5], "size": [5, 2, 1], "uv": [72, 333] },
          { "origin": [11, 37.5, -1.5], "size": [5, 1, 2], "uv": [120, 330] },
          { "origin": [11, 51.5, 1.5], "size": [5, 2, 1], "uv": [0, 333] },
          { "origin": [11, 53.5, 0.5], "size": [5, 2, 2], "uv": [78, 327] },
          { "origin": [11, 54.5, -1.5], "size": [5, 1, 2], "uv": [134, 327] },
          { "origin": [-15, 36.5, 7.5], "size": [30, 3, 1], "uv": [0, 154] },
          { "origin": [14, 12.5, 5.5], "size": [1, 27, 2], "uv": [78, 237] },
          { "origin": [-15.5, 6.5, 20.5], "size": [31, 26, 1], "uv": [156, 71] },
          { "origin": [-15, 12.5, 5.5], "size": [1, 27, 2], "uv": [72, 237] },
          { "origin": [-15, -17.5, 5.5], "size": [30, 6, 2], "uv": [0, 146] },
          { "origin": [9, -17.5, 2.5], "size": [6, 1, 3], "uv": [108, 311] },
          { "origin": [10, -18.5, 0.5], "size": [4, 1, 4], "uv": [180, 311] },
          { "origin": [-15, -17.5, 2.5], "size": [6, 1, 3], "uv": [162, 311] },
          { "origin": [-12, 15.5, -2.5], "size": [10, 10, 3], "uv": [86, 211] },
          { "origin": [-12, 14.5, 0.5], "size": [10, 3, 5], "uv": [30, 237] },
          { "origin": [-12, 13.5, 5.5], "size": [10, 3, 5], "uv": [0, 237] },
          { "origin": [-11, 13.5, 10.5], "size": [8, 3, 1], "uv": [72, 311] },
          { "origin": [-11, 25.5, -2.5], "size": [8, 1, 3], "uv": [44, 290] },
          { "origin": [3, 25.5, -2.5], "size": [8, 1, 3], "uv": [44, 286] },
          { "origin": [2, 15.5, -2.5], "size": [10, 10, 3], "uv": [86, 224] },
          { "origin": [2, 14.5, 0.5], "size": [10, 3, 5], "uv": [0, 245] },
          { "origin": [2, 13.5, 5.5], "size": [10, 3, 5], "uv": [0, 253] },
          { "origin": [3, 13.5, 10.5], "size": [8, 3, 1], "uv": [126, 311] },
          { "origin": [9, 62.5, 0.5], "size": [4, 1, 4], "uv": [196, 311] },
          { "origin": [-15.5, 7.5, 21.5], "size": [31, 24, 1], "uv": [0, 98] },
          { "origin": [-15, 39.5, 5.5], "size": [30, 22, 1], "uv": [0, 123] },
          { "origin": [-13, 62.5, 0.5], "size": [4, 1, 4], "uv": [212, 311] },
          { "origin": [-16, 7.5, -4.5], "size": [5, 30, 2], "uv": [52, 178] },
          { "origin": [10, 7.5, -4.5], "size": [6, 30, 2], "uv": [36, 178] },
          { "origin": [-14, 36.5, 5.5], "size": [28, 3, 2], "uv": [0, 158] },
          { "origin": [-13, 62.5, -3.5], "size": [4, 1, 2], "uv": [84, 333] },
          { "origin": [10, -18.5, -3.5], "size": [4, 1, 3], "uv": [14, 327] },
          { "origin": [-14, -18.5, -3.5], "size": [4, 1, 3], "uv": [164, 321] },
          { "origin": [-14, -18.5, 0.5], "size": [4, 1, 4], "uv": [0, 316] },
          { "origin": [-1, -18, 6], "size": [2, 1, 2], "uv": [128, 333] },
          { "origin": [9, 62.5, -3.5], "size": [4, 1, 2], "uv": [60, 333] },
          { "origin": [-7, 62.5, -4.5], "size": [14, 1, 1], "uv": [120, 270] },
          { "origin": [-7, 62.5, -3.5], "size": [2, 1, 1], "uv": [136, 335] },
          { "origin": [5, 62.5, -3.5], "size": [2, 1, 1], "uv": [142, 333] },
          { "origin": [10, -10.5, -2.5], "size": [1, 21, 5], "uv": [112, 211] },
          { "origin": [-16, -11.5, 2.5], "size": [5, 19, 5], "uv": [66, 178] },
          { "origin": [-16, 10.5, -2.5], "size": [32, 2, 10], "uv": [54, 27] },
          { "origin": [11, -11.5, 2.5], "size": [5, 19, 5], "uv": [86, 178] },
          { "origin": [-15.5, 7.5, 7.5], "size": [1, 2, 13], "uv": [0, 211] },
          { "origin": [14.5, 7.5, 7.5], "size": [1, 2, 13], "uv": [28, 211] },
          { "origin": [-16, 7.5, -2.5], "size": [5, 3, 10], "uv": [56, 211] },
          { "origin": [11, 7.5, -2.5], "size": [5, 3, 10], "uv": [56, 224] }
        ]
      },
      {
        "name": "steer_wheel",
        "parent": "Chassis",
        "pivot": [7, 34.25, 6.5],
        "cubes": [
          { "origin": [4, 33.5, 5.5], "size": [6, 1, 2], "uv": [82, 316] },
          { "origin": [3, 33.5, 9.5], "size": [8, 1, 1], "uv": [16, 318] },
          { "origin": [10, 33.5, 3.5], "size": [2, 1, 6], "uv": [34, 304] },
          { "origin": [3, 33.5, 2.5], "size": [8, 1, 1], "uv": [16, 316] },
          { "origin": [2, 33.5, 3.5], "size": [2, 1, 6], "uv": [18, 304] },
          { "origin": [6, 34.5, 5.5], "size": [2, 2, 2], "uv": [120, 333] }
        ]
      },
      {
        "name": "Supports0",
        "parent": "Chassis",
        "pivot": [13, 37.5, 7.5],
        "rotation": [60, 0, 0],
        "cubes": [
          { "origin": [12.75, 22.1, 7.25], "size": [2, 16, 2], "uv": [84, 286] },
          { "origin": [-14.75, 22.5, 7.25], "size": [2, 16, 2], "uv": [36, 286] }
        ]
      },
      {
        "name": "FRWheel",
        "pivot": [-11, 6.5, -29.5],
        "cubes": [
          { "origin": [-16, 3, -32], "size": [5, 7, 5], "uv": [84, 237] },
          { "origin": [-17, 10, -32], "size": [6, 3, 5], "uv": [88, 278] },
          { "origin": [-17, 0, -32], "size": [6, 3, 5], "uv": [150, 266] },
          { "origin": [-17, 4, -26], "size": [6, 5, 3], "uv": [172, 278] },
          { "origin": [-17, 4, -36], "size": [6, 5, 3], "uv": [154, 278] },
          { "origin": [-17, 9, -27], "size": [6, 2, 3], "uv": [194, 304] },
          { "origin": [-17, 9, -35], "size": [6, 2, 3], "uv": [176, 304] },
          { "origin": [-17, 2, -27], "size": [6, 2, 3], "uv": [158, 304] },
          { "origin": [-17, 2, -35], "size": [6, 2, 3], "uv": [104, 304] },
          { "origin": [-17, 11, -34], "size": [6, 1, 2], "uv": [210, 316] },
          { "origin": [-17, 1, -34], "size": [6, 1, 2], "uv": [194, 316] },
          { "origin": [-17, 1, -27], "size": [6, 1, 2], "uv": [178, 316] },
          { "origin": [-17, 11, -27], "size": [6, 1, 2], "uv": [162, 316] },
          { "origin": [-16, 4, -27], "size": [5, 5, 1], "uv": [152, 321] },
          { "origin": [-16, 4, -33], "size": [5, 5, 1], "uv": [126, 321] }
        ]
      },
      {
        "name": "BLWheel",
        "pivot": [11, 6.5, 18.5],
        "cubes": [
          { "origin": [11, 3, 16], "size": [5, 7, 5], "uv": [100, 266] },
          { "origin": [11, 10, 16], "size": [6, 3, 5], "uv": [0, 278] },
          { "origin": [11, 0, 16], "size": [6, 3, 5], "uv": [22, 278] },
          { "origin": [11, 4, 22], "size": [6, 5, 3], "uv": [0, 286] },
          { "origin": [11, 4, 12], "size": [6, 5, 3], "uv": [0, 294] },
          { "origin": [11, 9, 21], "size": [6, 2, 3], "uv": [0, 304] },
          { "origin": [11, 9, 13], "size": [6, 2, 3], "uv": [92, 291] },
          { "origin": [11, 2, 21], "size": [6, 2, 3], "uv": [36, 311] },
          { "origin": [11, 2, 13], "size": [6, 2, 3], "uv": [18, 311] },
          { "origin": [11, 11, 14], "size": [6, 1, 2], "uv": [34, 316] },
          { "origin": [11, 1, 14], "size": [6, 1, 2], "uv": [32, 321] },
          { "origin": [11, 1, 21], "size": [6, 1, 2], "uv": [16, 324] },
          { "origin": [11, 11, 21], "size": [6, 1, 2], "uv": [0, 324] },
          { "origin": [11, 4, 21], "size": [5, 5, 1], "uv": [100, 321] },
          { "origin": [11, 4, 15], "size": [5, 5, 1], "uv": [88, 321] }
        ]
      },
      {
        "name": "BRWHeel",
        "pivot": [-11, 6.5, 18.5],
        "cubes": [
          { "origin": [-16, 3, 16], "size": [5, 7, 5], "uv": [30, 266] },
          { "origin": [-17, 10, 16], "size": [6, 3, 5], "uv": [66, 278] },
          { "origin": [-17, 0, 16], "size": [6, 3, 5], "uv": [44, 278] },
          { "origin": [-17, 4, 22], "size": [6, 5, 3], "uv": [66, 286] },
          { "origin": [-17, 4, 12], "size": [6, 5, 3], "uv": [18, 286] },
          { "origin": [-17, 9, 21], "size": [6, 2, 3], "uv": [122, 304] },
          { "origin": [-17, 9, 13], "size": [6, 2, 3], "uv": [86, 304] },
          { "origin": [-17, 2, 21], "size": [6, 2, 3], "uv": [0, 311] },
          { "origin": [-17, 2, 13], "size": [6, 2, 3], "uv": [92, 286] },
          { "origin": [-17, 11, 14], "size": [6, 1, 2], "uv": [16, 321] },
          { "origin": [-17, 1, 14], "size": [6, 1, 2], "uv": [50, 316] },
          { "origin": [-17, 1, 21], "size": [6, 1, 2], "uv": [66, 316] },
          { "origin": [-17, 11, 21], "size": [6, 1, 2], "uv": [146, 316] },
          { "origin": [-16, 4, 21], "size": [5, 5, 1], "uv": [40, 327] },
          { "origin": [-16, 4, 15], "size": [5, 5, 1], "uv": [52, 327] }
        ]
      },
      {
        "name": "FLWheel",
        "pivot": [11, 6.5, -29.5],
        "cubes": [
          { "origin": [11, 3, -32], "size": [5, 7, 5], "uv": [50, 266] },
          { "origin": [11, 10, -32], "size": [6, 3, 5], "uv": [110, 278] },
          { "origin": [11, 0, -32], "size": [6, 3, 5], "uv": [132, 278] },
          { "origin": [11, 4, -26], "size": [6, 5, 3], "uv": [44, 294] },
          { "origin": [11, 4, -36], "size": [6, 5, 3], "uv": [190, 278] },
          { "origin": [11, 9, -27], "size": [6, 2, 3], "uv": [140, 304] },
          { "origin": [11, 9, -35], "size": [6, 2, 3], "uv": [54, 311] },
          { "origin": [11, 2, -27], "size": [6, 2, 3], "uv": [68, 304] },
          { "origin": [11, 2, -35], "size": [6, 2, 3], "uv": [50, 304] },
          { "origin": [11, 11, -34], "size": [6, 1, 2], "uv": [130, 316] },
          { "origin": [11, 1, -34], "size": [6, 1, 2], "uv": [114, 316] },
          { "origin": [11, 1, -27], "size": [6, 1, 2], "uv": [0, 321] },
          { "origin": [11, 11, -27], "size": [6, 1, 2], "uv": [98, 316] },
          { "origin": [11, 4, -27], "size": [5, 5, 1], "uv": [28, 327] },
          { "origin": [11, 4, -33], "size": [5, 5, 1], "uv": [62, 321] }
        ]
      }
    ]
  },
  "geometry.taxi": {
    "texturewidth": 512,
    "textureheight": 512,
    "visible_bounds_width": 7,
    "visible_bounds_height": 3,
    "visible_bounds_offset": [0, 1.5, 0],
    "bones": [
      {
        "name": "Chassis",
        "pivot": [2, 14.5, 2.5],
        "rotation": [90, 0, 0],
        "reset": true,
        "cubes": [
          { "origin": [-11, -21.5, -7.5], "size": [22, 77, 5], "uv": [0, 0] },
          { "origin": [11, -3.5, -7.5], "size": [6, 41, 3], "uv": [80, 190] },
          { "origin": [-17, -3.5, -7.5], "size": [6, 41, 3], "uv": [62, 190] },
          { "origin": [-17, 55.5, -7.5], "size": [34, 9, 3], "uv": [142, 114] },
          { "origin": [-17, -30.5, -7.5], "size": [34, 9, 3], "uv": [0, 144] },
          { "origin": [-11, 37.5, -2.5], "size": [22, 18, 5], "uv": [0, 167] },
          { "origin": [-16, 55.5, -4.5], "size": [32, 7, 7], "uv": [132, 82] },
          { "origin": [-16, 37.5, 2.5], "size": [32, 24, 3], "uv": [0, 82] },
          { "origin": [-16, 36.5, -2.5], "size": [32, 1, 8], "uv": [62, 126] },
          { "origin": [-16, -3.5, -2.5], "size": [32, 4, 8], "uv": [62, 114] },
          { "origin": [-16, -27.5, 2.5], "size": [32, 24, 3], "uv": [54, 18] },
          { "origin": [-11, -21.5, -2.5], "size": [22, 18, 5], "uv": [54, 167] },
          { "origin": [-16, -28.5, -4.5], "size": [32, 7, 7], "uv": [132, 96] },
          { "origin": [-16, 10.5, -2.5], "size": [2, 26, 8], "uv": [14, 234] },
          { "origin": [14, 10.5, -2.5], "size": [2, 26, 8], "uv": [34, 234] },
          { "origin": [-14, 61.5, 2.5], "size": [6, 1, 3], "uv": [36, 350] },
          { "origin": [8, 61.5, 2.5], "size": [6, 1, 3], "uv": [54, 350] },
          { "origin": [-14, 39.5, 6.5], "size": [28, 21, 1], "uv": [198, 144] },
          { "origin": [-8, 62.5, -0.5], "size": [16, 1, 1], "uv": [142, 289] },
          { "origin": [-7, 62.5, 1.5], "size": [14, 1, 1], "uv": [0, 296] },
          { "origin": [-7, 61.5, 3.5], "size": [14, 1, 1], "uv": [0, 294] },
          { "origin": [-9, 62.5, -3.5], "size": [1, 1, 3], "uv": [232, 367] },
          { "origin": [-7, 62.5, 0.5], "size": [2, 1, 1], "uv": [24, 373] },
          { "origin": [-7, 61.5, 2.5], "size": [2, 1, 1], "uv": [30, 371] },
          { "origin": [5, 61.5, 2.5], "size": [2, 1, 1], "uv": [30, 373] },
          { "origin": [5, 62.5, 0.5], "size": [2, 1, 1], "uv": [24, 371] },
          { "origin": [8, 62.5, -3.5], "size": [1, 1, 3], "uv": [8, 371] },
          { "origin": [-16, -21.5, 0.5], "size": [5, 2, 2], "uv": [182, 361] },
          { "origin": [-16, -19.5, 1.5], "size": [5, 2, 1], "uv": [160, 367] },
          { "origin": [-16, -21.5, -1.5], "size": [5, 1, 2], "uv": [14, 367] },
          { "origin": [-16, -5.5, 0.5], "size": [5, 2, 2], "uv": [196, 361] },
          { "origin": [-16, -7.5, 1.5], "size": [5, 2, 1], "uv": [208, 367] },
          { "origin": [-16, -4.5, -1.5], "size": [5, 1, 2], "uv": [28, 367] },
          { "origin": [-16, 54.5, -1.5], "size": [5, 1, 2], "uv": [42, 367] },
          { "origin": [-16, 37.5, -1.5], "size": [5, 1, 2], "uv": [56, 367] },
          { "origin": [-16, 37.5, 0.5], "size": [5, 2, 2], "uv": [82, 361] },
          { "origin": [-16, 39.5, 1.5], "size": [5, 2, 1], "uv": [148, 367] },
          { "origin": [-16, 51.5, 1.5], "size": [5, 2, 1], "uv": [124, 367] },
          { "origin": [-16, 53.5, 0.5], "size": [5, 2, 2], "uv": [40, 361] },
          { "origin": [11, -21.5, -1.5], "size": [5, 1, 2], "uv": [84, 367] },
          { "origin": [11, -21.5, 0.5], "size": [5, 2, 2], "uv": [12, 361] },
          { "origin": [11, -19.5, 1.5], "size": [5, 2, 1], "uv": [184, 367] },
          { "origin": [11, -7.5, 1.5], "size": [5, 2, 1], "uv": [196, 367] },
          { "origin": [11, -5.5, 0.5], "size": [5, 2, 2], "uv": [112, 355] },
          { "origin": [11, -4.5, -1.5], "size": [5, 1, 2], "uv": [98, 367] },
          { "origin": [11, 37.5, 0.5], "size": [5, 2, 2], "uv": [156, 361] },
          { "origin": [11, 39.5, 1.5], "size": [5, 2, 1], "uv": [220, 367] },
          { "origin": [11, 37.5, -1.5], "size": [5, 1, 2], "uv": [70, 367] },
          { "origin": [11, 51.5, 1.5], "size": [5, 2, 1], "uv": [136, 367] },
          { "origin": [11, 53.5, 0.5], "size": [5, 2, 2], "uv": [54, 361] },
          { "origin": [11, 54.5, -1.5], "size": [5, 1, 2], "uv": [0, 367] },
          { "origin": [-15, 36.5, 7.5], "size": [30, 3, 1], "uv": [0, 190] },
          { "origin": [14, -5.5, 5.5], "size": [1, 45, 2], "uv": [60, 234] },
          { "origin": [-15, -5.5, 5.5], "size": [1, 45, 2], "uv": [54, 234] },
          { "origin": [-15, -8.5, 5.5], "size": [30, 3, 3], "uv": [166, 167] },
          { "origin": [-14, -25.5, 6.5], "size": [28, 17, 1], "uv": [108, 167] },
          { "origin": [9, -28.5, 2.5], "size": [6, 1, 3], "uv": [72, 350] },
          { "origin": [10, -29.5, 0.5], "size": [4, 1, 4], "uv": [138, 350] },
          { "origin": [-15, -28.5, 2.5], "size": [6, 1, 3], "uv": [212, 343] },
          { "origin": [-12, 15.5, -2.5], "size": [10, 10, 3], "uv": [0, 281] },
          { "origin": [-12, 14.5, 0.5], "size": [10, 3, 5], "uv": [52, 281] },
          { "origin": [-12, 13.5, 5.5], "size": [10, 3, 5], "uv": [142, 281] },
          { "origin": [-11, 13.5, 10.5], "size": [8, 3, 1], "uv": [0, 350] },
          { "origin": [-11, 25.5, -2.5], "size": [8, 1, 3], "uv": [96, 314] },
          { "origin": [3, 25.5, -2.5], "size": [8, 1, 3], "uv": [0, 327] },
          { "origin": [2, 15.5, -2.5], "size": [10, 10, 3], "uv": [26, 281] },
          { "origin": [2, 14.5, 0.5], "size": [10, 3, 5], "uv": [112, 281] },
          { "origin": [2, 13.5, 5.5], "size": [10, 3, 5], "uv": [82, 281] },
          { "origin": [3, 13.5, 10.5], "size": [8, 3, 1], "uv": [18, 350] },
          { "origin": [9, 62.5, 0.5], "size": [4, 1, 4], "uv": [106, 350] },
          { "origin": [-15, 39.5, 5.5], "size": [30, 22, 1], "uv": [74, 144] },
          { "origin": [-15, -26.5, 5.5], "size": [30, 18, 1], "uv": [136, 144] },
          { "origin": [-13, 62.5, 0.5], "size": [4, 1, 4], "uv": [122, 350] },
          { "origin": [-16, -3.5, -4.5], "size": [5, 41, 2], "uv": [0, 234] },
          { "origin": [10, -3.5, -4.5], "size": [6, 41, 2], "uv": [98, 190] },
          { "origin": [-14, 36.5, 5.5], "size": [28, 3, 2], "uv": [0, 194] },
          { "origin": [-13, 62.5, -3.5], "size": [4, 1, 2], "uv": [172, 367] },
          { "origin": [10, -29.5, -3.5], "size": [4, 1, 3], "uv": [26, 361] },
          { "origin": [-14, -29.5, -3.5], "size": [4, 1, 3], "uv": [68, 361] },
          { "origin": [-14, -29.5, 0.5], "size": [4, 1, 4], "uv": [138, 350] },
          { "origin": [-1, -28.5, 2.5], "size": [2, 1, 2], "uv": [16, 371] },
          { "origin": [9, 62.5, -3.5], "size": [4, 1, 2], "uv": [112, 367] },
          { "origin": [-9, 62.5, -4.5], "size": [18, 1, 1], "uv": [66, 234] },
          { "origin": [-16, 0.5, -2.5], "size": [32, 10, 8], "uv": [54, 0] }
        ]
      },
      {
        "name": "steer_wheel",
        "parent": "Chassis",
        "pivot": [7, 34.25, 6.5],
        "cubes": [
          { "origin": [4, 33.5, 5.5], "size": [6, 1, 2], "uv": [188, 350] },
          { "origin": [2, 33.5, 3.5], "size": [2, 1, 6], "uv": [178, 343] },
          { "origin": [3, 33.5, 9.5], "size": [8, 1, 1], "uv": [154, 350] },
          { "origin": [10, 33.5, 3.5], "size": [2, 1, 6], "uv": [162, 343] },
          { "origin": [3, 33.5, 2.5], "size": [8, 1, 1], "uv": [154, 352] },
          { "origin": [6, 34.5, 5.5], "size": [2, 2, 2], "uv": [0, 371] }
        ]
      },
      {
        "name": "Supports0",
        "parent": "Chassis",
        "pivot": [13, 37.5, 7.5],
        "rotation": [45, 0, 0],
        "cubes": [
          { "origin": [12.75, 19.1, 7.25], "size": [2, 19, 2], "uv": [52, 306] },
          { "origin": [-14.75, 19.5, 7.25], "size": [2, 19, 2], "uv": [44, 306] }
        ]
      },
      {
        "name": "Supports1",
        "parent": "Chassis",
        "pivot": [14, -6.5, 8.5],
        "rotation": [-63, 0, 0],
        "cubes": [
          { "origin": [-14.75, -7.65, 7.35], "size": [2, 14, 2], "uv": [48, 327] },
          { "origin": [12.75, -7.65, 7.35], "size": [2, 14, 2], "uv": [40, 327] }
        ]
      },
      {
        "name": "Roof",
        "parent": "Chassis",
        "pivot": [0, 33.5, 21.5],
        "rotation": [-3, 0, 0],
        "cubes": [
          { "origin": [-15, -2, 21.5], "size": [30, 29, 1], "uv": [0, 114] },
          { "origin": [-15, -3, 20.5], "size": [30, 31, 1], "uv": [70, 82] },
          { "origin": [-7.5, 18, 23.5], "size": [15, 4, 4], "uv": [152, 236] },
          { "origin": [-6.5, 18, 27.5], "size": [13, 4, 1], "uv": [134, 220] },
          { "origin": [-8, 17.5, 22.5], "size": [16, 5, 1], "uv": [129, 198] }
        ]
      },
      {
        "name": "FRWheel",
        "pivot": [-11, 6.5, -29.5],
        "cubes": [
          { "origin": [-16, 3, -32], "size": [5, 7, 5], "uv": [30, 294] },
          { "origin": [-17, 10, -32], "size": [6, 3, 5], "uv": [134, 294] },
          { "origin": [-17, 0, -32], "size": [6, 3, 5], "uv": [112, 294] },
          { "origin": [-17, 4, -26], "size": [6, 5, 3], "uv": [60, 314] },
          { "origin": [-17, 4, -36], "size": [6, 5, 3], "uv": [22, 327] },
          { "origin": [-17, 9, -27], "size": [6, 2, 3], "uv": [36, 343] },
          { "origin": [-17, 9, -35], "size": [6, 2, 3], "uv": [74, 337] },
          { "origin": [-17, 2, -27], "size": [6, 2, 3], "uv": [74, 327] },
          { "origin": [-17, 2, -35], "size": [6, 2, 3], "uv": [56, 327] },
          { "origin": [-17, 11, -34], "size": [6, 1, 2], "uv": [0, 358] },
          { "origin": [-17, 1, -34], "size": [6, 1, 2], "uv": [96, 358] },
          { "origin": [-17, 1, -27], "size": [6, 1, 2], "uv": [96, 355] },
          { "origin": [-17, 11, -27], "size": [6, 1, 2], "uv": [80, 358] },
          { "origin": [-16, 4, -27], "size": [5, 5, 1], "uv": [120, 361] },
          { "origin": [-16, 4, -33], "size": [5, 5, 1], "uv": [108, 361] }
        ]
      },
      {
        "name": "BLWheel",
        "pivot": [11, 6.5, 29.5],
        "cubes": [
          { "origin": [11, 3, 27], "size": [5, 7, 5], "uv": [70, 294] },
          { "origin": [11, 10, 27], "size": [6, 3, 5], "uv": [90, 294] },
          { "origin": [11, 0, 27], "size": [6, 3, 5], "uv": [0, 306] },
          { "origin": [11, 4, 33], "size": [6, 5, 3], "uv": [78, 314] },
          { "origin": [11, 4, 23], "size": [6, 5, 3], "uv": [0, 331] },
          { "origin": [11, 9, 32], "size": [6, 2, 3], "uv": [54, 343] },
          { "origin": [11, 9, 24], "size": [6, 2, 3], "uv": [126, 343] },
          { "origin": [11, 2, 32], "size": [6, 2, 3], "uv": [0, 343] },
          { "origin": [11, 2, 24], "size": [6, 2, 3], "uv": [56, 332] },
          { "origin": [11, 11, 25], "size": [6, 1, 2], "uv": [80, 355] },
          { "origin": [11, 1, 25], "size": [6, 1, 2], "uv": [64, 358] },
          { "origin": [11, 1, 32], "size": [6, 1, 2], "uv": [64, 355] },
          { "origin": [11, 11, 32], "size": [6, 1, 2], "uv": [48, 358] },
          { "origin": [11, 4, 32], "size": [5, 5, 1], "uv": [0, 361] },
          { "origin": [11, 4, 26], "size": [5, 5, 1], "uv": [126, 355] }
        ]
      },
      {
        "name": "BRWheel",
        "pivot": [-11, 6.5, 29.5],
        "cubes": [
          { "origin": [-16, 3, 27], "size": [5, 7, 5], "uv": [176, 281] },
          { "origin": [-17, 10, 27], "size": [6, 3, 5], "uv": [0, 314] },
          { "origin": [-17, 0, 27], "size": [6, 3, 5], "uv": [22, 306] },
          { "origin": [-17, 4, 33], "size": [6, 5, 3], "uv": [22, 335] },
          { "origin": [-17, 4, 23], "size": [6, 5, 3], "uv": [60, 306] },
          { "origin": [-17, 9, 32], "size": [6, 2, 3], "uv": [72, 343] },
          { "origin": [-17, 9, 24], "size": [6, 2, 3], "uv": [144, 343] },
          { "origin": [-17, 2, 32], "size": [6, 2, 3], "uv": [108, 343] },
          { "origin": [-17, 2, 24], "size": [6, 2, 3], "uv": [90, 343] },
          { "origin": [-17, 11, 25], "size": [6, 1, 2], "uv": [48, 355] },
          { "origin": [-17, 1, 25], "size": [6, 1, 2], "uv": [172, 350] },
          { "origin": [-17, 1, 32], "size": [6, 1, 2], "uv": [16, 355] },
          { "origin": [-17, 11, 32], "size": [6, 1, 2], "uv": [32, 358] },
          { "origin": [-16, 4, 32], "size": [5, 5, 1], "uv": [96, 361] },
          { "origin": [-16, 4, 26], "size": [5, 5, 1], "uv": [144, 361] }
        ]
      },
      {
        "name": "FLWheel",
        "pivot": [11, 6.5, -29.5],
        "cubes": [
          { "origin": [11, 3, -32], "size": [5, 7, 5], "uv": [50, 294] },
          { "origin": [11, 10, -32], "size": [6, 3, 5], "uv": [156, 294] },
          { "origin": [11, 0, -32], "size": [6, 3, 5], "uv": [178, 294] },
          { "origin": [11, 4, -26], "size": [6, 5, 3], "uv": [96, 306] },
          { "origin": [11, 4, -36], "size": [6, 5, 3], "uv": [78, 306] },
          { "origin": [11, 9, -27], "size": [6, 2, 3], "uv": [56, 337] },
          { "origin": [11, 9, -35], "size": [6, 2, 3], "uv": [194, 343] },
          { "origin": [11, 2, -27], "size": [6, 2, 3], "uv": [18, 343] },
          { "origin": [11, 2, -35], "size": [6, 2, 3], "uv": [74, 332] },
          { "origin": [11, 11, -34], "size": [6, 1, 2], "uv": [32, 355] },
          { "origin": [11, 1, -34], "size": [6, 1, 2], "uv": [16, 358] },
          { "origin": [11, 1, -27], "size": [6, 1, 2], "uv": [0, 355] },
          { "origin": [11, 11, -27], "size": [6, 1, 2], "uv": [204, 350] },
          { "origin": [11, 4, -27], "size": [5, 5, 1], "uv": [132, 361] },
          { "origin": [11, 4, -33], "size": [5, 5, 1], "uv": [170, 361] }
        ]
      }
    ]
  },
  "geometry.police_car": {
    "texturewidth": 368,
    "textureheight": 368,
    "visible_bounds_width": 7,
    "visible_bounds_height": 3,
    "visible_bounds_offset": [0, 1.5, 0],
    "bones": [
      {
        "name": "Chassis",
        "pivot": [2, 14.5, 2.5],
        "rotation": [90, 0, 0],
        "reset": true,
        "cubes": [
          { "origin": [-11, -21.5, -7.5], "size": [22, 77, 5], "uv": [0, 0] },
          { "origin": [11, -3.5, -7.5], "size": [6, 41, 5], "uv": [54, 144] },
          { "origin": [-17, -3.5, -7.5], "size": [6, 41, 5], "uv": [76, 144] },
          { "origin": [-17, 55.5, -7.5], "size": [34, 9, 5], "uv": [82, 82] },
          { "origin": [-17, -30.5, -7.5], "size": [34, 9, 5], "uv": [160, 82] },
          { "origin": [-11, 37.5, -2.5], "size": [22, 18, 5], "uv": [0, 144] },
          { "origin": [-16, 55.5, -2.5], "size": [32, 7, 5], "uv": [146, 96] },
          { "origin": [-16, 37.5, 2.5], "size": [32, 24, 4], "uv": [54, 0] },
          { "origin": [-16, 36.5, -2.5], "size": [32, 1, 9], "uv": [0, 96] },
          { "origin": [-16, -3.5, -2.5], "size": [32, 4, 9], "uv": [0, 82] },
          { "origin": [-16, -27.5, 2.5], "size": [32, 24, 4], "uv": [54, 28] },
          { "origin": [-11, -21.5, -2.5], "size": [22, 18, 5], "uv": [180, 120] },
          { "origin": [-16, -28.5, -2.5], "size": [32, 7, 5], "uv": [146, 108] },
          { "origin": [-16, 0.5, -2.5], "size": [2, 36, 9], "uv": [98, 144] },
          { "origin": [14, 0.5, -2.5], "size": [2, 36, 9], "uv": [0, 190] },
          { "origin": [-15, 10.5, 20.5], "size": [30, 22, 2], "uv": [82, 96] },
          { "origin": [-13, 62.5, -2.5], "size": [3, 3, 2], "uv": [164, 342] },
          { "origin": [-13, 64.5, -7.5], "size": [3, 2, 5], "uv": [0, 320] },
          { "origin": [10, 64.5, -7.5], "size": [3, 2, 5], "uv": [158, 320] },
          { "origin": [10, 62.5, -2.5], "size": [3, 3, 2], "uv": [154, 342] },
          { "origin": [-14, 61.5, 2.5], "size": [5, 2, 3], "uv": [66, 327] },
          { "origin": [9, 61.5, 2.5], "size": [5, 2, 3], "uv": [18, 327] },
          { "origin": [-14, 36.5, 6.5], "size": [28, 23, 1], "uv": [0, 120] },
          { "origin": [-8, 62.5, -2.5], "size": [16, 1, 1], "uv": [120, 290] },
          { "origin": [-8, 62.5, -0.5], "size": [16, 1, 1], "uv": [120, 284] },
          { "origin": [-8, 62.5, 1.5], "size": [16, 1, 1], "uv": [120, 288] },
          { "origin": [-8, 61.5, 3.5], "size": [16, 1, 1], "uv": [120, 286] },
          { "origin": [-8, 62.5, -1.5], "size": [2, 1, 1], "uv": [56, 353] },
          { "origin": [-8, 62.5, 0.5], "size": [2, 1, 1], "uv": [44, 353] },
          { "origin": [-8, 61.5, 2.5], "size": [2, 1, 1], "uv": [56, 355] },
          { "origin": [6, 61.5, 2.5], "size": [2, 1, 1], "uv": [50, 355] },
          { "origin": [6, 62.5, 0.5], "size": [2, 1, 1], "uv": [50, 353] },
          { "origin": [6, 62.5, -1.5], "size": [2, 1, 1], "uv": [44, 355] },
          { "origin": [-16, -21.5, 0.5], "size": [5, 2, 2], "uv": [24, 336] },
          { "origin": [-16, -19.5, 1.5], "size": [5, 2, 1], "uv": [130, 342] },
          { "origin": [-16, -21.5, -1.5], "size": [5, 1, 2], "uv": [56, 342] },
          { "origin": [-16, -5.5, 0.5], "size": [5, 2, 2], "uv": [126, 336] },
          { "origin": [-16, -7.5, 1.5], "size": [5, 2, 1], "uv": [70, 342] },
          { "origin": [-16, -4.5, -1.5], "size": [5, 1, 2], "uv": [0, 342] },
          { "origin": [-16, 54.5, -1.5], "size": [5, 1, 2], "uv": [180, 336] },
          { "origin": [-16, 37.5, -1.5], "size": [5, 1, 2], "uv": [166, 339] },
          { "origin": [-16, 37.5, 0.5], "size": [5, 2, 2], "uv": [100, 336] },
          { "origin": [-16, 39.5, 1.5], "size": [5, 2, 1], "uv": [82, 342] },
          { "origin": [-16, 51.5, 1.5], "size": [5, 2, 1], "uv": [94, 342] },
          { "origin": [-16, 53.5, 0.5], "size": [5, 2, 2], "uv": [192, 332] },
          { "origin": [11, -21.5, -1.5], "size": [5, 1, 2], "uv": [166, 336] },
          { "origin": [11, -21.5, 0.5], "size": [5, 2, 2], "uv": [206, 332] },
          { "origin": [11, -19.5, 1.5], "size": [5, 2, 1], "uv": [106, 342] },
          { "origin": [11, -7.5, 1.5], "size": [5, 2, 1], "uv": [174, 342] },
          { "origin": [11, -5.5, 0.5], "size": [5, 2, 2], "uv": [220, 332] },
          { "origin": [11, -4.5, -1.5], "size": [5, 1, 2], "uv": [14, 342] },
          { "origin": [11, 37.5, 0.5], "size": [5, 2, 2], "uv": [152, 336] },
          { "origin": [11, 39.5, 1.5], "size": [5, 2, 1], "uv": [118, 342] },
          { "origin": [11, 37.5, -1.5], "size": [5, 1, 2], "uv": [42, 342] },
          { "origin": [11, 51.5, 1.5], "size": [5, 2, 1], "uv": [142, 342] },
          { "origin": [11, 53.5, 0.5], "size": [5, 2, 2], "uv": [86, 336] },
          { "origin": [11, 54.5, -1.5], "size": [5, 1, 2], "uv": [28, 342] },
          { "origin": [-15, 36.5, 7.5], "size": [30, 3, 1], "uv": [22, 194] },
          { "origin": [-14, 32.5, 20.5], "size": [28, 2, 1], "uv": [22, 206] },
          { "origin": [14, -8.5, 6.5], "size": [1, 48, 1], "uv": [50, 235] },
          { "origin": [-15, -8.5, 6.5], "size": [1, 48, 1], "uv": [54, 235] },
          { "origin": [-15, -8.5, 7.5], "size": [30, 3, 1], "uv": [22, 190] },
          { "origin": [-14, -27.5, 6.5], "size": [28, 23, 1], "uv": [58, 120] },
          { "origin": [9, -29.5, 2.5], "size": [5, 2, 3], "uv": [50, 327] },
          { "origin": [9, -29.5, -1.5], "size": [5, 1, 3], "uv": [116, 327] },
          { "origin": [-14, -29.5, -1.5], "size": [5, 1, 3], "uv": [100, 327] },
          { "origin": [-14, -29.5, 2.5], "size": [5, 2, 3], "uv": [34, 327] },
          { "origin": [-12, 20.5, 23.5], "size": [24, 5, 1], "uv": [0, 235] },
          { "origin": [-10, 20.5, 24.5], "size": [20, 5, 1], "uv": [58, 235] },
          { "origin": [-5, 20.5, 25.5], "size": [2, 5, 1], "uv": [160, 347] },
          { "origin": [3, 20.5, 25.5], "size": [2, 5, 1], "uv": [166, 347] },
          { "origin": [-5, 25.5, 23.5], "size": [2, 1, 2], "uv": [8, 353] },
          { "origin": [3, 25.5, 23.5], "size": [2, 1, 2], "uv": [16, 353] },
          { "origin": [3, 19.5, 23.5], "size": [2, 1, 2], "uv": [24, 353] },
          { "origin": [-5, 19.5, 23.5], "size": [2, 1, 2], "uv": [0, 353] },
          { "origin": [-12, 18.5, -2.5], "size": [10, 10, 3], "uv": [58, 241] },
          { "origin": [-12, 17.5, 0.5], "size": [10, 3, 5], "uv": [90, 284] },
          { "origin": [-13, 19.5, 22.5], "size": [26, 7, 1], "uv": [22, 198] },
          { "origin": [-12, 16.5, 5.5], "size": [10, 3, 5], "uv": [60, 284] },
          { "origin": [-11, 16.5, 10.5], "size": [8, 3, 1], "uv": [192, 320] },
          { "origin": [-11, 28.5, -2.5], "size": [8, 1, 3], "uv": [142, 304] },
          { "origin": [3, 28.5, -2.5], "size": [8, 1, 3], "uv": [66, 304] },
          { "origin": [2, 18.5, -2.5], "size": [10, 10, 3], "uv": [58, 254] },
          { "origin": [2, 17.5, 0.5], "size": [10, 3, 5], "uv": [30, 284] },
          { "origin": [2, 16.5, 5.5], "size": [10, 3, 5], "uv": [0, 284] },
          { "origin": [3, 16.5, 10.5], "size": [8, 3, 1], "uv": [0, 327] },
          { "origin": [-12, 2.5, -2.5], "size": [24, 10, 3], "uv": [244, 222] },
          { "origin": [-11, 12.5, -2.5], "size": [22, 1, 3], "uv": [249, 217] },
          { "origin": [-12, 1.5, 0.5], "size": [24, 3, 5], "uv": [244, 214] },
          { "origin": [-12, 0.5, 5.5], "size": [24, 3, 5], "uv": [244, 214] },
          { "origin": [-11, 0.5, 10.5], "size": [22, 3, 1], "uv": [244, 210] }
        ]
      },
      {
        "name": "steer_wheel",
        "parent": "Chassis",
        "pivot": [7, 34.25, 6.5],
        "cubes": [
          { "origin": [4, 33.5, 5.5], "size": [6, 1, 2], "uv": [164, 327] },
          { "origin": [2, 33.5, 3.5], "size": [2, 1, 6], "uv": [90, 312] },
          { "origin": [3, 33.5, 9.5], "size": [8, 1, 1], "uv": [82, 329] },
          { "origin": [10, 33.5, 3.5], "size": [2, 1, 6], "uv": [142, 320] },
          { "origin": [6, 34.5, 5.5], "size": [2, 2, 2], "uv": [152, 347] },
          { "origin": [3, 33.5, 2.5], "size": [8, 1, 1], "uv": [82, 327] }
        ]
      },
      {
        "name": "roof",
        "parent": "Chassis",
        "pivot": [0, 4, 20.5],
        "rotation": [-5, 0, 0],
        "cubes": [{ "origin": [-15, -2.35042, 19.92588], "size": [30, 13, 2], "uv": [116, 120] }]
      },
      {
        "name": "Supports0",
        "parent": "Chassis",
        "pivot": [-14, -7, 8],
        "rotation": [25, 0, 0],
        "cubes": [
          { "origin": [-14.75, -8, 8], "size": [2, 1, 14], "uv": [0, 0] },
          { "origin": [12.75, -8, 8], "size": [2, 1, 14], "uv": [0, 0] }
        ]
      },
      {
        "name": "Supports1",
        "parent": "Chassis",
        "pivot": [15, 38, 8],
        "rotation": [-20, 0, 0],
        "cubes": [
          { "origin": [11.75, 38, 7.6], "size": [2, 1, 14], "uv": [0, 0] },
          { "origin": [-13.75, 38, 7.6], "size": [2, 1, 14], "uv": [0, 0] }
        ]
      },
      {
        "name": "FRWheel",
        "pivot": [-11, 6.5, -29.5],
        "cubes": [
          { "origin": [-16, 3, -32], "size": [5, 7, 5], "uv": [40, 292] },
          { "origin": [-17, 10, -32], "size": [6, 3, 5], "uv": [124, 292] },
          { "origin": [-17, 0, -32], "size": [6, 3, 5], "uv": [146, 292] },
          { "origin": [-17, 4, -26], "size": [6, 5, 3], "uv": [0, 312] },
          { "origin": [-17, 4, -36], "size": [6, 5, 3], "uv": [182, 304] },
          { "origin": [-17, 9, -27], "size": [6, 2, 3], "uv": [106, 312] },
          { "origin": [-17, 9, -35], "size": [6, 2, 3], "uv": [178, 312] },
          { "origin": [-17, 2, -27], "size": [6, 2, 3], "uv": [34, 320] },
          { "origin": [-17, 2, -35], "size": [6, 2, 3], "uv": [52, 320] },
          { "origin": [-17, 11, -34], "size": [6, 1, 2], "uv": [48, 332] },
          { "origin": [-17, 1, -34], "size": [6, 1, 2], "uv": [64, 332] },
          { "origin": [-17, 1, -27], "size": [6, 1, 2], "uv": [80, 332] },
          { "origin": [-17, 11, -27], "size": [6, 1, 2], "uv": [96, 332] },
          { "origin": [-16, 4, -27], "size": [5, 5, 1], "uv": [12, 336] },
          { "origin": [-16, 4, -33], "size": [5, 5, 1], "uv": [0, 336] }
        ]
      },
      {
        "name": "BLWheel",
        "pivot": [11, 6.5, 29.5],
        "cubes": [
          { "origin": [11, 3, 27], "size": [5, 7, 5], "uv": [60, 292] },
          { "origin": [11, 10, 27], "size": [6, 3, 5], "uv": [22, 304] },
          { "origin": [11, 0, 27], "size": [6, 3, 5], "uv": [44, 304] },
          { "origin": [11, 4, 33], "size": [6, 5, 3], "uv": [88, 304] },
          { "origin": [11, 4, 23], "size": [6, 5, 3], "uv": [36, 312] },
          { "origin": [11, 9, 32], "size": [6, 2, 3], "uv": [160, 312] },
          { "origin": [11, 9, 24], "size": [6, 2, 3], "uv": [72, 312] },
          { "origin": [11, 2, 32], "size": [6, 2, 3], "uv": [54, 312] },
          { "origin": [11, 2, 24], "size": [6, 2, 3], "uv": [16, 320] },
          { "origin": [11, 11, 25], "size": [6, 1, 2], "uv": [160, 332] },
          { "origin": [11, 1, 25], "size": [6, 1, 2], "uv": [128, 332] },
          { "origin": [11, 1, 32], "size": [6, 1, 2], "uv": [112, 332] },
          { "origin": [11, 11, 32], "size": [6, 1, 2], "uv": [32, 332] },
          { "origin": [11, 4, 32], "size": [5, 5, 1], "uv": [38, 336] },
          { "origin": [11, 4, 26], "size": [5, 5, 1], "uv": [50, 336] }
        ]
      },
      {
        "name": "BRWheel",
        "pivot": [-11, 6.5, 29.5],
        "cubes": [
          { "origin": [-16, 3, 27], "size": [5, 7, 5], "uv": [20, 292] },
          { "origin": [-17, 10, 27], "size": [6, 3, 5], "uv": [102, 292] },
          { "origin": [-17, 0, 27], "size": [6, 3, 5], "uv": [168, 292] },
          { "origin": [-17, 4, 33], "size": [6, 5, 3], "uv": [18, 312] },
          { "origin": [-17, 4, 23], "size": [6, 5, 3], "uv": [164, 304] },
          { "origin": [-17, 9, 32], "size": [6, 2, 3], "uv": [124, 312] },
          { "origin": [-17, 9, 24], "size": [6, 2, 3], "uv": [142, 312] },
          { "origin": [-17, 2, 32], "size": [6, 2, 3], "uv": [196, 312] },
          { "origin": [-17, 2, 24], "size": [6, 2, 3], "uv": [174, 320] },
          { "origin": [-17, 11, 25], "size": [6, 1, 2], "uv": [180, 327] },
          { "origin": [-17, 1, 25], "size": [6, 1, 2], "uv": [176, 332] },
          { "origin": [-17, 1, 32], "size": [6, 1, 2], "uv": [196, 327] },
          { "origin": [-17, 11, 32], "size": [6, 1, 2], "uv": [16, 332] },
          { "origin": [-16, 4, 32], "size": [5, 5, 1], "uv": [74, 336] },
          { "origin": [-16, 4, 26], "size": [5, 5, 1], "uv": [62, 336] }
        ]
      },
      {
        "name": "FLWheel",
        "pivot": [11, 6.5, -29.5],
        "cubes": [
          { "origin": [11, 3, -32], "size": [5, 7, 5], "uv": [0, 292] },
          { "origin": [11, 10, -32], "size": [6, 3, 5], "uv": [80, 292] },
          { "origin": [11, 0, -32], "size": [6, 3, 5], "uv": [0, 304] },
          { "origin": [11, 4, -26], "size": [6, 5, 3], "uv": [124, 304] },
          { "origin": [11, 4, -36], "size": [6, 5, 3], "uv": [106, 304] },
          { "origin": [11, 9, -27], "size": [6, 2, 3], "uv": [70, 320] },
          { "origin": [11, 9, -35], "size": [6, 2, 3], "uv": [88, 320] },
          { "origin": [11, 2, -27], "size": [6, 2, 3], "uv": [106, 320] },
          { "origin": [11, 2, -35], "size": [6, 2, 3], "uv": [124, 320] },
          { "origin": [11, 11, -34], "size": [6, 1, 2], "uv": [132, 327] },
          { "origin": [11, 1, -34], "size": [6, 1, 2], "uv": [148, 327] },
          { "origin": [11, 1, -27], "size": [6, 1, 2], "uv": [144, 332] },
          { "origin": [11, 11, -27], "size": [6, 1, 2], "uv": [0, 332] },
          { "origin": [11, 4, -27], "size": [5, 5, 1], "uv": [114, 336] },
          { "origin": [11, 4, -33], "size": [5, 5, 1], "uv": [140, 336] }
        ]
      }
    ]
  }
}
