{
  "format_version": "1.12.0",
  "minecraft:geometry": [
    {
      "description": {
        "identifier": "geometry.zombozo",
        "texture_width": 128,
        "texture_height": 128,
        "visible_bounds_width": 7,
        "visible_bounds_height": 4.5,
        "visible_bounds_offset": [0, 1.75, 0]
      },
      "bones": [
        {
          "name": "full",
          "pivot": [0, 12.5, 2]
        },
        {
          "name": "body",
          "parent": "full",
          "pivot": [0, 13.5, 2],
          "cubes": [
            {
              "origin": [-7.5, 23.75, -3],
              "size": [15, 7, 10],
              "uv": {
                "north": { "uv": [10, 10], "uv_size": [15, 7] },
                "east": { "uv": [0, 10], "uv_size": [10, 7] },
                "south": { "uv": [35, 10], "uv_size": [15, 7] },
                "west": { "uv": [25, 10], "uv_size": [10, 7] },
                "up": { "uv": [10, 0], "uv_size": [15, 10] },
                "down": { "uv": [25, 10], "uv_size": [15, -10] }
              }
            },
            {
              "origin": [-6.5, 15.75, -4],
              "size": [13, 8, 10],
              "uv": {
                "north": { "uv": [42, 42], "uv_size": [13, 8] },
                "east": { "uv": [32, 42], "uv_size": [10, 8] },
                "south": { "uv": [65, 42], "uv_size": [13, 8] },
                "west": { "uv": [55, 42], "uv_size": [10, 8] },
                "up": { "uv": [42, 32], "uv_size": [13, 10] },
                "down": { "uv": [55, 42], "uv_size": [13, -10] }
              }
            },
            {
              "origin": [-0.5, 24, -3],
              "size": [1, 1, 1],
              "inflate": 0.25,
              "uv": {
                "north": { "uv": [7, 7], "uv_size": [1, 1] },
                "east": { "uv": [6, 7], "uv_size": [1, 1] },
                "south": { "uv": [9, 7], "uv_size": [1, 1] },
                "west": { "uv": [8, 7], "uv_size": [1, 1] },
                "up": { "uv": [7, 6], "uv_size": [1, 1] },
                "down": { "uv": [8, 7], "uv_size": [1, -1] }
              }
            },
            {
              "origin": [-0.5, 26.75, -3],
              "size": [1, 1, 1],
              "inflate": 0.25,
              "uv": {
                "north": { "uv": [1, 21], "uv_size": [1, 1] },
                "east": { "uv": [0, 21], "uv_size": [1, 1] },
                "south": { "uv": [3, 21], "uv_size": [1, 1] },
                "west": { "uv": [2, 21], "uv_size": [1, 1] },
                "up": { "uv": [1, 20], "uv_size": [1, 1] },
                "down": { "uv": [2, 21], "uv_size": [1, -1] }
              }
            }
          ]
        },
        {
          "name": "Alpha_coat_tail",
          "parent": "body",
          "pivot": [0, 23.75, 6.25],
          "rotation": [11.25, 0, 0],
          "cubes": [
            {
              "origin": [-6.5, 9.75, 4.25],
              "size": [13, 15, 2],
              "uv": {
                "north": { "uv": [95, 2], "uv_size": [13, 15] },
                "east": { "uv": [93, 2], "uv_size": [2, 15] },
                "south": { "uv": [110, 2], "uv_size": [13, 15] },
                "west": { "uv": [108, 2], "uv_size": [2, 15] },
                "up": { "uv": [95, 0], "uv_size": [13, 2] },
                "down": { "uv": [108, 2], "uv_size": [13, -2] }
              }
            }
          ]
        },
        {
          "name": "head",
          "parent": "body",
          "pivot": [0, 31.75, 2],
          "cubes": [
            {
              "origin": [-1.25, 34.25, -2.25],
              "size": [2.5, 2, 2],
              "pivot": [0, 36.25, -0.25],
              "rotation": [11.25, 0, 0],
              "uv": {
                "north": { "uv": [62, 85], "uv_size": [2, 2] },
                "east": { "uv": [60, 85], "uv_size": [2, 2] },
                "south": { "uv": [66, 85], "uv_size": [2, 2] },
                "west": { "uv": [64, 85], "uv_size": [2, 2] },
                "up": { "uv": [62, 83], "uv_size": [2, 2] },
                "down": { "uv": [64, 85], "uv_size": [2, -2] }
              }
            },
            {
              "origin": [-2, 36, 0],
              "size": [4, 2, 4],
              "inflate": 0.25,
              "uv": {
                "north": { "uv": [82, 63], "uv_size": [4, 2] },
                "east": { "uv": [78, 63], "uv_size": [4, 2] },
                "south": { "uv": [90, 63], "uv_size": [4, 2] },
                "west": { "uv": [86, 63], "uv_size": [4, 2] },
                "up": { "uv": [82, 59], "uv_size": [4, 4] },
                "down": { "uv": [86, 63], "uv_size": [4, -4] }
              }
            },
            {
              "origin": [-3, 34.75, -1],
              "size": [6, 1, 6],
              "uv": {
                "north": { "uv": [56, 77], "uv_size": [6, 1] },
                "east": { "uv": [50, 77], "uv_size": [6, 1] },
                "south": { "uv": [68, 77], "uv_size": [6, 1] },
                "west": { "uv": [62, 77], "uv_size": [6, 1] },
                "up": { "uv": [56, 71], "uv_size": [6, 6] },
                "down": { "uv": [62, 77], "uv_size": [6, -6] }
              }
            },
            {
              "origin": [-3.5, 30.75, -1.5],
              "size": [7, 4, 7],
              "uv": {
                "north": { "uv": [64, 67], "uv_size": [7, 4] },
                "east": { "uv": [57, 67], "uv_size": [7, 4] },
                "south": { "uv": [78, 67], "uv_size": [7, 4] },
                "west": { "uv": [71, 67], "uv_size": [7, 4] },
                "up": { "uv": [64, 60], "uv_size": [7, 7] },
                "down": { "uv": [71, 67], "uv_size": [7, -7] }
              }
            }
          ]
        },
        {
          "name": "Alpha_eyes",
          "parent": "head",
          "pivot": [0, 0, 0],
          "cubes": [
            {
              "origin": [-3.5, 34, -1.8],
              "size": [7, 6, 3],
              "inflate": -1.5,
              "uv": {
                "north": { "uv": [77, 77], "uv_size": [7, 6] },
                "east": { "uv": [74, 77], "uv_size": [3, 6] },
                "south": { "uv": [87, 77], "uv_size": [7, 6] },
                "west": { "uv": [84, 77], "uv_size": [3, 6] },
                "up": { "uv": [77, 74], "uv_size": [7, 3] },
                "down": { "uv": [84, 77], "uv_size": [7, -3] }
              }
            }
          ]
        },
        {
          "name": "Alpha_mouthA",
          "parent": "head",
          "pivot": [0, 0, 0],
          "cubes": [
            {
              "origin": [-4.5, 29.75, -0.525],
              "size": [9, 6, 0],
              "inflate": -1,
              "uv": {
                "north": { "uv": [0, 89], "uv_size": [9, 6] },
                "east": { "uv": [0, 89], "uv_size": [0, 6] },
                "south": { "uv": [9, 89], "uv_size": [9, 6] },
                "west": { "uv": [9, 89], "uv_size": [0, 6] },
                "up": { "uv": [0, 89], "uv_size": [9, 0] },
                "down": { "uv": [9, 89], "uv_size": [9, 0] }
              }
            }
          ]
        },
        {
          "name": "Alpha_mouthB",
          "parent": "head",
          "pivot": [0, 32.75, -0.5],
          "cubes": [
            {
              "origin": [-4.5, 29.75, 0.45],
              "size": [9, 6, 0],
              "inflate": -1,
              "uv": {
                "north": { "uv": [19, 89], "uv_size": [9, 6] },
                "east": { "uv": [19, 89], "uv_size": [0, 6] },
                "south": { "uv": [28, 89], "uv_size": [9, 6] },
                "west": { "uv": [28, 89], "uv_size": [0, 6] },
                "up": { "uv": [19, 89], "uv_size": [9, 0] },
                "down": { "uv": [28, 89], "uv_size": [9, 0] }
              }
            }
          ]
        },
        {
          "name": "hair",
          "parent": "head",
          "pivot": [0, 35, 4.25],
          "rotation": [22.5, 0, 0],
          "cubes": [
            {
              "origin": [-2.5, 32.75, 4.25],
              "size": [5, 4, 2],
              "uv": {
                "north": { "uv": [30, 81], "uv_size": [5, 4] },
                "east": { "uv": [28, 81], "uv_size": [2, 4] },
                "south": { "uv": [37, 81], "uv_size": [5, 4] },
                "west": { "uv": [35, 81], "uv_size": [2, 4] },
                "up": { "uv": [30, 79], "uv_size": [5, 2] },
                "down": { "uv": [35, 81], "uv_size": [5, -2] }
              }
            }
          ]
        },
        {
          "name": "leftHair",
          "parent": "hair",
          "pivot": [2.5, 35.25, 4.25],
          "rotation": [0, -39.375, 0],
          "cubes": [
            {
              "origin": [2.5, 33.25, 4.25],
              "size": [2, 4, 2],
              "uv": {
                "north": { "uv": [2, 84], "uv_size": [2, 4] },
                "east": { "uv": [0, 84], "uv_size": [2, 4] },
                "south": { "uv": [6, 84], "uv_size": [2, 4] },
                "west": { "uv": [4, 84], "uv_size": [2, 4] },
                "up": { "uv": [2, 82], "uv_size": [2, 2] },
                "down": { "uv": [4, 84], "uv_size": [2, -2] }
              }
            },
            {
              "origin": [4.5, 34.25, 4.25],
              "size": [1.75, 2, 2],
              "uv": {
                "north": { "uv": [27, 44], "uv_size": [1, 2] },
                "east": { "uv": [25, 44], "uv_size": [2, 2] },
                "south": { "uv": [30, 44], "uv_size": [1, 2] },
                "west": { "uv": [28, 44], "uv_size": [2, 2] },
                "up": { "uv": [27, 42], "uv_size": [1, 2] },
                "down": { "uv": [28, 44], "uv_size": [1, -2] }
              }
            }
          ]
        },
        {
          "name": "leftHairA",
          "parent": "leftHair",
          "pivot": [4.5, 37.25, 4.25],
          "rotation": [0, 61.875, 0],
          "cubes": [
            {
              "origin": [3.5, 36.25, 4.25],
              "size": [1, 1, 2],
              "uv": {
                "north": { "uv": [54, 2], "uv_size": [1, 1] },
                "east": { "uv": [52, 2], "uv_size": [2, 1] },
                "south": { "uv": [57, 2], "uv_size": [1, 1] },
                "west": { "uv": [55, 2], "uv_size": [2, 1] },
                "up": { "uv": [54, 0], "uv_size": [1, 2] },
                "down": { "uv": [55, 2], "uv_size": [1, -2] }
              }
            }
          ]
        },
        {
          "name": "leftHairB",
          "parent": "leftHair",
          "pivot": [6.25, 35.25, 4.25],
          "rotation": [0, 50.625, 0],
          "cubes": [
            {
              "origin": [4.25, 34.25, 4.25],
              "size": [2, 2, 2],
              "uv": {
                "north": { "uv": [84, 16], "uv_size": [2, 2] },
                "east": { "uv": [82, 16], "uv_size": [2, 2] },
                "south": { "uv": [88, 16], "uv_size": [2, 2] },
                "west": { "uv": [86, 16], "uv_size": [2, 2] },
                "up": { "uv": [84, 14], "uv_size": [2, 2] },
                "down": { "uv": [86, 16], "uv_size": [2, -2] }
              }
            }
          ]
        },
        {
          "name": "leftHairC",
          "parent": "leftHair",
          "pivot": [4.5, 33.25, 4.25],
          "rotation": [0, 56.25, 0],
          "cubes": [
            {
              "origin": [2.5, 32.25, 4.25],
              "size": [2, 2, 2],
              "uv": {
                "north": { "uv": [84, 27], "uv_size": [2, 2] },
                "east": { "uv": [82, 27], "uv_size": [2, 2] },
                "south": { "uv": [88, 27], "uv_size": [2, 2] },
                "west": { "uv": [86, 27], "uv_size": [2, 2] },
                "up": { "uv": [84, 25], "uv_size": [2, 2] },
                "down": { "uv": [86, 27], "uv_size": [2, -2] }
              }
            }
          ]
        },
        {
          "name": "rightHair",
          "parent": "hair",
          "pivot": [-2.5, 35.25, 4.25],
          "rotation": [0, 39.375, 0],
          "cubes": [
            {
              "origin": [-4.5, 33.25, 4.25],
              "size": [2, 4, 2],
              "uv": {
                "north": { "uv": [70, 73], "uv_size": [2, 4] },
                "east": { "uv": [68, 73], "uv_size": [2, 4] },
                "south": { "uv": [74, 73], "uv_size": [2, 4] },
                "west": { "uv": [72, 73], "uv_size": [2, 4] },
                "up": { "uv": [70, 71], "uv_size": [2, 2] },
                "down": { "uv": [72, 73], "uv_size": [2, -2] }
              }
            },
            {
              "origin": [-6.25, 34.25, 4.25],
              "size": [1.75, 2, 2],
              "uv": {
                "north": { "uv": [42, 2], "uv_size": [1, 2] },
                "east": { "uv": [40, 2], "uv_size": [2, 2] },
                "south": { "uv": [45, 2], "uv_size": [1, 2] },
                "west": { "uv": [43, 2], "uv_size": [2, 2] },
                "up": { "uv": [42, 0], "uv_size": [1, 2] },
                "down": { "uv": [43, 2], "uv_size": [1, -2] }
              }
            }
          ]
        },
        {
          "name": "rightHairA",
          "parent": "rightHair",
          "pivot": [-4.5, 37.25, 4.25],
          "rotation": [0, -61.875, 0],
          "cubes": [
            {
              "origin": [-4.5, 36.25, 4.25],
              "size": [1, 1, 2],
              "uv": {
                "north": { "uv": [27, 48], "uv_size": [1, 1] },
                "east": { "uv": [25, 48], "uv_size": [2, 1] },
                "south": { "uv": [30, 48], "uv_size": [1, 1] },
                "west": { "uv": [28, 48], "uv_size": [2, 1] },
                "up": { "uv": [27, 46], "uv_size": [1, 2] },
                "down": { "uv": [28, 48], "uv_size": [1, -2] }
              }
            }
          ]
        },
        {
          "name": "rightHairB",
          "parent": "rightHair",
          "pivot": [-6.25, 35.25, 4.25],
          "rotation": [0, -50.625, 0],
          "cubes": [
            {
              "origin": [-6.25, 34.25, 4.25],
              "size": [2, 2, 2],
              "uv": {
                "north": { "uv": [44, 81], "uv_size": [2, 2] },
                "east": { "uv": [42, 81], "uv_size": [2, 2] },
                "south": { "uv": [48, 81], "uv_size": [2, 2] },
                "west": { "uv": [46, 81], "uv_size": [2, 2] },
                "up": { "uv": [44, 79], "uv_size": [2, 2] },
                "down": { "uv": [46, 81], "uv_size": [2, -2] }
              }
            }
          ]
        },
        {
          "name": "rightHairC",
          "parent": "rightHair",
          "pivot": [-4.5, 33.25, 4.25],
          "rotation": [0, -56.25, 0],
          "cubes": [
            {
              "origin": [-4.5, 32.25, 4.25],
              "size": [2, 2, 2],
              "uv": {
                "north": { "uv": [2, 64], "uv_size": [2, 2] },
                "east": { "uv": [0, 64], "uv_size": [2, 2] },
                "south": { "uv": [6, 64], "uv_size": [2, 2] },
                "west": { "uv": [4, 64], "uv_size": [2, 2] },
                "up": { "uv": [2, 62], "uv_size": [2, 2] },
                "down": { "uv": [4, 64], "uv_size": [2, -2] }
              }
            }
          ]
        },
        {
          "name": "hat",
          "parent": "head",
          "pivot": [0, 38.25, 2],
          "cubes": [
            {
              "origin": [-1, 38.25, 1],
              "size": [2, 1, 2],
              "inflate": 0.25,
              "uv": {
                "north": { "uv": [35, 41], "uv_size": [2, 1] },
                "east": { "uv": [33, 41], "uv_size": [2, 1] },
                "south": { "uv": [39, 41], "uv_size": [2, 1] },
                "west": { "uv": [37, 41], "uv_size": [2, 1] },
                "up": { "uv": [35, 39], "uv_size": [2, 2] },
                "down": { "uv": [37, 41], "uv_size": [2, -2] }
              }
            },
            {
              "origin": [-1, 39, 1],
              "size": [2, 4, 2],
              "uv": {
                "north": { "uv": [84, 10], "uv_size": [2, 4] },
                "east": { "uv": [82, 10], "uv_size": [2, 4] },
                "south": { "uv": [88, 10], "uv_size": [2, 4] },
                "west": { "uv": [86, 10], "uv_size": [2, 4] },
                "up": { "uv": [84, 8], "uv_size": [2, 2] },
                "down": { "uv": [86, 10], "uv_size": [2, -2] }
              }
            },
            {
              "origin": [-0.75, 39.5, 0.75],
              "size": [1.5, 2, 1],
              "uv": {
                "north": { "uv": [1, 18], "uv_size": [1, 2] },
                "east": { "uv": [0, 18], "uv_size": [1, 2] },
                "south": { "uv": [3, 18], "uv_size": [1, 2] },
                "west": { "uv": [2, 18], "uv_size": [1, 2] },
                "up": { "uv": [1, 17], "uv_size": [1, 1] },
                "down": { "uv": [2, 18], "uv_size": [1, -1] }
              }
            },
            {
              "origin": [-2, 42.75, 0],
              "size": [4, 2, 4],
              "pivot": [0, 43.75, 2],
              "rotation": [5.625, 0, 0],
              "uv": {
                "north": { "uv": [82, 46], "uv_size": [4, 2] },
                "east": { "uv": [78, 46], "uv_size": [4, 2] },
                "south": { "uv": [90, 46], "uv_size": [4, 2] },
                "west": { "uv": [86, 46], "uv_size": [4, 2] },
                "up": { "uv": [82, 42], "uv_size": [4, 4] },
                "down": { "uv": [86, 46], "uv_size": [4, -4] }
              }
            }
          ]
        },
        {
          "name": "leftHatRim",
          "parent": "hat",
          "pivot": [0, 37.75, 2],
          "rotation": [0, 0, -5.25],
          "cubes": [
            {
              "origin": [-0.25, 37.5, -1],
              "size": [3.25, 1, 6],
              "inflate": -0.25,
              "uv": {
                "north": { "uv": [46, 6], "uv_size": [3, 1] },
                "east": { "uv": [40, 6], "uv_size": [6, 1] },
                "south": { "uv": [55, 6], "uv_size": [3, 1] },
                "west": { "uv": [49, 6], "uv_size": [6, 1] },
                "up": { "uv": [46, 0], "uv_size": [3, 6] },
                "down": { "uv": [49, 6], "uv_size": [3, -6] }
              }
            }
          ]
        },
        {
          "name": "rightHatRim",
          "parent": "hat",
          "pivot": [0, 37.75, 2],
          "rotation": [0, 0, 5.625],
          "cubes": [
            {
              "origin": [-3, 37.5, -1],
              "size": [3.25, 1, 6],
              "inflate": -0.25,
              "uv": {
                "north": { "uv": [50, 84], "uv_size": [3, 1] },
                "east": { "uv": [44, 84], "uv_size": [6, 1] },
                "south": { "uv": [59, 84], "uv_size": [3, 1] },
                "west": { "uv": [53, 84], "uv_size": [6, 1] },
                "up": { "uv": [50, 78], "uv_size": [3, 6] },
                "down": { "uv": [53, 84], "uv_size": [3, -6] }
              }
            }
          ]
        },
        {
          "name": "leftEar",
          "parent": "head",
          "pivot": [2.25, 35.75, 1.5],
          "rotation": [-11.25, 0, -11.25]
        },
        {
          "name": "leftEar_rot",
          "parent": "leftEar",
          "pivot": [2.25, 35.75, 1.5],
          "rotation": [0, -39.375, 0],
          "cubes": [
            {
              "origin": [2.25, 34.75, 1.5],
              "size": [2, 2, 1],
              "uv": {
                "north": { "uv": [17, 57], "uv_size": [2, 2] },
                "east": { "uv": [16, 57], "uv_size": [1, 2] },
                "south": { "uv": [20, 57], "uv_size": [2, 2] },
                "west": { "uv": [19, 57], "uv_size": [1, 2] },
                "up": { "uv": [17, 56], "uv_size": [2, 1] },
                "down": { "uv": [19, 57], "uv_size": [2, -1] }
              }
            }
          ]
        },
        {
          "name": "rightEar",
          "parent": "head",
          "pivot": [-2.25, 35.75, 1.5],
          "rotation": [-11.25, 0, 11.25]
        },
        {
          "name": "rightEar_rot",
          "parent": "rightEar",
          "pivot": [-2.25, 35.75, 1.5],
          "rotation": [0, 39.375, 0],
          "cubes": [
            {
              "origin": [-4.25, 34.75, 1.5],
              "size": [2, 2, 1],
              "uv": {
                "north": { "uv": [53, 4], "uv_size": [2, 2] },
                "east": { "uv": [52, 4], "uv_size": [1, 2] },
                "south": { "uv": [56, 4], "uv_size": [2, 2] },
                "west": { "uv": [55, 4], "uv_size": [1, 2] },
                "up": { "uv": [53, 3], "uv_size": [2, 1] },
                "down": { "uv": [55, 4], "uv_size": [2, -1] }
              }
            }
          ]
        },
        {
          "name": "collar",
          "parent": "body",
          "pivot": [0, 31.75, 7],
          "rotation": [11.25, 0, 0],
          "cubes": [
            {
              "origin": [-6, 30.75, -3],
              "size": [12, 2, 9],
              "uv": {
                "north": { "uv": [39, 26], "uv_size": [12, 2] },
                "east": { "uv": [30, 26], "uv_size": [9, 2] },
                "south": { "uv": [60, 26], "uv_size": [12, 2] },
                "west": { "uv": [51, 26], "uv_size": [9, 2] },
                "up": { "uv": [39, 17], "uv_size": [12, 9] },
                "down": { "uv": [51, 26], "uv_size": [12, -9] }
              }
            }
          ]
        },
        {
          "name": "Alpha_collar_north",
          "parent": "collar",
          "pivot": [0, 32.75, -3],
          "rotation": [33.75, 0, 0],
          "cubes": [
            {
              "origin": [-2.5, 32.75, -6],
              "size": [5, 0, 3],
              "uv": {
                "north": { "uv": [35, 54], "uv_size": [5, 0] },
                "east": { "uv": [32, 54], "uv_size": [3, 0] },
                "south": { "uv": [43, 54], "uv_size": [5, 0] },
                "west": { "uv": [40, 54], "uv_size": [3, 0] },
                "up": { "uv": [35, 51], "uv_size": [5, 3] },
                "down": { "uv": [40, 54], "uv_size": [5, -3] }
              }
            }
          ]
        },
        {
          "name": "Alpha_collar_south",
          "parent": "collar",
          "pivot": [0, 32.75, 6],
          "rotation": [-67.5, 0, 0],
          "cubes": [
            {
              "origin": [-2, 32.75, 6],
              "size": [4, 0, 4],
              "uv": {
                "north": { "uv": [4, 25], "uv_size": [4, 0] },
                "east": { "uv": [0, 25], "uv_size": [4, 0] },
                "south": { "uv": [12, 25], "uv_size": [4, 0] },
                "west": { "uv": [8, 25], "uv_size": [4, 0] },
                "up": { "uv": [4, 21], "uv_size": [4, 4] },
                "down": { "uv": [8, 25], "uv_size": [4, -4] }
              }
            }
          ]
        },
        {
          "name": "Alpha_collar_se",
          "parent": "collar",
          "pivot": [5.5, 32.75, 6],
          "rotation": [-45, 0, 0],
          "cubes": [
            {
              "origin": [3.5, 32.75, 6],
              "size": [4, 0, 4],
              "uv": {
                "north": { "uv": [4, 21], "uv_size": [4, 0] },
                "east": { "uv": [0, 21], "uv_size": [4, 0] },
                "south": { "uv": [12, 21], "uv_size": [4, 0] },
                "west": { "uv": [8, 21], "uv_size": [4, 0] },
                "up": { "uv": [4, 17], "uv_size": [4, 4] },
                "down": { "uv": [8, 21], "uv_size": [4, -4] }
              }
            }
          ]
        },
        {
          "name": "Alpha_collar_sw",
          "parent": "collar",
          "pivot": [-5.25, 32.75, 6],
          "rotation": [-45, 0, 0],
          "cubes": [
            {
              "origin": [-7.25, 32.75, 6],
              "size": [4, 0, 4],
              "uv": {
                "north": { "uv": [8, 21], "uv_size": [-4, 0] },
                "east": { "uv": [12, 21], "uv_size": [-4, 0] },
                "south": { "uv": [16, 21], "uv_size": [-4, 0] },
                "west": { "uv": [4, 21], "uv_size": [-4, 0] },
                "up": { "uv": [8, 17], "uv_size": [-4, 4] },
                "down": { "uv": [12, 21], "uv_size": [-4, -4] }
              }
            }
          ]
        },
        {
          "name": "Alpha_collar_east",
          "parent": "collar",
          "pivot": [6, 32.75, 2],
          "rotation": [0, 0, 11.25],
          "cubes": [
            {
              "origin": [6, 32.75, -2],
              "size": [3, 0, 8],
              "uv": {
                "north": { "uv": [30, 25], "uv_size": [3, 0] },
                "east": { "uv": [22, 25], "uv_size": [8, 0] },
                "south": { "uv": [41, 25], "uv_size": [3, 0] },
                "west": { "uv": [33, 25], "uv_size": [8, 0] },
                "up": { "uv": [30, 17], "uv_size": [3, 8] },
                "down": { "uv": [33, 25], "uv_size": [3, -8] }
              }
            }
          ]
        },
        {
          "name": "Alpha_collar_west",
          "parent": "collar",
          "pivot": [-6, 32.75, 2],
          "rotation": [0, 0, -11.25],
          "cubes": [
            {
              "origin": [-9, 32.75, -2],
              "size": [3, 0, 8],
              "uv": {
                "north": { "uv": [33, 25], "uv_size": [-3, 0] },
                "east": { "uv": [41, 25], "uv_size": [-8, 0] },
                "south": { "uv": [44, 25], "uv_size": [-3, 0] },
                "west": { "uv": [30, 25], "uv_size": [-8, 0] },
                "up": { "uv": [33, 17], "uv_size": [-3, 8] },
                "down": { "uv": [36, 25], "uv_size": [-3, -8] }
              }
            }
          ]
        },
        {
          "name": "Alpha_collar_ne",
          "parent": "collar",
          "pivot": [6, 32.75, -3],
          "rotation": [22.5, 0, 0],
          "cubes": [
            {
              "origin": [4, 32.75, -6],
              "size": [4, 0, 3],
              "uv": {
                "north": { "uv": [40, 10], "uv_size": [4, 0] },
                "east": { "uv": [37, 10], "uv_size": [3, 0] },
                "south": { "uv": [47, 10], "uv_size": [4, 0] },
                "west": { "uv": [44, 10], "uv_size": [3, 0] },
                "up": { "uv": [40, 7], "uv_size": [4, 3] },
                "down": { "uv": [44, 10], "uv_size": [4, -3] }
              }
            }
          ]
        },
        {
          "name": "Alpha_collar_nw",
          "parent": "collar",
          "pivot": [-6, 32.75, -3],
          "rotation": [22.5, 0, 0],
          "cubes": [
            {
              "origin": [-8, 32.75, -6],
              "size": [4, 0, 3],
              "uv": {
                "north": { "uv": [44, 10], "uv_size": [-4, 0] },
                "east": { "uv": [47, 10], "uv_size": [-3, 0] },
                "south": { "uv": [51, 10], "uv_size": [-4, 0] },
                "west": { "uv": [40, 10], "uv_size": [-3, 0] },
                "up": { "uv": [44, 7], "uv_size": [-4, 3] },
                "down": { "uv": [48, 10], "uv_size": [-4, -3] }
              }
            }
          ]
        },
        {
          "name": "leftArm",
          "parent": "body",
          "pivot": [7, 28.5, 2]
        },
        {
          "name": "leftShoulder",
          "parent": "leftArm",
          "pivot": [8.5, 30.75, 2],
          "rotation": [0, 0, 33.75],
          "cubes": [
            {
              "origin": [8.5, 25.75, -1],
              "size": [4, 5, 6],
              "uv": {
                "north": { "uv": [74, 31], "uv_size": [4, 5] },
                "east": { "uv": [68, 31], "uv_size": [6, 5] },
                "south": { "uv": [84, 31], "uv_size": [4, 5] },
                "west": { "uv": [78, 31], "uv_size": [6, 5] },
                "up": { "uv": [74, 25], "uv_size": [4, 6] },
                "down": { "uv": [78, 31], "uv_size": [4, -6] }
              }
            },
            {
              "origin": [7.5, 25.75, -0.95],
              "size": [1, 5, 5.9],
              "pivot": [8.5, 30.75, 2],
              "rotation": [0, 0, -33.75],
              "uv": {
                "north": { "uv": [20, 82], "uv_size": [1, 5] },
                "east": { "uv": [14, 82], "uv_size": [6, 5] },
                "south": { "uv": [27, 82], "uv_size": [1, 5] },
                "west": { "uv": [21, 82], "uv_size": [6, 5] },
                "up": { "uv": [20, 76], "uv_size": [1, 6] },
                "down": { "uv": [21, 82], "uv_size": [1, -6] }
              }
            }
          ]
        },
        {
          "name": "leftArmA",
          "parent": "leftArm",
          "pivot": [11.8259, 28.5277, 2],
          "rotation": [0, 0, -16.875],
          "cubes": [
            {
              "origin": [6.07588, 23.77772, -1.5],
              "size": [6, 5, 7],
              "inflate": -0.25,
              "uv": {
                "north": { "uv": [70, 20], "uv_size": [6, 5] },
                "east": { "uv": [63, 20], "uv_size": [7, 5] },
                "south": { "uv": [83, 20], "uv_size": [6, 5] },
                "west": { "uv": [76, 20], "uv_size": [7, 5] },
                "up": { "uv": [70, 13], "uv_size": [6, 7] },
                "down": { "uv": [76, 20], "uv_size": [6, -7] }
              }
            },
            {
              "origin": [11.5, 24.75, 0.5],
              "size": [2, 3, 3],
              "uv": {
                "north": { "uv": [3, 59], "uv_size": [2, 3] },
                "east": { "uv": [0, 59], "uv_size": [3, 3] },
                "south": { "uv": [8, 59], "uv_size": [2, 3] },
                "west": { "uv": [5, 59], "uv_size": [3, 3] },
                "up": { "uv": [3, 56], "uv_size": [2, 3] },
                "down": { "uv": [5, 59], "uv_size": [2, -3] }
              }
            }
          ]
        },
        {
          "name": "leftArmB",
          "parent": "leftArmA",
          "pivot": [9.5, 23.5, 2],
          "rotation": [0, 0, 11.25],
          "cubes": [
            {
              "origin": [6.5, 19, -1],
              "size": [6, 6, 6],
              "inflate": -0.25,
              "uv": {
                "north": { "uv": [32, 73], "uv_size": [6, 6] },
                "east": { "uv": [26, 73], "uv_size": [6, 6] },
                "south": { "uv": [44, 73], "uv_size": [6, 6] },
                "west": { "uv": [38, 73], "uv_size": [6, 6] },
                "up": { "uv": [32, 67], "uv_size": [6, 6] },
                "down": { "uv": [38, 73], "uv_size": [6, -6] }
              }
            },
            {
              "origin": [11.75, 21.5, 0.5],
              "size": [2, 3, 3],
              "uv": {
                "north": { "uv": [3, 3], "uv_size": [2, 3] },
                "east": { "uv": [0, 3], "uv_size": [3, 3] },
                "south": { "uv": [8, 3], "uv_size": [2, 3] },
                "west": { "uv": [5, 3], "uv_size": [3, 3] },
                "up": { "uv": [3, 0], "uv_size": [2, 3] },
                "down": { "uv": [5, 3], "uv_size": [2, -3] }
              }
            }
          ]
        },
        {
          "name": "Alpha_leftSleeveA",
          "parent": "leftArmB",
          "pivot": [10, 21.25, -0.75],
          "rotation": [-22.5, 0, 0],
          "cubes": [
            {
              "origin": [7, 20.25, -0.75],
              "size": [6, 1, 0],
              "uv": {
                "north": { "uv": [0, 28], "uv_size": [6, 1] },
                "east": { "uv": [0, 28], "uv_size": [0, 1] },
                "south": { "uv": [6, 28], "uv_size": [6, 1] },
                "west": { "uv": [6, 28], "uv_size": [0, 1] },
                "up": { "uv": [0, 28], "uv_size": [6, 0] },
                "down": { "uv": [6, 28], "uv_size": [6, 0] }
              }
            }
          ]
        },
        {
          "name": "Alpha_leftSleeveB",
          "parent": "leftArmB",
          "pivot": [6.75, 21.25, -1.5],
          "rotation": [0, 0, 22.5],
          "cubes": [
            {
              "origin": [6.75, 20.25, -1.5],
              "size": [0, 1, 6],
              "uv": {
                "north": { "uv": [6, 25], "uv_size": [0, 1] },
                "east": { "uv": [0, 25], "uv_size": [6, 1] },
                "south": { "uv": [12, 25], "uv_size": [0, 1] },
                "west": { "uv": [6, 25], "uv_size": [6, 1] },
                "up": { "uv": [6, 19], "uv_size": [0, 6] },
                "down": { "uv": [6, 25], "uv_size": [0, -6] }
              }
            }
          ]
        },
        {
          "name": "Alpha_leftSleeveC",
          "parent": "leftArmB",
          "pivot": [9, 21.25, 4.75],
          "rotation": [22.5, 0, 0],
          "cubes": [
            {
              "origin": [6, 20.25, 4.75],
              "size": [6, 1, 0],
              "uv": {
                "north": { "uv": [0, 27], "uv_size": [6, 1] },
                "east": { "uv": [0, 27], "uv_size": [0, 1] },
                "south": { "uv": [6, 27], "uv_size": [6, 1] },
                "west": { "uv": [6, 27], "uv_size": [0, 1] },
                "up": { "uv": [0, 27], "uv_size": [6, 0] },
                "down": { "uv": [6, 27], "uv_size": [6, 0] }
              }
            }
          ]
        },
        {
          "name": "Alpha_leftSleeveD",
          "parent": "leftArmB",
          "pivot": [12.25, 21.25, 2],
          "rotation": [0, 0, -22.5],
          "cubes": [
            {
              "origin": [12.25, 20.25, -0.5],
              "size": [0, 1, 6],
              "uv": {
                "north": { "uv": [6, 26], "uv_size": [0, 1] },
                "east": { "uv": [0, 26], "uv_size": [6, 1] },
                "south": { "uv": [12, 26], "uv_size": [0, 1] },
                "west": { "uv": [6, 26], "uv_size": [6, 1] },
                "up": { "uv": [6, 20], "uv_size": [0, 6] },
                "down": { "uv": [6, 26], "uv_size": [0, -6] }
              }
            }
          ]
        },
        {
          "name": "leftHand",
          "parent": "leftArmB",
          "pivot": [10, 19, 2],
          "cubes": [
            {
              "origin": [6, 17, -1.5],
              "size": [7, 2, 7],
              "inflate": 0.25,
              "uv": {
                "north": { "uv": [71, 57], "uv_size": [7, 2] },
                "east": { "uv": [64, 57], "uv_size": [7, 2] },
                "south": { "uv": [85, 57], "uv_size": [7, 2] },
                "west": { "uv": [78, 57], "uv_size": [7, 2] },
                "up": { "uv": [71, 50], "uv_size": [7, 7] },
                "down": { "uv": [78, 57], "uv_size": [7, -7] }
              }
            },
            {
              "origin": [9.5, 14, -1],
              "size": [3, 3, 6],
              "inflate": -0.25,
              "uv": {
                "north": { "uv": [22, 62], "uv_size": [3, 3] },
                "east": { "uv": [16, 62], "uv_size": [6, 3] },
                "south": { "uv": [31, 62], "uv_size": [3, 3] },
                "west": { "uv": [25, 62], "uv_size": [6, 3] },
                "up": { "uv": [22, 56], "uv_size": [3, 6] },
                "down": { "uv": [25, 62], "uv_size": [3, -6] }
              }
            },
            {
              "origin": [6.75, 15.25, -0.75],
              "size": [3, 2, 3],
              "uv": {
                "north": { "uv": [47, 70], "uv_size": [3, 2] },
                "east": { "uv": [44, 70], "uv_size": [3, 2] },
                "south": { "uv": [53, 70], "uv_size": [3, 2] },
                "west": { "uv": [50, 70], "uv_size": [3, 2] },
                "up": { "uv": [47, 67], "uv_size": [3, 3] },
                "down": { "uv": [50, 70], "uv_size": [3, -3] }
              }
            }
          ]
        },
        {
          "name": "leftThumb",
          "parent": "leftHand",
          "pivot": [7.5, 15.25, -0.5],
          "rotation": [0, 0, -5.625],
          "cubes": [
            {
              "origin": [6.5, 14, -1.75],
              "size": [2, 2, 2],
              "uv": {
                "north": { "uv": [58, 30], "uv_size": [2, 2] },
                "east": { "uv": [56, 30], "uv_size": [2, 2] },
                "south": { "uv": [62, 30], "uv_size": [2, 2] },
                "west": { "uv": [60, 30], "uv_size": [2, 2] },
                "up": { "uv": [58, 28], "uv_size": [2, 2] },
                "down": { "uv": [60, 30], "uv_size": [2, -2] }
              }
            }
          ]
        },
        {
          "name": "leftThumb_A",
          "parent": "leftThumb",
          "pivot": [7.5, 13.75, -1],
          "rotation": [67.5, 0, 0],
          "cubes": [
            {
              "origin": [6.5, 11.46194, -1.44134],
              "size": [2, 3, 2],
              "uv": {
                "north": { "uv": [2, 47], "uv_size": [2, 3] },
                "east": { "uv": [0, 47], "uv_size": [2, 3] },
                "south": { "uv": [6, 47], "uv_size": [2, 3] },
                "west": { "uv": [4, 47], "uv_size": [2, 3] },
                "up": { "uv": [2, 45], "uv_size": [2, 2] },
                "down": { "uv": [4, 47], "uv_size": [2, -2] }
              }
            }
          ]
        },
        {
          "name": "leftDigA",
          "parent": "leftHand",
          "pivot": [11.25, 14.5, 0],
          "rotation": [0, 0, 22.5],
          "cubes": [
            {
              "origin": [10.67388, 12.88268, -1],
              "size": [2, 2, 2],
              "uv": {
                "north": { "uv": [2, 8], "uv_size": [2, 2] },
                "east": { "uv": [0, 8], "uv_size": [2, 2] },
                "south": { "uv": [6, 8], "uv_size": [2, 2] },
                "west": { "uv": [4, 8], "uv_size": [2, 2] },
                "up": { "uv": [2, 6], "uv_size": [2, 2] },
                "down": { "uv": [4, 8], "uv_size": [2, -2] }
              }
            }
          ]
        },
        {
          "name": "leftDigA_A",
          "parent": "leftDigA",
          "pivot": [11.92388, 13.13268, 0],
          "rotation": [0, 0, 78.75],
          "cubes": [
            {
              "origin": [11.32153, 9.59352, -1],
              "size": [2, 4, 2],
              "uv": {
                "north": { "uv": [2, 41], "uv_size": [2, 4] },
                "east": { "uv": [0, 41], "uv_size": [2, 4] },
                "south": { "uv": [6, 41], "uv_size": [2, 4] },
                "west": { "uv": [4, 41], "uv_size": [2, 4] },
                "up": { "uv": [2, 39], "uv_size": [2, 2] },
                "down": { "uv": [4, 41], "uv_size": [2, -2] }
              }
            }
          ]
        },
        {
          "name": "leftDigB",
          "parent": "leftHand",
          "pivot": [11.25, 14.5, 2],
          "rotation": [0, 0, 22.5],
          "cubes": [
            {
              "origin": [10.67388, 12.88268, 1],
              "size": [2, 2, 2],
              "uv": {
                "north": { "uv": [2, 8], "uv_size": [2, 2] },
                "east": { "uv": [0, 8], "uv_size": [2, 2] },
                "south": { "uv": [6, 8], "uv_size": [2, 2] },
                "west": { "uv": [4, 8], "uv_size": [2, 2] },
                "up": { "uv": [2, 6], "uv_size": [2, 2] },
                "down": { "uv": [4, 8], "uv_size": [2, -2] }
              }
            }
          ]
        },
        {
          "name": "leftDigB_A",
          "parent": "leftDigB",
          "pivot": [11.92388, 13.13268, 2],
          "rotation": [0, 0, 78.75],
          "cubes": [
            {
              "origin": [11.32153, 9.59352, 1],
              "size": [2, 4, 2],
              "uv": {
                "north": { "uv": [2, 41], "uv_size": [2, 4] },
                "east": { "uv": [0, 41], "uv_size": [2, 4] },
                "south": { "uv": [6, 41], "uv_size": [2, 4] },
                "west": { "uv": [4, 41], "uv_size": [2, 4] },
                "up": { "uv": [2, 39], "uv_size": [2, 2] },
                "down": { "uv": [4, 41], "uv_size": [2, -2] }
              }
            }
          ]
        },
        {
          "name": "leftDigC",
          "parent": "leftHand",
          "pivot": [11.25, 14.5, 4],
          "rotation": [0, 0, 22.5],
          "cubes": [
            {
              "origin": [10.67388, 12.88268, 3],
              "size": [2, 2, 2],
              "uv": {
                "north": { "uv": [2, 8], "uv_size": [2, 2] },
                "east": { "uv": [0, 8], "uv_size": [2, 2] },
                "south": { "uv": [6, 8], "uv_size": [2, 2] },
                "west": { "uv": [4, 8], "uv_size": [2, 2] },
                "up": { "uv": [2, 6], "uv_size": [2, 2] },
                "down": { "uv": [4, 8], "uv_size": [2, -2] }
              }
            }
          ]
        },
        {
          "name": "leftDigC_A",
          "parent": "leftDigC",
          "pivot": [11.92388, 13.13268, 4],
          "rotation": [0, 0, 78.75],
          "cubes": [
            {
              "origin": [11.32153, 9.59352, 3],
              "size": [2, 4, 2],
              "uv": {
                "north": { "uv": [2, 41], "uv_size": [2, 4] },
                "east": { "uv": [0, 41], "uv_size": [2, 4] },
                "south": { "uv": [6, 41], "uv_size": [2, 4] },
                "west": { "uv": [4, 41], "uv_size": [2, 4] },
                "up": { "uv": [2, 39], "uv_size": [2, 2] },
                "down": { "uv": [4, 41], "uv_size": [2, -2] }
              }
            }
          ]
        },
        {
          "name": "boxing",
          "parent": "leftHand",
          "pivot": [11.7, 17.9, 2.5],
          "cubes": [
            {
              "origin": [11.38979, 20.13305, -0.38376],
              "size": [0.5, 0.5, 0.12],
              "pivot": [11.59976, 17.8145, -0.41528],
              "rotation": [-90, 0, -90],
              "uv": {
                "north": { "uv": [84, 39], "uv_size": [1, 1] },
                "east": { "uv": [84, 39], "uv_size": [1, 1] },
                "south": { "uv": [84, 39], "uv_size": [1, 1] },
                "west": { "uv": [84, 39], "uv_size": [1, 1] },
                "up": { "uv": [85, 40], "uv_size": [-1, -1] },
                "down": { "uv": [85, 40], "uv_size": [-1, -1] }
              }
            },
            {
              "origin": [11.18979, 20.63305, -0.40876],
              "size": [1, 0.2, 0.17],
              "pivot": [11.59976, 17.8145, -0.41528],
              "rotation": [-90, 0, -90],
              "uv": {
                "north": { "uv": [86, 37], "uv_size": [1, 1] },
                "east": { "uv": [86, 37], "uv_size": [1, 1] },
                "south": { "uv": [86, 37], "uv_size": [1, 1] },
                "west": { "uv": [86, 37], "uv_size": [1, 1] },
                "up": { "uv": [87, 38], "uv_size": [-1, -1] },
                "down": { "uv": [87, 38], "uv_size": [-1, -1] }
              }
            },
            {
              "origin": [11.28979, 21.13305, -0.40876],
              "size": [0.8, 0.2, 0.17],
              "pivot": [11.59976, 17.8145, -0.41528],
              "rotation": [-90, 0, -90],
              "uv": {
                "north": { "uv": [86, 37], "uv_size": [1, 1] },
                "east": { "uv": [86, 37], "uv_size": [1, 1] },
                "south": { "uv": [86, 37], "uv_size": [1, 1] },
                "west": { "uv": [86, 37], "uv_size": [1, 1] },
                "up": { "uv": [87, 38], "uv_size": [-1, -1] },
                "down": { "uv": [87, 38], "uv_size": [-1, -1] }
              }
            },
            {
              "origin": [11.98979, 20.83305, -0.40876],
              "size": [0.2, 0.3, 0.17],
              "pivot": [11.59976, 17.8145, -0.41528],
              "rotation": [-90, 0, -90],
              "uv": {
                "north": { "uv": [86, 37], "uv_size": [1, 1] },
                "east": { "uv": [86, 37], "uv_size": [1, 1] },
                "south": { "uv": [86, 37], "uv_size": [1, 1] },
                "west": { "uv": [86, 37], "uv_size": [1, 1] },
                "up": { "uv": [87, 38], "uv_size": [-1, -1] },
                "down": { "uv": [87, 38], "uv_size": [-1, -1] }
              }
            },
            {
              "origin": [11.18979, 20.83305, -0.40876],
              "size": [0.2, 0.3, 0.17],
              "pivot": [11.59976, 17.8145, -0.41528],
              "rotation": [-90, 0, -90],
              "uv": {
                "north": { "uv": [86, 37], "uv_size": [1, 1] },
                "east": { "uv": [86, 37], "uv_size": [1, 1] },
                "south": { "uv": [86, 37], "uv_size": [1, 1] },
                "west": { "uv": [86, 37], "uv_size": [1, 1] },
                "up": { "uv": [87, 38], "uv_size": [-1, -1] },
                "down": { "uv": [87, 38], "uv_size": [-1, -1] }
              }
            },
            {
              "origin": [11.48979, 20.23305, -0.43376],
              "size": [0.3, 0.3, 0.22],
              "pivot": [11.59976, 17.8145, -0.41528],
              "rotation": [-90, 0, -90],
              "uv": {
                "north": { "uv": [84, 39], "uv_size": [1, 1] },
                "east": { "uv": [84, 39], "uv_size": [1, 1] },
                "south": { "uv": [84, 39], "uv_size": [1, 1] },
                "west": { "uv": [84, 39], "uv_size": [1, 1] },
                "up": { "uv": [85, 40], "uv_size": [-1, -1] },
                "down": { "uv": [85, 40], "uv_size": [-1, -1] }
              }
            }
          ]
        },
        {
          "name": "glove",
          "parent": "boxing",
          "pivot": [11.70998, 17.93145, -0.01653],
          "cubes": [
            {
              "origin": [11.65658, 17.48856, -0.90036],
              "size": [0.325, 0.6, 0.8],
              "pivot": [11.59976, 17.85022, -0.59189],
              "rotation": [90, 82.5, 90],
              "uv": {
                "north": { "uv": [84, 37], "uv_size": [1, 1] },
                "east": { "uv": [84, 37], "uv_size": [1, 1] },
                "south": { "uv": [84, 37], "uv_size": [1, 1] },
                "west": { "uv": [84, 37], "uv_size": [1, 1] },
                "up": { "uv": [85, 38], "uv_size": [-1, -1] },
                "down": { "uv": [85, 38], "uv_size": [-1, -1] }
              }
            },
            {
              "origin": [11.75593, 17.62054, -0.82376],
              "size": [0.25, 0.3, 0.8],
              "pivot": [11.59976, 17.9145, -0.51528],
              "rotation": [-90, 40, -90],
              "uv": {
                "north": { "uv": [84, 37], "uv_size": [1, 1] },
                "east": { "uv": [84, 37], "uv_size": [1, 1] },
                "south": { "uv": [84, 37], "uv_size": [1, 1] },
                "west": { "uv": [84, 37], "uv_size": [1, 1] },
                "up": { "uv": [85, 38], "uv_size": [-1, -1] },
                "down": { "uv": [85, 38], "uv_size": [-1, -1] }
              }
            },
            {
              "origin": [11.13979, 17.30805, -0.95376],
              "size": [1.025, 1.05, 1.26],
              "inflate": -0.25,
              "pivot": [11.59976, 17.9145, -0.41528],
              "rotation": [-90, 0, -90],
              "uv": {
                "north": { "uv": [84, 37], "uv_size": [1, 1] },
                "east": { "uv": [84, 37], "uv_size": [1, 1] },
                "south": { "uv": [84, 37], "uv_size": [1, 1] },
                "west": { "uv": [84, 37], "uv_size": [1, 1] },
                "up": { "uv": [85, 38], "uv_size": [-1, -1] },
                "down": { "uv": [85, 38], "uv_size": [-1, -1] }
              }
            },
            {
              "origin": [11.46479, 18.25805, -0.49876],
              "size": [0.35, -0.25, 0.35],
              "inflate": 0.25,
              "pivot": [11.59976, 17.8145, -0.41528],
              "rotation": [-90, 0, -90],
              "uv": {
                "north": { "uv": [84, 37], "uv_size": [1, 1] },
                "east": { "uv": [84, 37], "uv_size": [1, 1] },
                "south": { "uv": [84, 37], "uv_size": [1, 1] },
                "west": { "uv": [84, 37], "uv_size": [1, 1] },
                "up": { "uv": [85, 38], "uv_size": [-1, -1] },
                "down": { "uv": [85, 38], "uv_size": [-1, -1] }
              }
            },
            {
              "origin": [11.17094, 17.72495, -0.55277],
              "size": [0.3, 0.3, 0.3],
              "pivot": [11.27094, 17.75311, -0.42576],
              "rotation": [-128.76333, 31.245, -100.34233],
              "uv": {
                "north": { "uv": [84, 37], "uv_size": [1, 1] },
                "east": { "uv": [84, 37], "uv_size": [1, 1] },
                "south": { "uv": [84, 37], "uv_size": [1, 1] },
                "west": { "uv": [84, 37], "uv_size": [1, 1] },
                "up": { "uv": [85, 38], "uv_size": [-1, -1] },
                "down": { "uv": [85, 38], "uv_size": [-1, -1] }
              }
            },
            {
              "origin": [11.17094, 17.48127, -0.55277],
              "size": [0.3, 0.3, 0.3],
              "pivot": [11.27094, 17.75311, -0.42576],
              "rotation": [-103.76333, 31.245, -100.34233],
              "uv": {
                "north": { "uv": [84, 37], "uv_size": [1, 1] },
                "east": { "uv": [84, 37], "uv_size": [1, 1] },
                "south": { "uv": [84, 37], "uv_size": [1, 1] },
                "west": { "uv": [84, 37], "uv_size": [1, 1] },
                "up": { "uv": [85, 38], "uv_size": [-1, -1] },
                "down": { "uv": [85, 38], "uv_size": [-1, -1] }
              }
            },
            {
              "origin": [11.43979, 18.23305, -0.62376],
              "size": [0.4, 0.1, 0.6],
              "pivot": [11.59976, 17.8145, -0.41528],
              "rotation": [-90, 0, -90],
              "uv": {
                "north": { "uv": [85, 37], "uv_size": [1, 1] },
                "east": { "uv": [85, 37], "uv_size": [1, 1] },
                "south": { "uv": [85, 37], "uv_size": [1, 1] },
                "west": { "uv": [85, 37], "uv_size": [1, 1] },
                "up": { "uv": [86, 38], "uv_size": [-1, -1] },
                "down": { "uv": [86, 38], "uv_size": [-1, -1] }
              }
            }
          ]
        },
        {
          "name": "arm",
          "parent": "boxing",
          "pivot": [11.7015, 17.84647, 1.90202],
          "cubes": [
            {
              "origin": [11.56629, 17.75452, -0.221],
              "size": [0.1, 0.5, 0.075],
              "pivot": [11.76629, 17.85452, -0.121],
              "rotation": [-90, 45, -90],
              "uv": {
                "north": { "uv": [85, 37], "uv_size": [1, 1] },
                "east": { "uv": [85, 37], "uv_size": [1, 1] },
                "south": { "uv": [85, 37], "uv_size": [1, 1] },
                "west": { "uv": [85, 37], "uv_size": [1, 1] },
                "up": { "uv": [86, 38], "uv_size": [-1, -1] },
                "down": { "uv": [86, 38], "uv_size": [-1, -1] }
              }
            },
            {
              "origin": [11.90629, 17.74452, 0.31827],
              "size": [-0.08, -0.08, -0.08],
              "inflate": 0.1,
              "pivot": [11.71629, 17.85452, 0.30327],
              "rotation": [-90, -45, -90],
              "uv": {
                "north": { "uv": [84, 38], "uv_size": [3, 3] },
                "east": { "uv": [84, 40], "uv_size": [1, 1] },
                "south": { "uv": [84, 38], "uv_size": [3, 3] },
                "west": { "uv": [84, 40], "uv_size": [1, 1] },
                "up": { "uv": [85, 41], "uv_size": [-1, -1] },
                "down": { "uv": [85, 41], "uv_size": [-1, -1] }
              }
            },
            {
              "origin": [11.76629, 17.75452, -0.196],
              "size": [0.1, 0.5, 0.1],
              "pivot": [11.66629, 17.85452, -0.121],
              "rotation": [-90, -45, -90],
              "uv": {
                "north": { "uv": [85, 37], "uv_size": [1, 1] },
                "east": { "uv": [85, 37], "uv_size": [1, 1] },
                "south": { "uv": [85, 37], "uv_size": [1, 1] },
                "west": { "uv": [85, 37], "uv_size": [1, 1] },
                "up": { "uv": [86, 38], "uv_size": [-1, -1] },
                "down": { "uv": [86, 38], "uv_size": [-1, -1] }
              }
            },
            {
              "origin": [11.58129, 18.04452, 0.34327],
              "size": [-0.08, -0.08, -0.08],
              "inflate": 0.1,
              "pivot": [11.69129, 17.85452, 0.30327],
              "rotation": [-90, -45, -90],
              "uv": {
                "north": { "uv": [84, 38], "uv_size": [3, 3] },
                "east": { "uv": [84, 40], "uv_size": [1, 1] },
                "south": { "uv": [84, 38], "uv_size": [3, 3] },
                "west": { "uv": [84, 40], "uv_size": [1, 1] },
                "up": { "uv": [85, 41], "uv_size": [-1, -1] },
                "down": { "uv": [85, 41], "uv_size": [-1, -1] }
              }
            },
            {
              "origin": [11.79129, 17.75452, 0.25327],
              "size": [0.1, 0.5, 0.075],
              "pivot": [11.69129, 17.85452, 0.30327],
              "rotation": [-90, -45, -90],
              "uv": {
                "north": { "uv": [85, 37], "uv_size": [1, 1] },
                "east": { "uv": [85, 37], "uv_size": [1, 1] },
                "south": { "uv": [85, 37], "uv_size": [1, 1] },
                "west": { "uv": [85, 37], "uv_size": [1, 1] },
                "up": { "uv": [86, 38], "uv_size": [-1, -1] },
                "down": { "uv": [86, 38], "uv_size": [-1, -1] }
              }
            },
            {
              "origin": [11.51629, 17.75452, 0.25327],
              "size": [0.1, 0.5, 0.075],
              "pivot": [11.71629, 17.85452, 0.30327],
              "rotation": [-90, 45, -90],
              "uv": {
                "north": { "uv": [85, 37], "uv_size": [1, 1] },
                "east": { "uv": [85, 37], "uv_size": [1, 1] },
                "south": { "uv": [85, 37], "uv_size": [1, 1] },
                "west": { "uv": [85, 37], "uv_size": [1, 1] },
                "up": { "uv": [86, 38], "uv_size": [-1, -1] },
                "down": { "uv": [86, 38], "uv_size": [-1, -1] }
              }
            },
            {
              "origin": [12.18129, 18.04452, 0.34327],
              "size": [-0.08, -0.08, -0.08],
              "inflate": 0.1,
              "pivot": [11.69129, 17.85452, 0.30327],
              "rotation": [-90, -45, -90],
              "uv": {
                "north": { "uv": [84, 38], "uv_size": [3, 3] },
                "east": { "uv": [84, 40], "uv_size": [1, 1] },
                "south": { "uv": [84, 38], "uv_size": [3, 3] },
                "west": { "uv": [84, 40], "uv_size": [1, 1] },
                "up": { "uv": [85, 41], "uv_size": [-1, -1] },
                "down": { "uv": [85, 41], "uv_size": [-1, -1] }
              }
            },
            {
              "origin": [11.79129, 17.75452, 0.67753],
              "size": [0.1, 0.5, 0.075],
              "pivot": [11.69129, 17.85452, 0.72753],
              "rotation": [-90, -45, -90],
              "uv": {
                "north": { "uv": [85, 37], "uv_size": [1, 1] },
                "east": { "uv": [85, 37], "uv_size": [1, 1] },
                "south": { "uv": [85, 37], "uv_size": [1, 1] },
                "west": { "uv": [85, 37], "uv_size": [1, 1] },
                "up": { "uv": [86, 38], "uv_size": [-1, -1] },
                "down": { "uv": [86, 38], "uv_size": [-1, -1] }
              }
            },
            {
              "origin": [12.50629, 18.34452, 0.31827],
              "size": [-0.08, -0.08, -0.08],
              "inflate": 0.1,
              "pivot": [11.71629, 17.85452, 0.30327],
              "rotation": [-90, -45, -90],
              "uv": {
                "north": { "uv": [84, 38], "uv_size": [3, 3] },
                "east": { "uv": [84, 40], "uv_size": [1, 1] },
                "south": { "uv": [84, 38], "uv_size": [3, 3] },
                "west": { "uv": [84, 40], "uv_size": [1, 1] },
                "up": { "uv": [85, 41], "uv_size": [-1, -1] },
                "down": { "uv": [85, 41], "uv_size": [-1, -1] }
              }
            },
            {
              "origin": [11.79129, 17.75452, 1.10179],
              "size": [0.1, 0.5, 0.075],
              "pivot": [11.69129, 17.85452, 1.15179],
              "rotation": [-90, -45, -90],
              "uv": {
                "north": { "uv": [85, 37], "uv_size": [1, 1] },
                "east": { "uv": [85, 37], "uv_size": [1, 1] },
                "south": { "uv": [85, 37], "uv_size": [1, 1] },
                "west": { "uv": [85, 37], "uv_size": [1, 1] },
                "up": { "uv": [86, 38], "uv_size": [-1, -1] },
                "down": { "uv": [86, 38], "uv_size": [-1, -1] }
              }
            },
            {
              "origin": [12.78129, 18.64452, 0.34327],
              "size": [-0.08, -0.08, -0.08],
              "inflate": 0.1,
              "pivot": [11.69129, 17.85452, 0.30327],
              "rotation": [-90, -45, -90],
              "uv": {
                "north": { "uv": [84, 38], "uv_size": [3, 3] },
                "east": { "uv": [84, 40], "uv_size": [1, 1] },
                "south": { "uv": [84, 38], "uv_size": [3, 3] },
                "west": { "uv": [84, 40], "uv_size": [1, 1] },
                "up": { "uv": [85, 41], "uv_size": [-1, -1] },
                "down": { "uv": [85, 41], "uv_size": [-1, -1] }
              }
            },
            {
              "origin": [11.79129, 17.75452, 1.52606],
              "size": [0.1, 0.5, 0.075],
              "pivot": [11.69129, 17.85452, 1.57606],
              "rotation": [-90, -45, -90],
              "uv": {
                "north": { "uv": [85, 37], "uv_size": [1, 1] },
                "east": { "uv": [85, 37], "uv_size": [1, 1] },
                "south": { "uv": [85, 37], "uv_size": [1, 1] },
                "west": { "uv": [85, 37], "uv_size": [1, 1] },
                "up": { "uv": [86, 38], "uv_size": [-1, -1] },
                "down": { "uv": [86, 38], "uv_size": [-1, -1] }
              }
            },
            {
              "origin": [11.56629, 17.75452, 1.47606],
              "size": [0.1, 0.5, 0.075],
              "pivot": [11.76629, 17.85452, 1.57606],
              "rotation": [-90, 45, -90],
              "uv": {
                "north": { "uv": [85, 37], "uv_size": [1, 1] },
                "east": { "uv": [85, 37], "uv_size": [1, 1] },
                "south": { "uv": [85, 37], "uv_size": [1, 1] },
                "west": { "uv": [85, 37], "uv_size": [1, 1] },
                "up": { "uv": [86, 38], "uv_size": [-1, -1] },
                "down": { "uv": [86, 38], "uv_size": [-1, -1] }
              }
            },
            {
              "origin": [12.50629, 18.94452, 0.31827],
              "size": [-0.08, -0.08, -0.08],
              "inflate": 0.1,
              "pivot": [11.71629, 17.85452, 0.30327],
              "rotation": [-90, -45, -90],
              "uv": {
                "north": { "uv": [84, 38], "uv_size": [3, 3] },
                "east": { "uv": [84, 40], "uv_size": [1, 1] },
                "south": { "uv": [84, 38], "uv_size": [3, 3] },
                "west": { "uv": [84, 40], "uv_size": [1, 1] },
                "up": { "uv": [85, 41], "uv_size": [-1, -1] },
                "down": { "uv": [85, 41], "uv_size": [-1, -1] }
              }
            },
            {
              "origin": [11.56629, 17.75452, 1.05179],
              "size": [0.1, 0.5, 0.075],
              "pivot": [11.76629, 17.85452, 1.15179],
              "rotation": [-90, 45, -90],
              "uv": {
                "north": { "uv": [85, 37], "uv_size": [1, 1] },
                "east": { "uv": [85, 37], "uv_size": [1, 1] },
                "south": { "uv": [85, 37], "uv_size": [1, 1] },
                "west": { "uv": [85, 37], "uv_size": [1, 1] },
                "up": { "uv": [86, 38], "uv_size": [-1, -1] },
                "down": { "uv": [86, 38], "uv_size": [-1, -1] }
              }
            },
            {
              "origin": [12.18129, 18.64452, 0.34327],
              "size": [-0.08, -0.08, -0.08],
              "inflate": 0.1,
              "pivot": [11.69129, 17.85452, 0.30327],
              "rotation": [-90, -45, -90],
              "uv": {
                "north": { "uv": [84, 38], "uv_size": [3, 3] },
                "east": { "uv": [84, 40], "uv_size": [1, 1] },
                "south": { "uv": [84, 38], "uv_size": [3, 3] },
                "west": { "uv": [84, 40], "uv_size": [1, 1] },
                "up": { "uv": [85, 41], "uv_size": [-1, -1] },
                "down": { "uv": [85, 41], "uv_size": [-1, -1] }
              }
            },
            {
              "origin": [11.56629, 17.75452, 0.62753],
              "size": [0.1, 0.5, 0.075],
              "pivot": [11.76629, 17.85452, 0.72753],
              "rotation": [-90, 45, -90],
              "uv": {
                "north": { "uv": [85, 37], "uv_size": [1, 1] },
                "east": { "uv": [85, 37], "uv_size": [1, 1] },
                "south": { "uv": [85, 37], "uv_size": [1, 1] },
                "west": { "uv": [85, 37], "uv_size": [1, 1] },
                "up": { "uv": [86, 38], "uv_size": [-1, -1] },
                "down": { "uv": [86, 38], "uv_size": [-1, -1] }
              }
            },
            {
              "origin": [11.90629, 18.34452, 0.31827],
              "size": [-0.08, -0.08, -0.08],
              "inflate": 0.1,
              "pivot": [11.71629, 17.85452, 0.30327],
              "rotation": [-90, -45, -90],
              "uv": {
                "north": { "uv": [84, 38], "uv_size": [3, 3] },
                "east": { "uv": [84, 40], "uv_size": [1, 1] },
                "south": { "uv": [84, 38], "uv_size": [3, 3] },
                "west": { "uv": [84, 40], "uv_size": [1, 1] },
                "up": { "uv": [85, 41], "uv_size": [-1, -1] },
                "down": { "uv": [85, 41], "uv_size": [-1, -1] }
              }
            }
          ]
        },
        {
          "name": "rightArm",
          "parent": "body",
          "pivot": [-7, 28.5, 2]
        },
        {
          "name": "rightShoulder",
          "parent": "rightArm",
          "pivot": [-8.5, 30.75, 2],
          "rotation": [0, 0, -33.75],
          "cubes": [
            {
              "origin": [-12.5, 25.75, -1],
              "size": [4, 5, 6],
              "uv": {
                "north": { "uv": [78, 31], "uv_size": [-4, 5] },
                "east": { "uv": [84, 31], "uv_size": [-6, 5] },
                "south": { "uv": [88, 31], "uv_size": [-4, 5] },
                "west": { "uv": [74, 31], "uv_size": [-6, 5] },
                "up": { "uv": [78, 25], "uv_size": [-4, 6] },
                "down": { "uv": [82, 31], "uv_size": [-4, -6] }
              }
            },
            {
              "origin": [-8.5, 25.75, -0.95],
              "size": [1, 5, 5.9],
              "pivot": [-8.5, 30.75, 2],
              "rotation": [0, 0, 33.75],
              "uv": {
                "north": { "uv": [21, 82], "uv_size": [-1, 5] },
                "east": { "uv": [27, 82], "uv_size": [-6, 5] },
                "south": { "uv": [28, 82], "uv_size": [-1, 5] },
                "west": { "uv": [20, 82], "uv_size": [-6, 5] },
                "up": { "uv": [21, 76], "uv_size": [-1, 6] },
                "down": { "uv": [22, 82], "uv_size": [-1, -6] }
              }
            }
          ]
        },
        {
          "name": "rightArmA",
          "parent": "rightArm",
          "pivot": [-11.8259, 28.5277, 2],
          "rotation": [0, 0, 16.875],
          "cubes": [
            {
              "origin": [-12.07588, 23.77772, -1.5],
              "size": [6, 5, 7],
              "inflate": -0.25,
              "uv": {
                "north": { "uv": [76, 20], "uv_size": [-6, 5] },
                "east": { "uv": [83, 20], "uv_size": [-7, 5] },
                "south": { "uv": [89, 20], "uv_size": [-6, 5] },
                "west": { "uv": [70, 20], "uv_size": [-7, 5] },
                "up": { "uv": [76, 13], "uv_size": [-6, 7] },
                "down": { "uv": [82, 20], "uv_size": [-6, -7] }
              }
            },
            {
              "origin": [-13.5, 24.75, 0.5],
              "size": [2, 3, 3],
              "uv": {
                "north": { "uv": [5, 59], "uv_size": [-2, 3] },
                "east": { "uv": [8, 59], "uv_size": [-3, 3] },
                "south": { "uv": [10, 59], "uv_size": [-2, 3] },
                "west": { "uv": [3, 59], "uv_size": [-3, 3] },
                "up": { "uv": [5, 56], "uv_size": [-2, 3] },
                "down": { "uv": [7, 59], "uv_size": [-2, -3] }
              }
            }
          ]
        },
        {
          "name": "rightArmB",
          "parent": "rightArmA",
          "pivot": [-9.5, 23.5, 2],
          "rotation": [0, 0, -11.25],
          "cubes": [
            {
              "origin": [-12.5, 19, -1],
              "size": [6, 6, 6],
              "inflate": -0.25,
              "uv": {
                "north": { "uv": [38, 73], "uv_size": [-6, 6] },
                "east": { "uv": [44, 73], "uv_size": [-6, 6] },
                "south": { "uv": [50, 73], "uv_size": [-6, 6] },
                "west": { "uv": [32, 73], "uv_size": [-6, 6] },
                "up": { "uv": [38, 67], "uv_size": [-6, 6] },
                "down": { "uv": [44, 73], "uv_size": [-6, -6] }
              }
            },
            {
              "origin": [-13.75, 21.5, 0.5],
              "size": [2, 3, 3],
              "uv": {
                "north": { "uv": [5, 3], "uv_size": [-2, 3] },
                "east": { "uv": [8, 3], "uv_size": [-3, 3] },
                "south": { "uv": [10, 3], "uv_size": [-2, 3] },
                "west": { "uv": [3, 3], "uv_size": [-3, 3] },
                "up": { "uv": [5, 0], "uv_size": [-2, 3] },
                "down": { "uv": [7, 3], "uv_size": [-2, -3] }
              }
            }
          ]
        },
        {
          "name": "Alpha_rightSleeveA",
          "parent": "rightArmB",
          "pivot": [-10, 21.25, -0.75],
          "rotation": [-22.5, 0, 0],
          "cubes": [
            {
              "origin": [-13, 20.25, -0.75],
              "size": [6, 1, 0],
              "uv": {
                "north": { "uv": [6, 28], "uv_size": [-6, 1] },
                "east": { "uv": [6, 28], "uv_size": [0, 1] },
                "south": { "uv": [12, 28], "uv_size": [-6, 1] },
                "west": { "uv": [0, 28], "uv_size": [0, 1] },
                "up": { "uv": [6, 28], "uv_size": [-6, 0] },
                "down": { "uv": [12, 28], "uv_size": [-6, 0] }
              }
            }
          ]
        },
        {
          "name": "Alpha_rightSleeveB",
          "parent": "rightArmB",
          "pivot": [-6.75, 21.25, -1.5],
          "rotation": [0, 0, -22.5],
          "cubes": [
            {
              "origin": [-6.75, 20.25, -1.5],
              "size": [0, 1, 6],
              "uv": {
                "north": { "uv": [6, 25], "uv_size": [0, 1] },
                "east": { "uv": [12, 25], "uv_size": [-6, 1] },
                "south": { "uv": [12, 25], "uv_size": [0, 1] },
                "west": { "uv": [6, 25], "uv_size": [-6, 1] },
                "up": { "uv": [6, 19], "uv_size": [0, 6] },
                "down": { "uv": [6, 25], "uv_size": [0, -6] }
              }
            }
          ]
        },
        {
          "name": "Alpha_rightSleeveC",
          "parent": "rightArmB",
          "pivot": [-9, 21.25, 4.75],
          "rotation": [22.5, 0, 0],
          "cubes": [
            {
              "origin": [-12, 20.25, 4.75],
              "size": [6, 1, 0],
              "uv": {
                "north": { "uv": [6, 27], "uv_size": [-6, 1] },
                "east": { "uv": [6, 27], "uv_size": [0, 1] },
                "south": { "uv": [12, 27], "uv_size": [-6, 1] },
                "west": { "uv": [0, 27], "uv_size": [0, 1] },
                "up": { "uv": [6, 27], "uv_size": [-6, 0] },
                "down": { "uv": [12, 27], "uv_size": [-6, 0] }
              }
            }
          ]
        },
        {
          "name": "Alpha_rightSleeveD",
          "parent": "rightArmB",
          "pivot": [-12.25, 21.25, 2],
          "rotation": [0, 0, 22.5],
          "cubes": [
            {
              "origin": [-12.25, 20.25, -0.5],
              "size": [0, 1, 6],
              "uv": {
                "north": { "uv": [6, 26], "uv_size": [0, 1] },
                "east": { "uv": [12, 26], "uv_size": [-6, 1] },
                "south": { "uv": [12, 26], "uv_size": [0, 1] },
                "west": { "uv": [6, 26], "uv_size": [-6, 1] },
                "up": { "uv": [6, 20], "uv_size": [0, 6] },
                "down": { "uv": [6, 26], "uv_size": [0, -6] }
              }
            }
          ]
        },
        {
          "name": "rightHand",
          "parent": "rightArmB",
          "pivot": [-10, 19, 2],
          "cubes": [
            {
              "origin": [-13, 17, -1.5],
              "size": [7, 2, 7],
              "inflate": 0.25,
              "uv": {
                "north": { "uv": [78, 57], "uv_size": [-7, 2] },
                "east": { "uv": [85, 57], "uv_size": [-7, 2] },
                "south": { "uv": [92, 57], "uv_size": [-7, 2] },
                "west": { "uv": [71, 57], "uv_size": [-7, 2] },
                "up": { "uv": [78, 50], "uv_size": [-7, 7] },
                "down": { "uv": [85, 57], "uv_size": [-7, -7] }
              }
            },
            {
              "origin": [-12.5, 14, -1],
              "size": [3, 3, 6],
              "inflate": -0.25,
              "uv": {
                "north": { "uv": [25, 62], "uv_size": [-3, 3] },
                "east": { "uv": [31, 62], "uv_size": [-6, 3] },
                "south": { "uv": [34, 62], "uv_size": [-3, 3] },
                "west": { "uv": [22, 62], "uv_size": [-6, 3] },
                "up": { "uv": [25, 56], "uv_size": [-3, 6] },
                "down": { "uv": [28, 62], "uv_size": [-3, -6] }
              }
            },
            {
              "origin": [-9.75, 15.25, -0.75],
              "size": [3, 2, 3],
              "uv": {
                "north": { "uv": [50, 70], "uv_size": [-3, 2] },
                "east": { "uv": [53, 70], "uv_size": [-3, 2] },
                "south": { "uv": [56, 70], "uv_size": [-3, 2] },
                "west": { "uv": [47, 70], "uv_size": [-3, 2] },
                "up": { "uv": [50, 67], "uv_size": [-3, 3] },
                "down": { "uv": [53, 70], "uv_size": [-3, -3] }
              }
            }
          ]
        },
        {
          "name": "rightThumb",
          "parent": "rightHand",
          "pivot": [-7.5, 15.25, -0.5],
          "rotation": [0, 0, 5.625],
          "cubes": [
            {
              "origin": [-8.5, 14, -1.75],
              "size": [2, 2, 2],
              "uv": {
                "north": { "uv": [60, 30], "uv_size": [-2, 2] },
                "east": { "uv": [62, 30], "uv_size": [-2, 2] },
                "south": { "uv": [64, 30], "uv_size": [-2, 2] },
                "west": { "uv": [58, 30], "uv_size": [-2, 2] },
                "up": { "uv": [60, 28], "uv_size": [-2, 2] },
                "down": { "uv": [62, 30], "uv_size": [-2, -2] }
              }
            }
          ]
        },
        {
          "name": "rightThumb_A",
          "parent": "rightThumb",
          "pivot": [-7.5, 13.75, -1],
          "rotation": [67.5, 0, 0],
          "cubes": [
            {
              "origin": [-8.5, 11.46194, -1.44134],
              "size": [2, 3, 2],
              "uv": {
                "north": { "uv": [4, 47], "uv_size": [-2, 3] },
                "east": { "uv": [6, 47], "uv_size": [-2, 3] },
                "south": { "uv": [8, 47], "uv_size": [-2, 3] },
                "west": { "uv": [2, 47], "uv_size": [-2, 3] },
                "up": { "uv": [4, 45], "uv_size": [-2, 2] },
                "down": { "uv": [6, 47], "uv_size": [-2, -2] }
              }
            }
          ]
        },
        {
          "name": "rightDigA",
          "parent": "rightHand",
          "pivot": [-11.25, 14.5, 0],
          "rotation": [0, 0, -22.5],
          "cubes": [
            {
              "origin": [-12.67388, 12.88268, -1],
              "size": [2, 2, 2],
              "uv": {
                "north": { "uv": [4, 8], "uv_size": [-2, 2] },
                "east": { "uv": [6, 8], "uv_size": [-2, 2] },
                "south": { "uv": [8, 8], "uv_size": [-2, 2] },
                "west": { "uv": [2, 8], "uv_size": [-2, 2] },
                "up": { "uv": [4, 6], "uv_size": [-2, 2] },
                "down": { "uv": [6, 8], "uv_size": [-2, -2] }
              }
            }
          ]
        },
        {
          "name": "rightDigA_A",
          "parent": "rightDigA",
          "pivot": [-11.92388, 13.13268, 0],
          "rotation": [0, 0, -78.75],
          "cubes": [
            {
              "origin": [-13.32153, 9.59352, -1],
              "size": [2, 4, 2],
              "uv": {
                "north": { "uv": [4, 41], "uv_size": [-2, 4] },
                "east": { "uv": [6, 41], "uv_size": [-2, 4] },
                "south": { "uv": [8, 41], "uv_size": [-2, 4] },
                "west": { "uv": [2, 41], "uv_size": [-2, 4] },
                "up": { "uv": [4, 39], "uv_size": [-2, 2] },
                "down": { "uv": [6, 41], "uv_size": [-2, -2] }
              }
            }
          ]
        },
        {
          "name": "rightDigB",
          "parent": "rightHand",
          "pivot": [-11.25, 14.5, 2],
          "rotation": [0, 0, -22.5],
          "cubes": [
            {
              "origin": [-12.67388, 12.88268, 1],
              "size": [2, 2, 2],
              "uv": {
                "north": { "uv": [4, 8], "uv_size": [-2, 2] },
                "east": { "uv": [6, 8], "uv_size": [-2, 2] },
                "south": { "uv": [8, 8], "uv_size": [-2, 2] },
                "west": { "uv": [2, 8], "uv_size": [-2, 2] },
                "up": { "uv": [4, 6], "uv_size": [-2, 2] },
                "down": { "uv": [6, 8], "uv_size": [-2, -2] }
              }
            }
          ]
        },
        {
          "name": "rightDigB_A",
          "parent": "rightDigB",
          "pivot": [-11.92388, 13.13268, 2],
          "rotation": [0, 0, -78.75],
          "cubes": [
            {
              "origin": [-13.32153, 9.59352, 1],
              "size": [2, 4, 2],
              "uv": {
                "north": { "uv": [4, 41], "uv_size": [-2, 4] },
                "east": { "uv": [6, 41], "uv_size": [-2, 4] },
                "south": { "uv": [8, 41], "uv_size": [-2, 4] },
                "west": { "uv": [2, 41], "uv_size": [-2, 4] },
                "up": { "uv": [4, 39], "uv_size": [-2, 2] },
                "down": { "uv": [6, 41], "uv_size": [-2, -2] }
              }
            }
          ]
        },
        {
          "name": "rightDigC",
          "parent": "rightHand",
          "pivot": [-11.25, 14.5, 4],
          "rotation": [0, 0, -22.5],
          "cubes": [
            {
              "origin": [-12.67388, 12.88268, 3],
              "size": [2, 2, 2],
              "uv": {
                "north": { "uv": [4, 8], "uv_size": [-2, 2] },
                "east": { "uv": [6, 8], "uv_size": [-2, 2] },
                "south": { "uv": [8, 8], "uv_size": [-2, 2] },
                "west": { "uv": [2, 8], "uv_size": [-2, 2] },
                "up": { "uv": [4, 6], "uv_size": [-2, 2] },
                "down": { "uv": [6, 8], "uv_size": [-2, -2] }
              }
            }
          ]
        },
        {
          "name": "rightDigC_A",
          "parent": "rightDigC",
          "pivot": [-11.92388, 13.13268, 4],
          "rotation": [0, 0, -78.75],
          "cubes": [
            {
              "origin": [-13.32153, 9.59352, 3],
              "size": [2, 4, 2],
              "uv": {
                "north": { "uv": [4, 41], "uv_size": [-2, 4] },
                "east": { "uv": [6, 41], "uv_size": [-2, 4] },
                "south": { "uv": [8, 41], "uv_size": [-2, 4] },
                "west": { "uv": [2, 41], "uv_size": [-2, 4] },
                "up": { "uv": [4, 39], "uv_size": [-2, 2] },
                "down": { "uv": [6, 41], "uv_size": [-2, -2] }
              }
            }
          ]
        },
        {
          "name": "smoke",
          "parent": "rightHand",
          "pivot": [-10.20833, 18.05, 2.5],
          "cubes": [
            {
              "origin": [-10.75, 17, 2],
              "size": [1, 1, 1],
              "pivot": [-10.18424, 18.04345, 2.5],
              "rotation": [0, 0, 180],
              "uv": {
                "north": { "uv": [88, 38], "uv_size": [1, 1] },
                "east": { "uv": [88, 38], "uv_size": [1, 1] },
                "south": { "uv": [88, 38], "uv_size": [1, 1] },
                "west": { "uv": [88, 38], "uv_size": [1, 1] },
                "up": { "uv": [89, 39], "uv_size": [-1, -1] },
                "down": { "uv": [89, 39], "uv_size": [-1, -1] }
              }
            },
            {
              "origin": [-10.5, 18, 2.25],
              "size": [0.5, 0.25, 0.5],
              "pivot": [-10.18424, 18.04345, 2.5],
              "rotation": [0, 0, 180],
              "uv": {
                "north": { "uv": [88, 38], "uv_size": [1, 1] },
                "east": { "uv": [88, 38], "uv_size": [1, 1] },
                "south": { "uv": [88, 38], "uv_size": [1, 1] },
                "west": { "uv": [88, 38], "uv_size": [1, 1] },
                "up": { "uv": [89, 39], "uv_size": [-1, -1] },
                "down": { "uv": [89, 39], "uv_size": [-1, -1] }
              }
            },
            {
              "origin": [-10.29491, 18.06941, 2.5],
              "size": [0.75, 0.75, 0],
              "pivot": [-10.18424, 18.04345, 2.5],
              "rotation": [0, 0, 162.5],
              "uv": {
                "east": { "uv": [88, 38], "uv_size": [1, 1] },
                "south": { "uv": [90, 43], "uv_size": [4, 3] },
                "west": { "uv": [88, 38], "uv_size": [1, 1] },
                "up": { "uv": [89, 39], "uv_size": [-1, -1] },
                "down": { "uv": [89, 39], "uv_size": [-1, -1] }
              }
            }
          ]
        },
        {
          "name": "pocketwatch",
          "parent": "rightArmB",
          "pivot": [-9.41105, 23.23914, 1.06818],
          "cubes": [
            {
              "origin": [-10.05706, 19.22109, 0.87591],
              "size": [1.26, 1.26, 0.36],
              "pivot": [-9.41083, 21.60638, 1.06818],
              "rotation": [90, 84.375, 84.375],
              "uv": {
                "north": { "uv": [88, 29], "uv_size": [9, 9] },
                "east": { "uv": [85, 39], "uv_size": [1, 1] },
                "south": { "uv": [85, 39], "uv_size": [1, 1] },
                "west": { "uv": [85, 39], "uv_size": [1, 1] },
                "up": { "uv": [86, 40], "uv_size": [-1, -1] },
                "down": { "uv": [86, 40], "uv_size": [-1, -1] }
              }
            },
            {
              "origin": [-9.90706, 22.49109, 0.96591],
              "size": [0.78, 0.18, 0.18],
              "pivot": [-9.41083, 21.60638, 1.06818],
              "rotation": [90, 84.375, 84.375],
              "uv": {
                "north": { "uv": [85, 39], "uv_size": [1, 1] },
                "east": { "uv": [85, 39], "uv_size": [1, 1] },
                "south": { "uv": [85, 39], "uv_size": [1, 1] },
                "west": { "uv": [85, 39], "uv_size": [1, 1] },
                "up": { "uv": [86, 40], "uv_size": [-1, -1] },
                "down": { "uv": [86, 40], "uv_size": [-1, -1] }
              }
            },
            {
              "origin": [-11.25554, 21.11015, 0.96591],
              "size": [0.78, 0.18, 0.18],
              "pivot": [-9.41083, 21.60638, 1.06818],
              "rotation": [90, -5.625, 84.375],
              "uv": {
                "north": { "uv": [85, 39], "uv_size": [1, 1] },
                "east": { "uv": [85, 39], "uv_size": [1, 1] },
                "south": { "uv": [85, 39], "uv_size": [1, 1] },
                "west": { "uv": [85, 39], "uv_size": [1, 1] },
                "up": { "uv": [86, 40], "uv_size": [-1, -1] },
                "down": { "uv": [86, 40], "uv_size": [-1, -1] }
              }
            },
            {
              "origin": [-9.72706, 23.27109, 0.96591],
              "size": [0.78, 0.18, 0.18],
              "pivot": [-9.41083, 21.60638, 1.06818],
              "rotation": [90, 84.375, 84.375],
              "uv": {
                "north": { "uv": [85, 39], "uv_size": [1, 1] },
                "east": { "uv": [85, 39], "uv_size": [1, 1] },
                "south": { "uv": [85, 39], "uv_size": [1, 1] },
                "west": { "uv": [85, 39], "uv_size": [1, 1] },
                "up": { "uv": [86, 40], "uv_size": [-1, -1] },
                "down": { "uv": [86, 40], "uv_size": [-1, -1] }
              }
            },
            {
              "origin": [-11.07554, 21.89015, 0.96591],
              "size": [0.78, 0.18, 0.18],
              "pivot": [-9.41083, 21.60638, 1.06818],
              "rotation": [90, -5.625, 84.375],
              "uv": {
                "north": { "uv": [85, 39], "uv_size": [1, 1] },
                "east": { "uv": [85, 39], "uv_size": [1, 1] },
                "south": { "uv": [85, 39], "uv_size": [1, 1] },
                "west": { "uv": [85, 39], "uv_size": [1, 1] },
                "up": { "uv": [86, 40], "uv_size": [-1, -1] },
                "down": { "uv": [86, 40], "uv_size": [-1, -1] }
              }
            },
            {
              "origin": [-9.61109, 21.92109, 1.0701],
              "size": [0.36, 0.72, 0],
              "pivot": [-9.41083, 21.60638, 1.06818],
              "rotation": [8.29447, 47.19977, 0.48054],
              "uv": {
                "north": { "uv": [85, 38], "uv_size": [1, 2] },
                "east": { "uv": [85, 39], "uv_size": [1, 1] },
                "west": { "uv": [85, 39], "uv_size": [1, 1] },
                "up": { "uv": [86, 40], "uv_size": [-1, -1] },
                "down": { "uv": [86, 40], "uv_size": [-1, -1] }
              }
            },
            {
              "origin": [-9.61109, 20.84109, 1.0701],
              "size": [0.36, 0.72, 0],
              "pivot": [-9.41083, 21.60638, 1.06818],
              "rotation": [8.29447, 47.19977, 0.48054],
              "uv": {
                "north": { "uv": [85, 38], "uv_size": [1, 2] },
                "east": { "uv": [85, 39], "uv_size": [1, 1] },
                "west": { "uv": [85, 39], "uv_size": [1, 1] },
                "up": { "uv": [86, 40], "uv_size": [-1, -1] },
                "down": { "uv": [86, 40], "uv_size": [-1, -1] }
              }
            },
            {
              "origin": [-9.58891, 21.38109, 1.08844],
              "size": [0.36, 0.72, 0],
              "pivot": [-9.41083, 21.60638, 1.06818],
              "rotation": [7.60898, -42.2477, -10.75732],
              "uv": {
                "north": { "uv": [85, 38], "uv_size": [1, 2] },
                "east": { "uv": [85, 39], "uv_size": [1, 1] },
                "west": { "uv": [85, 39], "uv_size": [1, 1] },
                "up": { "uv": [86, 40], "uv_size": [-1, -1] },
                "down": { "uv": [86, 40], "uv_size": [-1, -1] }
              }
            },
            {
              "origin": [-9.58891, 20.48109, 1.08844],
              "size": [0.36, 0.72, 0],
              "pivot": [-9.41083, 21.60638, 1.06818],
              "rotation": [7.60898, -42.2477, -10.75732],
              "uv": {
                "north": { "uv": [85, 38], "uv_size": [1, 2] },
                "east": { "uv": [85, 39], "uv_size": [1, 1] },
                "west": { "uv": [85, 39], "uv_size": [1, 1] },
                "up": { "uv": [86, 40], "uv_size": [-1, -1] },
                "down": { "uv": [86, 40], "uv_size": [-1, -1] }
              }
            },
            {
              "origin": [-9.96706, 19.31109, 1.23591],
              "size": [1.08, 1.08, 0.18],
              "pivot": [-9.41083, 21.60638, 1.06818],
              "rotation": [90, 84.375, 84.375],
              "uv": {
                "north": { "uv": [85, 39], "uv_size": [1, 1] },
                "east": { "uv": [85, 39], "uv_size": [1, 1] },
                "south": { "uv": [85, 39], "uv_size": [1, 1] },
                "west": { "uv": [85, 39], "uv_size": [1, 1] },
                "up": { "uv": [86, 40], "uv_size": [-1, -1] },
                "down": { "uv": [86, 40], "uv_size": [-1, -1] }
              }
            }
          ]
        },
        {
          "name": "bone",
          "parent": "pocketwatch",
          "pivot": [-9.43095, 19.85208, 0.92091],
          "cubes": [
            {
              "origin": [-8.17602, 20.36136, 0.83091],
              "size": [0.09, 0.585, 0.18],
              "pivot": [-9.41083, 21.60638, 1.06818],
              "rotation": [90, 36.875, 84.375],
              "uv": {
                "north": { "uv": [82, 38], "uv_size": [1, 1] },
                "east": { "uv": [82, 38], "uv_size": [1, 1] },
                "south": { "uv": [82, 38], "uv_size": [1, 1] },
                "west": { "uv": [82, 38], "uv_size": [1, 1] },
                "up": { "uv": [83, 39], "uv_size": [-1, -1] },
                "down": { "uv": [83, 39], "uv_size": [-1, -1] }
              }
            }
          ]
        },
        {
          "name": "leftLeg",
          "parent": "full",
          "pivot": [3.25, 17.25, 2]
        },
        {
          "name": "leftLegA",
          "parent": "leftLeg",
          "pivot": [4.5, 17.75, 2],
          "rotation": [0, 0, -5.625],
          "cubes": [
            {
              "origin": [-1.25, 6.75, -3.95],
              "size": [3, 9.5, 10],
              "uv": {
                "north": { "uv": [10, 66], "uv_size": [3, 9] },
                "east": { "uv": [3, 66], "uv_size": [10, 9] },
                "south": { "uv": [23, 66], "uv_size": [3, 9] },
                "west": { "uv": [13, 66], "uv_size": [10, 9] },
                "up": { "uv": [10, 68], "uv_size": [2, 2] },
                "down": { "uv": [13, 66], "uv_size": [3, -10] }
              }
            },
            {
              "origin": [-0.25, 15.75, -2.5],
              "size": [8, 5, 9],
              "uv": {
                "north": { "uv": [9, 50], "uv_size": [8, 6] },
                "east": { "uv": [0, 50], "uv_size": [9, 6] },
                "south": { "uv": [26, 50], "uv_size": [8, 6] },
                "west": { "uv": [17, 50], "uv_size": [9, 6] },
                "up": { "uv": [9, 41], "uv_size": [8, 9] },
                "down": { "uv": [17, 50], "uv_size": [8, -9] }
              }
            },
            {
              "origin": [0.25, 6.25, -4.75],
              "size": [9, 10, 12],
              "uv": {
                "north": { "uv": [12, 29], "uv_size": [9, 10] },
                "east": { "uv": [0, 29], "uv_size": [12, 10] },
                "south": { "uv": [33, 29], "uv_size": [9, 10] },
                "west": { "uv": [21, 29], "uv_size": [12, 10] },
                "up": { "uv": [12, 17], "uv_size": [9, 12] },
                "down": { "uv": [21, 29], "uv_size": [9, -12] }
              }
            }
          ]
        },
        {
          "name": "leftLegB",
          "parent": "leftLegA",
          "pivot": [5, 6, 2],
          "rotation": [0, 0, 5.625],
          "cubes": [
            {
              "origin": [1.25, 3.75, -2.5],
              "size": [7, 5, 8],
              "uv": {
                "north": { "uv": [58, 8], "uv_size": [7, 5] },
                "east": { "uv": [50, 8], "uv_size": [8, 5] },
                "south": { "uv": [73, 8], "uv_size": [7, 5] },
                "west": { "uv": [65, 8], "uv_size": [8, 5] },
                "up": { "uv": [58, 0], "uv_size": [7, 8] },
                "down": { "uv": [65, 8], "uv_size": [7, -8] }
              }
            },
            {
              "origin": [2.25, 0.75, -0.5],
              "size": [5, 3, 5],
              "uv": {
                "north": { "uv": [77, 5], "uv_size": [5, 3] },
                "east": { "uv": [72, 5], "uv_size": [5, 3] },
                "south": { "uv": [87, 5], "uv_size": [5, 3] },
                "west": { "uv": [82, 5], "uv_size": [5, 3] },
                "up": { "uv": [77, 0], "uv_size": [5, 5] },
                "down": { "uv": [82, 5], "uv_size": [5, -5] }
              }
            },
            {
              "origin": [2.25, 0.25, -5.5],
              "size": [5, 2, 5],
              "inflate": 0.25,
              "uv": {
                "north": { "uv": [5, 80], "uv_size": [5, 2] },
                "east": { "uv": [0, 80], "uv_size": [5, 2] },
                "south": { "uv": [15, 80], "uv_size": [5, 2] },
                "west": { "uv": [10, 80], "uv_size": [5, 2] },
                "up": { "uv": [5, 75], "uv_size": [5, 5] },
                "down": { "uv": [10, 80], "uv_size": [5, -5] }
              }
            },
            {
              "origin": [2.25, 0.25, 0],
              "size": [5, 1, 5],
              "inflate": 0.25,
              "uv": {
                "north": { "uv": [73, 41], "uv_size": [5, 1] },
                "east": { "uv": [68, 41], "uv_size": [5, 1] },
                "south": { "uv": [83, 41], "uv_size": [5, 1] },
                "west": { "uv": [78, 41], "uv_size": [5, 1] },
                "up": { "uv": [73, 36], "uv_size": [5, 5] },
                "down": { "uv": [78, 41], "uv_size": [5, -5] }
              }
            }
          ]
        },
        {
          "name": "leftShoe_tip",
          "parent": "leftLegB",
          "pivot": [4.75, 2.5, -5.75],
          "rotation": [-22.5, 0, 0],
          "cubes": [
            {
              "origin": [2.25, 2.75, -5.5],
              "size": [5, 1, 4],
              "inflate": 0.25,
              "uv": {
                "north": { "uv": [60, 82], "uv_size": [5, 1] },
                "east": { "uv": [56, 82], "uv_size": [4, 1] },
                "south": { "uv": [69, 82], "uv_size": [5, 1] },
                "west": { "uv": [65, 82], "uv_size": [4, 1] },
                "up": { "uv": [60, 78], "uv_size": [5, 4] },
                "down": { "uv": [65, 82], "uv_size": [5, -4] }
              }
            }
          ]
        },
        {
          "name": "rightLeg",
          "parent": "full",
          "pivot": [-3.25, 17.25, 2]
        },
        {
          "name": "rightLegA",
          "parent": "rightLeg",
          "pivot": [-4.5, 17.75, 2],
          "rotation": [0, 0, 5.625],
          "cubes": [
            {
              "origin": [-7.75, 15.75, -2.5],
              "size": [8, 5, 9],
              "uv": {
                "north": { "uv": [17, 50], "uv_size": [-8, 6] },
                "east": { "uv": [26, 50], "uv_size": [-9, 6] },
                "south": { "uv": [34, 50], "uv_size": [-8, 6] },
                "west": { "uv": [9, 50], "uv_size": [-9, 6] },
                "up": { "uv": [17, 41], "uv_size": [-8, 9] },
                "down": { "uv": [25, 50], "uv_size": [-8, -9] }
              }
            },
            {
              "origin": [-1.75, 6.75, -4],
              "size": [3, 9.5, 10],
              "uv": {
                "north": { "uv": [10, 66], "uv_size": [3, 9] },
                "east": { "uv": [0, 66], "uv_size": [10, 9] },
                "south": { "uv": [23, 66], "uv_size": [3, 9] },
                "west": { "uv": [10, 66], "uv_size": [10, 9] },
                "up": { "uv": [10, 68], "uv_size": [2, 2] },
                "down": { "uv": [13, 66], "uv_size": [3, -10] }
              }
            },
            {
              "origin": [-9.25, 6.25, -4.75],
              "size": [9, 10, 12],
              "uv": {
                "north": { "uv": [21, 29], "uv_size": [-9, 10] },
                "east": { "uv": [33, 29], "uv_size": [-12, 10] },
                "south": { "uv": [42, 29], "uv_size": [-9, 10] },
                "west": { "uv": [12, 29], "uv_size": [-12, 10] },
                "up": { "uv": [21, 17], "uv_size": [-9, 12] },
                "down": { "uv": [30, 29], "uv_size": [-9, -12] }
              }
            }
          ]
        },
        {
          "name": "rightLegB",
          "parent": "rightLegA",
          "pivot": [-5, 6, 2],
          "rotation": [0, 0, -5.625],
          "cubes": [
            {
              "origin": [-8.25, 3.75, -2.5],
              "size": [7, 5, 8],
              "uv": {
                "north": { "uv": [65, 8], "uv_size": [-7, 5] },
                "east": { "uv": [73, 8], "uv_size": [-8, 5] },
                "south": { "uv": [80, 8], "uv_size": [-7, 5] },
                "west": { "uv": [58, 8], "uv_size": [-8, 5] },
                "up": { "uv": [65, 0], "uv_size": [-7, 8] },
                "down": { "uv": [72, 8], "uv_size": [-7, -8] }
              }
            },
            {
              "origin": [-7.25, 0.75, -0.5],
              "size": [5, 3, 5],
              "uv": {
                "north": { "uv": [82, 5], "uv_size": [-5, 3] },
                "east": { "uv": [87, 5], "uv_size": [-5, 3] },
                "south": { "uv": [92, 5], "uv_size": [-5, 3] },
                "west": { "uv": [77, 5], "uv_size": [-5, 3] },
                "up": { "uv": [82, 0], "uv_size": [-5, 5] },
                "down": { "uv": [87, 5], "uv_size": [-5, -5] }
              }
            },
            {
              "origin": [-7.25, 0.25, -5.5],
              "size": [5, 2, 5],
              "inflate": 0.25,
              "uv": {
                "north": { "uv": [10, 80], "uv_size": [-5, 2] },
                "east": { "uv": [15, 80], "uv_size": [-5, 2] },
                "south": { "uv": [20, 80], "uv_size": [-5, 2] },
                "west": { "uv": [5, 80], "uv_size": [-5, 2] },
                "up": { "uv": [10, 75], "uv_size": [-5, 5] },
                "down": { "uv": [15, 80], "uv_size": [-5, -5] }
              }
            },
            {
              "origin": [-7.25, 0.25, 0],
              "size": [5, 1, 5],
              "inflate": 0.25,
              "uv": {
                "north": { "uv": [78, 41], "uv_size": [-5, 1] },
                "east": { "uv": [83, 41], "uv_size": [-5, 1] },
                "south": { "uv": [88, 41], "uv_size": [-5, 1] },
                "west": { "uv": [73, 41], "uv_size": [-5, 1] },
                "up": { "uv": [78, 36], "uv_size": [-5, 5] },
                "down": { "uv": [83, 41], "uv_size": [-5, -5] }
              }
            }
          ]
        },
        {
          "name": "rightShoe_tip",
          "parent": "rightLegB",
          "pivot": [-4.75, 2.5, -5.75],
          "rotation": [-22.5, 0, 0],
          "cubes": [
            {
              "origin": [-7.25, 2.75, -5.5],
              "size": [5, 1, 4],
              "inflate": 0.25,
              "uv": {
                "north": { "uv": [65, 82], "uv_size": [-5, 1] },
                "east": { "uv": [69, 82], "uv_size": [-4, 1] },
                "south": { "uv": [74, 82], "uv_size": [-5, 1] },
                "west": { "uv": [60, 82], "uv_size": [-4, 1] },
                "up": { "uv": [65, 78], "uv_size": [-5, 4] },
                "down": { "uv": [70, 82], "uv_size": [-5, -4] }
              }
            }
          ]
        }
      ]
    }
  ]
}
