{
  "format_version": "1.10.0",
  "minecraft:client_entity": {
    "description": {
      "identifier": "blockception:azmuth",
      "materials": { "default": "entity", "alpha": "entity_alphatest" },
      "textures": { "default": "textures/entity/npc/azmuth" },
      "render_controllers": ["controller.render.default"],
      "geometry": { "default": "geometry.azmuth" },
      "animations": {
        "base_pose": "animation.azmuth.base_pose",
        "lookat": "animation.common.look_at_target",
        "idle": "animation.azmuth.breathe",
        "walk_start": "animation.azmuth.walk_start",
        "walk": "animation.azmuth.walk",
        "walk_end": "animation.azmuth.walk_end",
        "talking": "animation.azmuth.talking",

        "typing_start": "animation.azmuth.typing_start",
        "typing_loop": "animation.azmuth.typing_loop",
        "typing_end": "animation.azmuth.typing_end",

        "controller.basic": "controller.animation.basic",
        "controller.walk": "controller.animation.walk_complex",
        "controller.emote": "controller.animation.azmuth.emote"
      },
      "scripts": {
        "animate": ["controller.basic", "controller.walk", "controller.emote"]
      },
      "spawn_egg": {
        "base_color": "#00FF00",
        "overlay_color": "#000000"
      }
    }
  }
}
