{
  "format_version": "1.10.0",
  "minecraft:client_entity": {
    "description": {
      "identifier": "blockception:billy_billions",
      "materials": { "default": "entity", "alpha": "entity_alphatest" },
      "textures": { "default": "textures/entity/villains/billy/billy" },
      "render_controllers": ["controller.render.default"],
      "geometry": { "default": "geometry.billy" },
      "animations": {
        "base_pose": "animation.empty.pose",
        "lookat": "animation.common.look_at_target",
        "idle": "animation.billy.breathing",
        "walk": "animation.billy.walking",
        "talking": "animation.billy.talking",

        "intro": "animation.billy.intro",
        "crying": "animation.billy.crying",
        "defeat": "animation.billy.defeat",
        "laugh": "animation.billy.laugh",
        "pointing": "animation.billy.pointing",

        "controller.basic": "controller.animation.basic",
        "controller.walk": "controller.animation.walk",
        "controller.emote": "controller.animation.billy.emote"
      },
      "scripts": {
        "animate": ["controller.basic", "controller.walk", "controller.emote"]
      },
      "spawn_egg": {
        "base_color": "#00FF00",
        "overlay_color": "#000000"
      }
    }
  }
}
