{
  "format_version": "1.10.0",
  "minecraft:client_entity": {
    "description": {
      "identifier": "blockception:dr_animo",
      "materials": { "default": "entity", "alpha": "entity_alphatest", "trans": "entity_alphablend" },
      "render_controllers": ["controller.render.default.translucant"],
      "textures": { "default": "textures/entity/villains/animo" },
      "geometry": { "default": "geometry.animo" },
      "animations": {
        "base_pose": "animation.empty.pose",
        "hurt": "animation.animo.hurt",
        "idle": "animation.animo.breathe",
        "jump": "animation.animo.jump",
        "lookat": "animation.common.look_at_target",
        "run": "animation.animo.run",
        "talking": "animation.animo.talk",
        "walk": "animation.animo.walk",

        "attack_1": "animation.animo.attack_1",
        "attack_2": "animation.animo.attack_2",
        "attack_3": "animation.animo.attack_3",

        "shouting": "animation.animo.shouting",
        "dna": "animation.animo.dna",
        "world_gesture": "animation.animo.world_gesture",
        "death": "animation.animo.death",
        "point": "animation.animo.point",

        "controller.attack": "controller.animation.dranimo.attack",
        "controller.emote": "controller.animation.dranimo.emote",
        "controller.basic": "controller.animation.basic",
        "controller.walk": "controller.animation.walk_run",
        "controller.jump": "controller.animation.jump",
        "controller.hurt": "controller.animation.hurt"
      },
      "scripts": {
        "initialize": ["variable.run_speed = 0.8;"],
        "animate": ["controller.attack", "controller.emote", "controller.basic", "controller.walk", "controller.jump", "controller.hurt"]
      },
      "spawn_egg": {
        "base_color": "#00FF00",
        "overlay_color": "#000000"
      },
      "sound_effects": {
        //Dr Animo
        "da-1attack": "da-1attack",
        "da-2attack": "da-2attack",
        "da-3attack": "da-3attack",
        "da-ahurt": "da-ahurt",
        "da-death": "da-death",
        "da-dna": "da-dna",
        "da-point": "da-point",
        "da-world": "da-world"
      }
    }
  }
}
