{
  "format_version": "1.10.0",
  "minecraft:client_entity": {
    "description": {
      "identifier": "blockception:forever_knight",
      "materials": { "default": "entity", "alpha": "entity_alphatest", "trans": "entity_alphablend" },
      "render_controllers": ["controller.render.boss_default.translucant"],
      "textures": { "default": "textures/entity/villains/forever_knight" },
      "geometry": { "default": "geometry.forever_knight" },

      "animations": {
        "base_pose": "animation.empty.pose",
        "lookat": "animation.common.look_at_target",
        "idle": "animation.empty.s1",
        "breathe": "animation.forever_knight.breathe",
        "hurt": "animation.forever_knight.hurt",

        "run": "animation.forever_knight.run",
        "walk": "animation.forever_knight.walking",

        "arms_crossed": "animation.forever_knight.arms_crossed",
        "curling_fingers": "animation.forever_knight.curling_fingers",
        "fist_pump": "animation.forever_knight.fist_pump",

        "lasso_attack": "animation.forever_knight.lasso_attack",
        "leaning_on_shield": "animation.forever_knight.leaning_on_shield",
        "melee_attack": "animation.forever_knight.melee_attack",
        "pointing_at_floor": "animation.forever_knight.pointing_at_floor",
        "shield_bounce": "animation.forever_knight.shield_bounce",
        "shield_standing": "animation.forever_knight.shield_standing",
        "shield_walking": "animation.forever_knight.shield_walking",

        "yield": "animation.forever_knight.yield",
        "yield_breathing": "animation.forever_knight.yield_breathing",
        "death": "animation.forever_knight.death",

        "controller.basic": "controller.animation.forever_knight.basic",
        "controller.walk": "controller.animation.walk_run",

        "controller.emote": "controller.animation.forever_knight.emote",
        "controller.attack": "controller.animation.forever_knight.attack",
        "controller.shield": "controller.animation.forever_knight.shield",
        "controller.correction": "controller.animation.forever_knight.correction"
      },

      "scripts": {
        "initialize": ["variable.run_speed = 0.8;"],
        "animate": [
          //Disable walking and breathing when yielding
          { "controller.walk": "query.variant < 7" },
          "controller.basic",
          "controller.emote",
          "controller.attack",
          "controller.shield",
          "controller.correction"
        ]
      },
      "spawn_egg": {
        "base_color": "#00FF00",
        "overlay_color": "#000000"
      },
      "sound_effects": {
        "fk-ahurt": "fk-ahurt",
        "fk-alasso": "fk-alasso",
        "fk-melee": "fk-melee",
        "fk-shield": "fk-shield",
        "fk-shieldbounce": "fk-shieldbounce"
      }
    }
  }
}
