{
  "format_version": "1.10.0",
  "minecraft:client_entity": {
    "description": {
      "identifier": "blockception:hex",
      "materials": { "default": "entity", "alpha": "entity_alphatest" },
      "textures": { "default": "textures/entity/villains/hex/hex" },
      "geometry": { "default": "geometry.hex" },
      "render_controllers": ["controller.render.default"],

      "animations": {
        "angry_shouting": "animation.hex.angry_shouting",
        "base_pose": "animation.empty.pose",
        "lookat": "animation.common.look_at_target",

        "book_chant_loop": "animation.hex.book_chant_loop",
        "book_pointing_at_ben": "animation.hex.book_pointing_at_ben",
        "book_pointing_at_loop": "animation.hex.book_pointing_at_loop",
        "idle": "animation.hex.breathe",
        "defeat": "animation.hex.defeat",
        "hurt": "animation.hex.hurt",
        "introduction": "animation.hex.introduction",
        "run": "animation.hex.run",
        "spell_casting_loop": "animation.hex.spell_casting_loop",
        "walk": "animation.hex.run",

        "particles.anim": "animation.default.interest",

        "controller.basic": "controller.animation.basic",
        "controller.walk": "controller.animation.walk_run",
        "controller.emote": "controller.animation.hex.emote"
      },
      "scripts": {
        "initialize": ["variable.run_speed = 0.8;"],
        "animate": ["controller.basic", "controller.walk", "controller.emote", { "particles.anim": "query.variant != 3" }]
      },
      "particle_effects": { "interest": "blockception:spell_large" },
      "spawn_egg": {
        "base_color": "#00FF00",
        "overlay_color": "#000000"
      },
      "sound_effects": {
        "hx-achant": "hx-achant",
        "hx-adeath": "hx-adeath",
        "hx-cast": "hx-cast",
        "hx-intro": "hx-intro"
      }
    }
  }
}
