{
  "format_version": "1.10.0",
  "minecraft:client_entity": {
    "description": {
      "identifier": "blockception:hex_crystal",
      "materials": { "default": "entity", "alpha": "entity_alphatest" },
      "textures": { "default": "textures/entity/villains/hex/crystals" },
      "geometry": { "default": "geometry.diamondhead_crystal" },
      "animations": {
        "break.anim": "animation.diamondhead_crystal.destroyed",
        "particles.anim": "animation.default.interest"
      },
      "scripts": { "animate": [{ "break.anim": "query.is_sheared" }, { "particles.anim": "!query.is_sheared" }] },
      "render_controllers": ["controller.render.default"],
      "sound_effects": { "break": "crystal_break" },
      "particle_effects": { "interest": "blockception:spell_small" },
      "spawn_egg": {
        "base_color": "#00FF00",
        "overlay_color": "#000000"
      }
    }
  }
}
