{
  "format_version": "1.10.0",
  "minecraft:client_entity": {
    "description": {
      "identifier": "blockception:hex_book",
      "materials": { "default": "entity", "alpha": "entity_alphatest" },
      "textures": { "default": "textures/entity/villains/hex/hex_book" },
      "render_controllers": ["controller.render.default"],
      "geometry": { "default": "geometry.hex_book" },
      "animations": {
        "default": "animation.hex_book"
      },
      "scripts": {
        "animate": ["default"]
      },
      "spawn_egg": {
        "base_color": "#00FF00",
        "overlay_color": "#000000"
      }
    }
  }
}
