{
  "format_version": "1.10.0",
  "minecraft:client_entity": {
    "description": {
      "identifier": "blockception:kevin_levin",
      "materials": { "default": "entity", "alpha": "entity_alphatest" },
      "textures": { "default": "textures/entity/npc/kevin" },
      "render_controllers": ["controller.render.default"],
      "geometry": { "default": "geometry.kevin" },
      "animations": {
        "base_pose": "animation.empty.pose",
        "lookat": "animation.common.look_at_target",
        "breathe": "animation.default.breathe",

        "stance_start": "animation.kevin.intro1",
        "stance_loop": "animation.kevin.intro1_idle",
        "me_start": "animation.kevin.intro2",
        "me_loop": "animation.kevin.intro2_idle",
        "you_start": "animation.kevin.intro3",
        "you_loop": "animation.kevin.intro3_idle",
        "careless_start": "animation.kevin.intro4",
        "careless_loop": "animation.kevin.intro4_idle",
        "strong_start": "animation.kevin.intro5",
        "strong_loop": "animation.kevin.intro5_idle",
        "defeat_start": "animation.kevin.defeat1",
        "defeat_start2": "animation.kevin.defeat2",
        "defeat_start3": "animation.kevin.defeat3",
        "defeat_idle": "animation.kevin.defeat3_idle",
        "defeat_shake": "animation.kevin.defeat3_shake",

        "controller.basic": "controller.animation.basic",
        "controller.emote": "controller.animation.kevin.emote"
      },
      "scripts": {
        "animate": ["controller.basic", "controller.emote"]
      },
      "spawn_egg": {
        "base_color": "#00FF00",
        "overlay_color": "#000000"
      }
    }
  }
}
