{
  "format_version": "1.10.0",
  "minecraft:client_entity": {
    "description": {
      "identifier": "blockception:kevin_1",
      "materials": { "default": "entity_alphatest", "alpha": "entity_alphatest" },
      "textures": { "default": "textures/entity/villains/quadsmack" },
      "render_controllers": ["controller.render.default"],
      "geometry": { "default": "geometry.quadsmack" },
      "animations": {
        "lookat": "animation.common.look_at_target",
        "idle": "animation.fourarms.breathe",
        "base_pose": "animation.empty.pose",
        "fourarms.scale": "animation.fourarms.scale",

        "jump_start": "animation.fourarms.jump_start",
        "jump": "animation.fourarms.jump_mid",
        "jump_end": "animation.fourarms.jump_end",
        "walk": "animation.fourarms.walk2",
        "run_start": "animation.fourarms.run_start",
        "run": "animation.fourarms.run_loop",
        "run_end": "animation.fourarms.run_end",
        "melee2": "animation.fourarms.seismic_clap",
        "melee1": "animation.fourarms.rock_throw",

        "controller.walk": "controller.animation.walk_run",
        "controller.jump": "controller.animation.jump_complex",
        "controller.attack": "controller.animation.steam_mech.attack_melee"
      },
      "scripts": {
        "initialize": [
          "variable.is_first_person=0;",
          "variable.run_speed = 0.8;",
          "variable.quadsmack_left_render = 1.0;",
          "variable.quadsmack_right_render = 1.0;"
        ],
        "animate": ["controller.walk", "controller.jump", "controller.attack", "fourarms.scale"]
      },
      "spawn_egg": {
        "base_color": "#00FF00",
        "overlay_color": "#000000"
      },
      "sound_effects": {
        "qs-throw": "qs-throw",
        "qs-clap": "qs-clap",
        "qs-jump": "qs-jump",
        "qs-pickup": "qs-pickup",

        "fa-seismic": "fa-seismic",
        "fa-pickup": "fa-pickup",
        "fa-smash": "fa-smash",
        "fa-smash1": "fa-smash",
        "fa-throw": "fa-throw",
        "fa-running": "fa-running",
        "fa-land": "fa-land",
        "fa-attack": "fa-attack"
      }
    }
  }
}
