{
  "format_version": "1.10.0",
  "minecraft:client_entity": {
    "description": {
      "identifier": "blockception:kevin_2",
      "materials": { "default": "entity_alphatest", "alpha": "entity_alphatest" },
      "textures": { "default": "textures/entity/villains/crystalfist" },
      "render_controllers": ["controller.render.default"],
      "geometry": { "default": "geometry.crystalfist" },
      "animations": {
        "diamondhead.scale": "animation.diamondhead.scale",
        "diamondhead.breathe": "animation.diamondhead.breathe",
        "diamondhead.base_pose": "animation.diamondhead.base_pose",
        "diamondhead.walk": "animation.diamondhead.walk2",
        "diamondhead.run": "animation.diamondhead.sprint2",
        "diamondhead.swim": "animation.diamondhead.swim2",
        "diamondhead.fall_start": "animation.diamondhead.fall1",
        "diamondhead.fall_mid": "animation.diamondhead.fall2",
        "diamondhead.fall_end": "animation.diamondhead.fall3",
        "diamondhead.jump_start": "animation.diamondhead.jump1",
        "diamondhead.jump_mid": "animation.diamondhead.jump2",
        "diamondhead.jump_end": "animation.diamondhead.jump3",
        "diamondhead.punch_full": "animation.diamondhead.attack_full",
        "diamondhead.attack_moving": "animation.diamondhead.attack_moving",
        "diamondhead.sneak": "animation.diamondhead.sneak1",
        "diamondhead.sneak_pose": "animation.diamondhead.sneak_pose",
        "diamondhead.sneak_move": "animation.diamondhead.sneak2",
        "diamondhead.spike_summon": "animation.diamondhead.spike_summon",
        "diamondhead.spike_throw": "animation.diamondhead.spike_throw",

        "diamondhead.controller.move": "controller.animation.diamondhead.move",
        "diamondhead.controller.attack": "controller.animation.kevin_2.attack",

        "lookat": "animation.common.look_at_target"
      },
      "scripts": {
        "initialize": ["variable.is_first_person=0;", "variable.crystalfist_right_render = 1.0;", "variable.crystalfist_left_render = 1.0;"],
        "animate": ["diamondhead.controller.move", "diamondhead.controller.attack", "diamondhead.scale"]
      },
      "spawn_egg": {
        "base_color": "#00FF00",
        "overlay_color": "#000000"
      },
      "sound_effects": {
        "cf-attack": "cf-attack",
        "cf-dart": "cf-dart",
        "cf-spike": "cf-spike",

        "dh-spike": "dh-spike",
        "dh-dart": "dh-dart",
        "dh-jump": "dh-jump",
        "dh-attack": "dh-attack"
      }
    }
  }
}
