{
  "format_version": "1.10.0",
  "minecraft:client_entity": {
    "description": {
      "identifier": "blockception:policecar",
      "geometry": { "default": "geometry.police_car" },
      "materials": { "default": "entity", "alpha": "entity_alphatest" },
      "textures": { "default": "textures/entity/vehicles/policecar" },
      "render_controllers": ["controller.render.default"],

      "animations": {
        "wheels": "animation.car.wheels",
        "steer_wheel": "animation.car.steer_wheel"
      },

      "scripts": {
        "animate": ["wheels", "steer_wheel"]
      },
      "spawn_egg": {
        "base_color": "#00FF00",
        "overlay_color": "#000000"
      }
    }
  }
}
