{
  "format_version": "1.10.0",
  "minecraft:client_entity": {
    "description": {
      "identifier": "blockception:steam_smythe",
      "geometry": { "default": "geometry.steam_smythe" },
      "materials": { "default": "entity", "alpha": "entity_alphatest" },
      "textures": { "default": "textures/entity/villains/steam/smythe" },
      "render_controllers": ["controller.render.default"],

      "animations": {
        "base_pose": "animation.empty.pose",
        "idle": "animation.steam_smythe.breathe",
        "idle.breathe.mad": "animation.steam_smythe.mad",
        "lookat": "animation.common.look_at_target",

        "walk": "animation.steam_smythe.walk",
        "run": "animation.steam_smythe.run",
        "hurt": "animation.steam_smythe.hurt",
        "jump": "animation.steam_smythe.jump",
        "melee": "animation.steam_smythe.melee",
        "talking": "animation.steam_smythe.talking",

        "explaingin.start": "animation.steam_smythe.angry_explaining_start",
        "explaingin.loop": "animation.steam_smythe.angry_explaining_loop",
        "tantrum": "animation.steam_smythe.tantrum",
        "giving_up": "animation.steam_smythe.giving_up",

        "controller.basic": "controller.animation.basic",
        "controller.walk": "controller.animation.walk_run",
        "controller.attack": "controller.animation.attack_melee",
        "controller.hurt": "controller.animation.hurt",
        "controller.emote": "controller.animation.steam_smythe.emote"
      },

      "scripts": {
        "initialize": ["variable.run_speed = 0.8;"],
        "animate": ["controller.emote", "controller.basic", "controller.walk", "controller.attack", "controller.hurt"]
      },
      "spawn_egg": {
        "base_color": "#00FF00",
        "overlay_color": "#000000"
      },
      "sound_effects": {
        "ss-ahurt": "ss-ahurt",
        "ss-melee": "ss-melee"
      }
    }
  }
}
