{
  "format_version": "1.10.0",
  "minecraft:client_entity": {
    "description": {
      "identifier": "blockception:twins",
      "materials": { "default": "entity", "alpha": "entity_alphatest" },
      "textures": { "default": "textures/entity/villains/twins" },
      "render_controllers": ["controller.render.default"],
      "geometry": { "default": "geometry.twins" },
      "animations": {
        "base_pose": "animation.empty.pose",
        "lookat": "animation.empty.s1",
        "idle": "animation.empty.s1",

        "talking": "animation.twins.both_talking",
        "polar_talking": "animation.twins.polar_talking",
        "solar_talking": "animation.twins.solar_talking",
        "talking_eachother": "animation.twins.turned_to_eachother",
        "pointing_player": "animation.twins.pointing_player",
        "pointing_eachother": "animation.twins.pointing_eachother",

        //Variant 0
        "breathe": "animation.twins.breathe",
        //Variant 1
        "bickering": "animation.twins.angry_bickering",
        //Variant 2
        "laughing": "animation.twins.laughing",
        //Variant 3
        "flying_away": "animation.twins.flying_away",

        //"controller.basic": "controller.animation.basic",
        "controller.breathe": "controller.animation.twins.breathing",
        "controller.emote": "controller.animation.twins.emotes"
      },
      "scripts": {
        "animate": ["controller.emote", "controller.breathe"]
      },
      "spawn_egg": {
        "base_color": "#00FF00",
        "overlay_color": "#000000"
      }
    }
  }
}
