{
  "format_version": "1.10.0",
  "minecraft:client_entity": {
    "description": {
      "identifier": "blockception:vilgax",
      "materials": { "default": "entity", "alpha": "entity_alphatest" },
      "textures": { "default": "textures/entity/villains/vilgax" },
      "geometry": { "default": "geometry.vilgax" },
      "render_controllers": ["controller.render.boss_default"],
      "animations": {
        "base_pose": "animation.empty.pose",
        "lookat": "animation.common.look_at_target",
        "idle": "animation.empty.s1",
        "breathe": "animation.vilgax.breathe",
        "run": "animation.vilgax.run",
        "walk": "animation.vilgax.walk",
        "talking": "animation.vilgax.talking",

        "hurt": "animation.vilgax.hurt",

        "jump_start": "animation.vilgax.jump_start",
        "jump": "animation.vilgax.jump",
        "jump_end": "animation.vilgax.jump_end",
        "fall": "animation.vilgax.fall_loop",

        //Variant 1
        "melee1": "animation.vilgax.ground_slam",
        "melee2": "animation.vilgax.leg_kick",
        "melee3": "animation.vilgax.punch",

        //Variant 2
        "laser_attack_end": "animation.vilgax.laser_attack_end",
        "laser_attack_full": "animation.vilgax.laser_attack_full",
        "laser_attack_loop": "animation.vilgax.laser_attack_loop",
        "laser_attack_starting": "animation.vilgax.laser_attack_start",

        //Variant 3
        "rock_throw": "animation.vilgax.rock_throw",

        //Variant 4
        "tired": "animation.vilgax.tired",

        //Variant 5
        "suck_start": "animation.vilgax.sucked_into_portal",
        "suck_loop": "animation.vilgax.portal_loop",

        //Variant 6
        "talking_expressive": "animation.vilgax.talking_expressive",

        //Variant 7
        "point": "animation.vilgax.point",

        "controller.basic": "controller.animation.basic",
        "controller.jump": "controller.animation.jump_complex",
        "controller.hurt": "controller.animation.vilgax.hurt",
        "controller.attack": "controller.animation.vilgax.attack",
        "controller.walk": "controller.animation.walk_run"
      },

      "scripts": {
        "initialize": ["variable.run_speed = 0.8;"],
        "animate": [
          { "controller.basic": "query.variant != 5" },
          { "controller.jump": "query.variant != 5" },
          { "controller.hurt": "query.variant != 5" },
          "controller.attack",
          { "controller.walk": "query.variant != 5" }
        ]
      },
      "spawn_egg": {
        "base_color": "#00FF00",
        "overlay_color": "#000000"
      },
      "sound_effects": {
        "vg-kick": "vg-kick",
        "vg-laser": "vg-laser",
        "vg-punch": "vg-punch",
        "vg-slam": "vg-slam",
        "vg-throw": "vg-throw"
      }
    }
  }
}
