{
  "format_version": "1.10.0",
  "minecraft:client_entity": {
    "description": {
      "identifier": "blockception:vilgax_thrown_debris",
      "materials": { "default": "entity", "alpha": "entity_alphatest" },
      "textures": { "default": "textures/blocks/cobblestone_mossy" },
      "geometry": { "default": "geometry.debris" },
      "render_controllers": ["controller.render.default"],
      "spawn_egg": {
        "base_color": "#00FF00",
        "overlay_color": "#000000"
      }
    }
  }
}
