{
  "format_version": "1.10.0",
  "minecraft:client_entity": {
    "description": {
      "identifier": "blockception:zombozo",
      "materials": { "default": "entity", "alpha": "entity_alphatest" },
      "textures": { "default": "textures/entity/villains/zombozo/zombozo" },
      "geometry": { "default": "geometry.zombozo" },

      "animations": {
        "idle": "animation.zombozo.breathe",
        "base_pose": "animation.empty.pose",
        "talking": "animation.zombozo.talking",
        "lookat": "animation.common.look_at_target",

        "tired": "animation.zombozo.tired",
        "point": "animation.zombozo.point",
        "jump": "animation.zombozo.jump",
        "jump_end": "animation.zombozo.jump_end",
        "jump_start": "animation.zombozo.jump_start",
        "falling": "animation.zombozo.falling",
        "laugh": "animation.zombozo.laugh",
        "walk": "animation.zombozo.walk",
        "run": "animation.zombozo.run",
        "hurt": "animation.zombozo.hurt",
        "hurt_2": "animation.zombozo.hurt_2",
        "death": "animation.zombozo.death",
        "melee_attack": "animation.zombozo.melee_attack",
        "pocket_watch": "animation.zombozo.pocket_watch",

        "smoke": "animation.zombozo.smoke",
        "throw": "animation.zombozo.throw",

        "controller.walk": "controller.animation.walk_run",
        "controller.hurt": "controller.animation.zombozo.damage",
        "controller.attack": "controller.animation.zombozo.attack",
        "controller.jump": "controller.animation.jump_complex",
        "controller.basic": "controller.animation.basic"
      },
      "scripts": {
        "initialize": ["variable.run_speed = 0.8;"],
        "animate": [
          //Stop the basic controller when fainted
          { "controller.basic": "!query.is_tamed" },
          "controller.walk",
          "controller.hurt",
          "controller.jump",
          "controller.attack"
        ]
      },

      "render_controllers": ["controller.render.boss_default"],
      "spawn_egg": {
        "base_color": "#00FF00",
        "overlay_color": "#000000"
      },
      "sound_effects": {
        "zb-fist": "zb-fist",
        "zb-smoke": "zb-smoke",
        "zb-watch": "zb-watch"
      }
    }
  }
}
