{
  "format_version": "1.10.0",
  "minecraft:client_entity": {
    "description": {
      "identifier": "blockception:zombozo_bowlingpin",
      "materials": { "default": "entity", "alpha": "entity_alphatest" },
      "textures": { "default": "textures/entity/villains/zombozo/bowlingpin" },
      "render_controllers": ["controller.render.default"],
      "geometry": { "default": "geometry.zombozo_bowlingpin" },
      "animations": {
        "bowling": "animation.zombozo.bowlingpin"
      },
      "scripts": {
        "animate": ["bowling"]
      },
      "spawn_egg": {
        "base_color": "#00FF00",
        "overlay_color": "#000000"
      }
    }
  }
}
