{
  "format_version": "1.10.0",
  "minecraft:client_entity": {
    "description": {
      "identifier": "util:pointer",
      "materials": { "default": "entity_alphatest" },
      "textures": { "default": "textures/entity/util/pointer" },
      "geometry": { "default": "geometry.pointer" },
      "scripts": { "animate": ["base_pose", "hide.controller"] },
      "animations": {
        "base_pose": "animation.pointer.default_pose",
        "hide": "animation.pointer.hide",
        "hide.controller": "controller.animation.pointer.hide"
      },
      "render_controllers": ["controller.render.pointer"],
      "spawn_egg": { "base_color": "#288483", "overlay_color": "#2B7135" }
    }
  }
}
