{
  "format_version": "1.10.0",
  "minecraft:client_entity": {
    "description": {
      "identifier": "blockception:crystalfist_spikes_kevin",
      "materials": { "default": "entity", "alpha": "entity_alphatest" },
      "textures": { "default": "textures/entity/aliens/diamondhead/crystalfist_crystals" },
      "geometry": { "default": "geometry.diamondhead_crystal" },
      "animations": {
        "base_controller": "controller.animation.diamondhead.crystal",
        "spawn.anim": "animation.diamondhead_crystal.spawn",
        "death.anim": "animation.diamondhead_crystal.death"
      },
      "scripts": { "animate": [{ "base_controller": "query.is_on_ground" }] },
      "render_controllers": ["controller.render.default"],
      "spawn_egg": {
        "base_color": "#00FF00",
        "overlay_color": "#000000"
      }
    }
  }
}
