{
  "format_version": "1.10.0",
  "minecraft:client_entity": {
    "description": {
      "identifier": "blockception:diamondhead_dart",
      "materials": { "default": "entity", "alpha": "entity_alphatest" },
      "textures": { "default": "textures/entity/aliens/diamondhead/dart" },
      "geometry": { "default": "geometry.diamondhead_dart" },
      "animations": {
        "base_pose.anim": "animation.diamondhead_dart.direction",
        "scale.anim": "animation.diamondhead_dart.scale",
        "move.anim": "animation.diamondhead_dart.move"
      },
      "scripts": { "animate": ["base_pose.anim", "scale.anim", { "move.anim": "query.is_moving" }] },
      "render_controllers": ["controller.render.default"],
      "spawn_egg": {
        "base_color": "#00FF00",
        "overlay_color": "#000000"
      }
    }
  }
}
