{
  "format_version": "1.10.0",
  "minecraft:client_entity": {
    "description": {
      "identifier": "blockception:gax_lasers",
      "materials": { "default": "entity", "alpha": "entity_alphatest" },
      "textures": { "default": "textures/entity/aliens/gax/laser" },
      "geometry": { "default": "geometry.jetray_laser" },
      "animations": { "base_pose.anim": "animation.jetray_laser.direction" },
      "scripts": { "animate": ["base_pose.anim"] },
      "render_controllers": ["controller.render.default"],
      "spawn_egg": {
        "base_color": "#00FF00",
        "overlay_color": "#000000"
      }
    }
  }
}
