{
  "format_version": "1.10.0",
  "minecraft:client_entity": {
    "description": {
      "identifier": "blockception:heatblast_flamethrower",
      "materials": { "default": "entity", "alpha": "entity_alphatest" },
      "textures": { "default": "textures/entity/aliens/dummy" },
      "geometry": { "default": "geometry.dummy" },
      "particle_effects": { "flamethrower": "blockception:heatblast_flamethrower" },
      "animations": { "base_pose.anim": "animation.dummy.direction", "flame.anim": "animation.dummy.flamethrower" },
      "scripts": { "animate": ["base_pose.anim", { "flame.anim": "query.life_time > 0.17" }] },
      "render_controllers": ["controller.render.default"],
      "spawn_egg": {
        "base_color": "#00FF00",
        "overlay_color": "#000000"
      }
    }
  }
}
