{
  "format_version": "1.10.0",
  "minecraft:client_entity": {
    "description": {
      "identifier": "blockception:humungousaur_laser",
      "materials": { "default": "entity", "alpha": "entity_alphatest" },
      "textures": { "default": "textures/entity/aliens/fourarms/seismic_clap" },
      "geometry": { "default": "geometry.seismic_clap" },
      "animations": { "base_pose.anim": "animation.humungousaur_laser.direction", "scale.anim": "animation.humungousaur_laser.scale" },
      "scripts": { "animate": ["base_pose.anim", "scale.anim"] },
      "render_controllers": ["controller.render.default"],
      "spawn_egg": {
        "base_color": "#00FF00",
        "overlay_color": "#000000"
      }
    }
  }
}
