{
  "format_version": "1.10.0",
  "minecraft:client_entity": {
    "description": {
      "identifier": "blockception:rath_obstacle",
      "materials": { "default": "entity", "alpha": "entity_alphatest" },
      "textures": {
        "cloth": "textures/entity/aliens/rath/material_cloth",
        "vines": "textures/entity/aliens/rath/material_vines",
        "web": "textures/entity/aliens/rath/material_web"
      },
      "geometry": {
        "cloth": "geometry.rath_material_cloth",
        "vines": "geometry.rath_material_vines",
        "web": "geometry.rath_material_web"
      },
      "scripts": {
        "animate": [
          { "cloth.destroy": "query.variant > 0 && query.skin_id == 0" },
          { "vines.destroy": "query.variant > 0 && query.skin_id == 1" },
          { "web.destroy": "query.variant > 0 && query.skin_id == 2" }
        ]
      },
      "animations": {
        "cloth.destroy": "animation.rath_material_cloth.destroy",
        "vines.destroy": "animation.rath_material_vines.destroy",
        "web.destroy": "animation.rath_material_web.destroy"
      },
      "render_controllers": ["controller.render.rath_obstacle"],
      "spawn_egg": {
        "base_color": "#00FF00",
        "overlay_color": "#000000"
      }
    }
  }
}
