{
  "format_version": "1.10.0",
  "minecraft:client_entity": {
    "description": {
      "identifier": "blockception:rath_climb",
      "materials": { "default": "entity", "alpha": "entity_alphatest" },
      "animations": {
        "pose": "animation.brick.pose"
      },
      "textures": {
        "brick": "textures/entity/aliens/rath/climbpoint_brick",
        "debris": "textures/entity/aliens/rath/climbpoint_stone"
      },
      "geometry": {
        "brick": "geometry.rath_climbpoint_loosebrick",
        "debris": "geometry.rath_climbpoint_debris"
      },
      "render_controllers": ["controller.render.rath_climbpoint"],
      "spawn_egg": {
        "base_color": "#00FF00",
        "overlay_color": "#000000"
      },
      "scripts": {
        "initialize": [
          "variable.rotx = math.random(-15, -15);",
          "variable.roty = math.random(-15, -15);",
          "variable.rotz = math.random(-15, -15);",
          "variable.posx = math.random(-7, -7);",
          "variable.posy = math.random(-7, -7);"
        ],
        "animate": ["pose"]
      }
    }
  }
}
