{
  "format_version": "1.10.0",
  "minecraft:client_entity": {
    "description": {
      "identifier": "blockception:seismic_clap",
      "materials": { "default": "entity", "alpha": "entity_alphatest" },
      "textures": { "default": "textures/entity/aliens/fourarms/seismic_clap" },
      "geometry": { "default": "geometry.seismic_clap" },
      "scripts": { "animate": ["basic.controller", "direction.anim"] },
      "animations": {
        "basic.controller": "controller.animation.seismic_clap.basic",
        "direction.anim": "animation.seismic_clap.direction",
        "start.anim": "animation.seismic_clap.start",
        "move.anim": "animation.seismic_clap.move",
        "destroy.anim": "animation.seismic_clap.destroy"
      },
      "render_controllers": ["controller.render.default"],
      "spawn_egg": {
        "base_color": "#00FF00",
        "overlay_color": "#000000"
      }
    }
  }
}
