{
  "format_version": "1.10.0",
  "minecraft:client_entity": {
    "description": {
      "identifier": "blockception:shockrock_bluemerang",
      "materials": { "default": "entity", "alpha": "entity_alphatest" },
      "textures": { "default": "textures/entity/aliens/shockrock/bluemerang" },
      "geometry": { "default": "geometry.shockrock_bluemerang" },
      "animations": { "base_pose.anim": "animation.shockrock_bluemerang.direction", "move.anim": "animation.bluemerang.move" },
      "scripts": { "animate": ["base_pose.anim", "move.anim"] },
      "render_controllers": ["controller.render.default"],
      "spawn_egg": {
        "base_color": "#00FF00",
        "overlay_color": "#000000"
      }
    }
  }
}
