{
  "format_version": "1.10.0",
  "minecraft:client_entity": {
    "description": {
      "identifier": "blockception:shockrock_chargebox",
      "materials": { "default": "entity", "alpha": "entity_alphatest", "animated": "uv_loop_anim" },
      "textures": {
        "uncharged": "textures/entity/aliens/shockrock/electric_box/off",
        "charged": "textures/entity/aliens/shockrock/electric_box/on"
      },
      "animations": { "charged.anim": "animation.electric_box.charged", "spark.anim": "animation.electric_box.spark" },
      "scripts": { "initialize": ["variable.fps = 12;", "variable.max_frames = 8;"], "animate": [{ "charged.anim": "query.variant == 1" }, { "spark.anim": "query.is_sheared" }] },
      "geometry": { "uncharged": "geometry.electric_box_off", "charged": "geometry.electric_box_on" },
      "particle_effects": { "spark": "blockception:electric_spark" },
      "render_controllers": ["controller.render.charge_box"],
      "spawn_egg": {
        "base_color": "#00FF00",
        "overlay_color": "#000000"
      }
    }
  }
}
