{
  "format_version": "1.10.0",
  "minecraft:client_entity": {
    "description": {
      "identifier": "blockception:slapback_thrown",
      "materials": { "default": "entity", "alpha": "entity_alphatest" },
      "textures": { "default": "textures/entity/aliens/slapback/slapback" },
      "geometry": { "default": "geometry.slapback" },
      "scripts": {
        "animate": ["move.anim", "direction.anim"]
      },
      "animations": {
        "move.anim": "animation.slapback.fall_mid",
        "direction.anim": "animation.slapback.direction"
      },
      "render_controllers": ["controller.render.default"],
      "spawn_egg": {
        "base_color": "#00FF00",
        "overlay_color": "#000000"
      }
    }
  }
}
