{
  "format_version": "1.10.0",
  "minecraft:client_entity": {
    "description": {
      "identifier": "blockception:slapback_duplicate",
      "materials": { "default": "entity_alphatest", "alpha": "entity_alphatest" },
      "textures": { "default": "textures/entity/aliens/slapback/slapback" },
      "geometry": { "default": "geometry.slapback" },
      "animations": {
        "base_pose": "animation.slapback.base_pose",
        "look_at_target": "animation.slapback.look_at_target",

        "slapback.breathe": "animation.slapback.breathe",
        "slapback.base_pose": "animation.slapback.base_pose",
        "slapback.walk": "animation.slapback.walk",
        "slapback.run": "animation.slapback.run",
        "slapback.swim": "animation.slapback.swim",
        "slapback.fall_start": "animation.slapback.fall_start",
        "slapback.fall_mid": "animation.slapback.fall_mid",
        "slapback.fall_end": "animation.slapback.fall_end",
        "slapback.landing": "animation.slapback.landing",
        "slapback.jump_start": "animation.slapback.jump_start",
        "slapback.jump_mid": "animation.slapback.jump_mid",
        "slapback.jump_end": "animation.slapback.jump_end",
        "slapback.punch_full": "animation.slapback.punch_full",
        "slapback.punch_moving": "animation.slapback.punch_moving",
        "slapback.punch_combo": "animation.slapback.punch_combo",
        "slapback.sneak": "animation.slapback.sneak",
        "slapback.sneak_pose": "animation.slapback.sneak_pose",
        "slapback.sneak_move": "animation.slapback.sneak_move",
        "slapback.pickup": "animation.slapback.clone_pickup",
        "slapback.pickup_arms": "animation.slapback.clone_pickup_arms",
        "slapback.drop": "animation.slapback.clone_drop",
        "slapback.throw": "animation.slapback.clone_throw",
        "slapback.merge": "animation.slapback.merge",
        "slapback.split": "animation.slapback.split",
        "slapback.direct": "animation.slapback.direct",
        "slapback.riding": "animation.slapback.riding",

        "open_door": "animation.slapback.open_door",

        "controller.move": "controller.animation.slapback.move",
        "controller.arms": "controller.animation.slapback.arms"
      },
      "scripts": {
        "initialize": ["variable.slapback_picked_up = 0;", "variable.is_first_person = 0.0;"],
        "animate": ["controller.move", "controller.arms", { "slapback.riding": "query.is_riding" }]
      },
      "sound_effects": {
        "sb-attack": "sb-attack",
        "sb-direct": "sb-direct",
        "sb-jump": "sb-jump",
        "sb-drop": "sb-drop",
        "sb-fall": "sb-fall",
        "sb-land": "sb-land",
        "sb-throw": "sb-throw",
        "sb-pickup": "sb-pickup",

        "omnitrix-ui-select": "omnitrix-ui-select"
      },

      "render_controllers": ["controller.render.default"],
      "spawn_egg": {
        "base_color": "#00FF00",
        "overlay_color": "#000000"
      }
    }
  }
}
