{
  "format_version": "1.10.0",
  "minecraft:client_entity": {
    "description": {
      "identifier": "blockception:thrown_debris",
      "materials": { "default": "entity", "alpha": "entity_alphatest" },
      "textures": { "default": "textures/blocks/cobblestone" },
      "geometry": { "default": "geometry.debris" },
      "render_controllers": ["controller.render.default"],
      "animations": {
        "move_thrown.anim": "animation.debris.move",
        "move_thrown2.anim": "animation.debris.move2"
      },
      "scripts": {
        "animate": [{ "move_thrown.anim": "!query.is_riding" }, { "move_thrown2.anim": "!query.is_riding" }]
      },
      "spawn_egg": {
        "base_color": "#00FF00",
        "overlay_color": "#000000"
      }
    }
  }
}
