{
  "format_version": "1.10.0",
  "minecraft:client_entity": {
    "description": {
      "identifier": "blockception:tornado_thrown",
      "materials": { "default": "entity", "alpha": "entity_alphatest" },
      "textures": { "default": "textures/entity/aliens/xlr8/xlr8_tornado" },
      "geometry": { "default": "geometry.xlr8_tornado" },
      "scripts": { "animate": ["base_pose.anim"] },
      "animations": { "base_pose.anim": "animation.xlr8.tornado" },
      "render_controllers": ["controller.render.default"],
      "spawn_egg": {
        "base_color": "#00FF00",
        "overlay_color": "#000000"
      }
    }
  }
}
