{
  "format_version": "1.8.0",
  "minecraft:spawn_rules": {
    "description": {
      "identifier": "blockception:dog",
      "population_control": "monster"
    },
    "conditions": [
      {
        "minecraft:herd": { "min_size": 2, "max_size": 3 },
        "minecraft:weight": { "default": 10 },
        "minecraft:spawns_on_surface": {},
        "minecraft:difficulty_filter": {
          "min": "easy",
          "max": "hard"
        },
        "minecraft:brightness_filter": {
          "min": 7,
          "max": 15,
          "adjust_for_weather": false
        },

        "minecraft:biome_filter": [
          { "test": "has_biome_tag", "operator": "==", "value": "plains" },
          { "test": "has_biome_tag", "operator": "==", "value": "forest" },
          { "test": "has_biome_tag", "operator": "==", "value": "taiga" }
        ]
      },
      {
        "minecraft:spawns_on_surface": {},
        "minecraft:herd": { "min_size": 3, "max_size": 6 },
        "minecraft:weight": { "default": 10 },
        "minecraft:spawns_on_block_filter": [
          "minecraft:concrete",
          "minecraft:stonebrick",
          "minecraft:stone_slab",
          "minecraft:stone_slab4",
          "minecraft:double_stone_slab"
        ]
      }
    ]
  }
}
