{
  "format_version": "1.8.0",
  "minecraft:spawn_rules": {
    "description": { "identifier": "blockception:iron_golem", "population_control": "monster" },
    "conditions": [
      {
        "minecraft:herd": { "min_size": 1, "max_size": 3 },
        "minecraft:weight": { "default": 10 },
        "minecraft:spawns_underground": {},
        "minecraft:difficulty_filter": {
          "min": "easy",
          "max": "hard"
        },
        "minecraft:brightness_filter": {
          "min": 0,
          "max": 7,
          "adjust_for_weather": false
        }
      }
    ]
  }
}
