{
  "format_version": "1.8.0",
  "minecraft:spawn_rules": {
    "description": {
      "identifier": "blockception:steam_mech",
      "population_control": "monster"
    },
    "conditions": [
      {
        "minecraft:spawns_on_surface": {},
        "minecraft:herd": { "min_size": 2, "max_size": 4 },
        "minecraft:weight": { "default": 10 },
        "minecraft:difficulty_filter": {
          "min": "easy",
          "max": "hard"
        },
        "minecraft:spawns_on_block_filter": [
          "minecraft:concrete",
          "minecraft:stonebrick",
          "minecraft:stone_slab",
          "minecraft:stone_slab4",
          "minecraft:double_stone_slab"
        ]
      }
    ]
  }
}
