{
  "format_version": "1.8.0",
  "minecraft:spawn_rules": {
    "description": {
      "identifier": "blockception:vilgax_drone",
      "population_control": "animal"
    },
    "conditions": [
      {
        "minecraft:herd": { "min_size": 3, "max_size": 5 },
        "minecraft:weight": { "default": 10 },
        "minecraft:spawns_on_surface": {},
        "minecraft:difficulty_filter": {
          "min": "easy",
          "max": "hard"
        },
        "minecraft:brightness_filter": { "min": 0, "max": 15, "adjust_for_weather": false },
        "minecraft:biome_filter": [
          { "test": "has_biome_tag", "operator": "==", "value": "mesa" },
          { "test": "has_biome_tag", "operator": "==", "value": "desert" },
          { "test": "has_biome_tag", "operator": "==", "value": "plateau" }
        ]
      }
    ]
  }
}
