{
	"namespace": "debug_screen",

	"access_button@common_buttons.light_content_button": {
		"$pressed_button_name": "button.access",
		"size": [ 20, 20 ],
		"offset": [ 20, 20 ],
		"anchor_to": "bottom_right",
		"anchor_from": "bottom_right",
		"bindings": [
			{ "binding_name": "#access_screen_visible",
				"binding_name_override": "#visible" }
		]
	},

	"credits": {
		"type": "label",
		"text": "§l§7Ben 10 Reboot §r\n§lCriador: §l§eRHzRAFAEL",
		"shadow": true,
		"font_size": "small",
		"anchor_from": "bottom_right",
		"anchor_to": "bottom_right",
		"alpha": 1,
		"color": [ 1, 1, 1 ]
	},

	"special_render": {
		"type": "custom",
		"renderer": "debug_screen_renderer"
	},

	"content_panel": {
		"type": "panel",
		"clips_children": false,
		"size": [ "100%", "100%" ],
		"controls": [
			{ "access_button@debug_screen.access_button": {} },
			{ "special_render@debug_screen.special_render": {} },
			{ "credits@debug_screen.credits": {} }
		]
	},

	"debug_screen@common.base_screen": {
		"send_telemetry": false,
		"screen_not_flushable": true,
		"render_game_behind": true,
		"is_showing_menu": false,
		"low_frequency_rendering": true,
		"is_modal": true,
		"should_steal_mouse": false,
		"render_only_when_topmost": false,
		"screen_draws_last": true,
		"always_accepts_input": true,
		"$screen_content": "debug_screen.content_panel",
		"$screen_animations": [],
		"$use_loading_bars": false
	}
}