{
  "format_version": "1.10.0",
  "animation_controllers": {
    "controller.animation.uafsf_effect": {
      "initial_state": "default",
      "states": {
        "default": {
          "transitions": [
            {
              "uafsf": "query.variant == 196 && query.is_sneaking"
            }
          ]
        },
        "uafsf": {
          "transitions": [
            {
              "default": "query.is_sneaking"
            }
          ],
          "on_entry": [
            "/function power14"
          ]
        }
      }
    },
    "controller.animation.usf_effect": {
      "initial_state": "default",
      "states": {
        "default": {
          "transitions": [
            {
              "usf": "query.variant == 280 && query.is_sneaking"
            }
          ]
        },
        "usf": {
          "transitions": [
            {
              "default": "query.is_sneaking"
            }
          ],
          "on_entry": [
            "/function powersf"
          ]
        }
      }
    },
    "controller.animation.di_effect": {
      "initial_state": "default",
      "states": {
        "default": {
          "transitions": [
            {
              "di": "query.variant == 5 && query.is_sneaking"
            }
          ]
        },
        "di": {
          "transitions": [
            {
              "default": "query.is_sneaking"
            }
          ],
          "on_entry": [
            "/function power8"
          ]
        }
      }
    },
    "controller.animation.di2_effect": {
      "initial_state": "default",
      "states": {
        "default": {
          "transitions": [
            {
              "di2": "query.variant == 70 && query.is_sneaking"
            }
          ]
        },
        "di2": {
          "transitions": [
            {
              "default": "query.is_sneaking"
            }
          ],
          "on_entry": [
            "/function power8"
          ]
        }
      }
    },
    "controller.animation.adi_effect": {
      "initial_state": "default",
      "states": {
        "default": {
          "transitions": [
            {
              "adi": "query.variant == 272 && query.is_sneaking"
            }
          ]
        },
        "adi": {
          "transitions": [
            {
              "default": "query.is_sneaking"
            }
          ],
          "on_entry": [
            "/function power8"
          ]
        }
      }
    },
    "controller.animation.uadi_effect": {
      "initial_state": "default",
      "states": {
        "default": {
          "transitions": [
            {
              "uadi": "query.variant == 304 && query.is_sneaking"
            }
          ]
        },
        "uadi": {
          "transitions": [
            {
              "default": "query.is_sneaking"
            }
          ],
          "on_entry": [
            "/function power8"
          ]
        }
      }
    },
    "controller.animation.afdi_effect": {
      "initial_state": "default",
      "states": {
        "default": {
          "transitions": [
            {
              "afdi": "query.variant == 168 && query.is_sneaking"
            }
          ]
        },
        "afdi": {
          "transitions": [
            {
              "default": "query.is_sneaking"
            }
          ],
          "on_entry": [
            "/function power8"
          ]
        }
      }
    },
    "controller.animation.diwf_effect": {
      "initial_state": "default",
      "states": {
        "default": {
          "transitions": [
            {
              "diwf": "query.variant == 302 && query.is_sneaking"
            }
          ]
        },
        "diwf": {
          "transitions": [
            {
              "default": "query.is_sneaking"
            }
          ],
          "on_entry": [
            "/function power8"
          ]
        }
      }
    },
    "controller.animation.gwendi_effect": {
      "initial_state": "default",
      "states": {
        "default": {
          "transitions": [
            {
              "gwendi": "query.variant == 136 && query.is_sneaking"
            }
          ]
        },
        "gwendi": {
          "transitions": [
            {
              "default": "query.is_sneaking"
            }
          ],
          "on_entry": [
            "/function power8"
          ]
        }
      }
    },
    "controller.animation.mdi_effect": {
      "initial_state": "default",
      "states": {
        "default": {
          "transitions": [
            {
              "mdi": "query.variant == 311 && query.is_sneaking"
            }
          ]
        },
        "mdi": {
          "transitions": [
            {
              "default": "query.is_sneaking"
            }
          ],
          "on_entry": [
            "/function power8"
          ]
        }
      }
    },
    "controller.animation.rathdi_effect": {
      "initial_state": "default",
      "states": {
        "default": {
          "transitions": [
            {
              "rathdi": "query.variant == 340 && query.is_sneaking"
            }
          ]
        },
        "rathdi": {
          "transitions": [
            {
              "default": "query.is_sneaking"
            }
          ],
          "on_entry": [
            "/function power8"
          ]
        }
      }
    },
    "controller.animation.dik_effect": {
      "initial_state": "default",
      "states": {
        "default": {
          "transitions": [
            {
              "dik": "query.variant == 136 && query.is_sneaking"
            }
          ]
        },
        "dik": {
          "transitions": [
            {
              "default": "query.is_sneaking"
            }
          ],
          "on_entry": [
            "/function power8"
          ]
        }
      }
    },
    "controller.animation.sm_effect": {
      "initial_state": "default",
      "states": {
        "default": {
          "transitions": [
            {
              "sm": "query.variant == 52 && query.is_sneaking"
            }
          ]
        },
        "sm": {
          "transitions": [
            {
              "default": "query.is_sneaking"
            }
          ],
          "on_entry": [
            "/function power26"
          ]
        }
      }
    },
    "controller.animation.uafsm_effect": {
      "initial_state": "default",
      "states": {
        "default": {
          "transitions": [
            {
              "uafsm": "query.variant == 197 && query.is_sneaking"
            }
          ]
        },
        "uafsm": {
          "transitions": [
            {
              "default": "query.is_sneaking"
            }
          ],
          "on_entry": [
            "/function power26"
          ]
        }
      }
    },
    "controller.animation.asm_effect": {
      "initial_state": "default",
      "states": {
        "default": {
          "transitions": [
            {
              "asm": "query.variant == 57 && query.is_sneaking"
            }
          ]
        },
        "asm": {
          "transitions": [
            {
              "default": "query.is_sneaking"
            }
          ],
          "on_entry": [
            "/function power26"
          ]
        }
      }
    },
    "controller.animation.usm_effect": {
      "initial_state": "default",
      "states": {
        "default": {
          "transitions": [
            {
              "usm": "query.variant == 62 && query.is_sneaking"
            }
          ]
        },
        "usm": {
          "transitions": [
            {
              "default": "query.is_sneaking"
            }
          ],
          "on_entry": [
            "/function power26"
          ]
        }
      }
    },
    "controller.animation.afsm_effect": {
      "initial_state": "default",
      "states": {
        "default": {
          "transitions": [
            {
              "afsm": "query.variant == 179 && query.is_sneaking"
            }
          ]
        },
        "afsm": {
          "transitions": [
            {
              "default": "query.is_sneaking"
            }
          ],
          "on_entry": [
            "/function power26"
          ]
        }
      }
    },
    "controller.animation.afspider_effect": {
      "initial_state": "default",
      "states": {
        "default": {
          "transitions": [
            {
              "afspider": "query.variant == 207 && query.is_sneaking"
            }
          ]
        },
        "afspider": {
          "transitions": [
            {
              "default": "query.is_sneaking"
            }
          ],
          "on_entry": [
            "/function power26"
          ]
        }
      }
    },
    "controller.animation.xlr8_effect": {
      "initial_state": "default",
      "states": {
        "default": {
          "transitions": [
            {
              "xlr8": "query.variant == 15 && query.is_sprinting"
            }
          ]
        },
        "xlr8": {
          "transitions": [
            {
              "default": "query.is_sprinting"
            }
          ],
          "on_entry": [
            "/effect @s speed 1 18 true"
          ]
        }
      }
    },
    "controller.animation.gwenxlr8_effect": {
      "initial_state": "default",
      "states": {
        "default": {
          "transitions": [
            {
              "gwenxlr8": "query.variant == 139 && query.is_sprinting"
            }
          ]
        },
        "gwenxlr8": {
          "transitions": [
            {
              "default": "query.is_sprinting"
            }
          ],
          "on_entry": [
            "/effect @s speed 1 18 true"
          ]
        }
      }
    },
    "controller.animation.speedy_effect": {
      "initial_state": "default",
      "states": {
        "default": {
          "transitions": [
            {
              "speedy": "query.variant == 100 && query.is_sprinting"
            }
          ]
        },
        "speedy": {
          "transitions": [
            {
              "default": "query.is_sprinting"
            }
          ],
          "on_entry": [
            "/effect @s speed 1 18 true"
          ]
        }
      }
    },
    "controller.animation.xlr8k_effect": {
      "initial_state": "default",
      "states": {
        "default": {
          "transitions": [
            {
              "xlr8k": "query.variant == 334 && query.is_sprinting"
            }
          ]
        },
        "xlr8k": {
          "transitions": [
            {
              "default": "query.is_sprinting"
            }
          ],
          "on_entry": [
            "/effect @s speed 1 18 true"
          ]
        }
      }
    },
    "controller.animation.aft_effect": {
      "initial_state": "default",
      "states": {
        "default": {
          "transitions": [
            {
              "aft": "query.variant == 273 && query.is_sprinting"
            }
          ]
        },
        "aft": {
          "transitions": [
            {
              "default": "query.is_sprinting"
            }
          ],
          "on_entry": [
            "/effect @s speed 1 9 true"
          ]
        }
      }
    },
    "controller.animation.afft_effect": {
      "initial_state": "default",
      "states": {
        "default": {
          "transitions": [
            {
              "afft": "query.variant == 171 && query.is_sprinting"
            }
          ]
        },
        "afft": {
          "transitions": [
            {
              "default": "query.is_sprinting"
            }
          ],
          "on_entry": [
            "/effect @s speed 1 9 true"
          ]
        }
      }
    },
    "controller.animation.xlr81_effect": {
      "initial_state": "default",
      "states": {
        "default": {
          "transitions": [
            {
              "xlr81": "query.variant == 132 && query.is_sprinting"
            }
          ]
        },
        "xlr81": {
          "transitions": [
            {
              "default": "query.is_sprinting"
            }
          ],
          "on_entry": [
            "/effect @s speed 1 18 true"
          ]
        }
      }
    }
  }
}
