{
  "format_version": "1.10.0",
  "animation_controllers": {
    "controller.animation.power19": {
      "states": {
        "default": {
          "transitions": [ { "block": "(1.0)" } ],
          "on_entry": [ "/function power19" ]
        },
        "block": {
          "transitions": [ { "default": "(1.0)" } ],
          "on_entry": [ "/function power19" ]
        }
      }
    },
    "controller.animation.power20": {
      "states": {
        "default": {
          "transitions": [ { "block": "(1.0)" } ],
          "on_entry": [ "/function power20" ]
        },
        "block": {
          "transitions": [ { "default": "(1.0)" } ],
          "on_entry": [ "/function power20" ]
        }
      }
    },
    "controller.animation.power4": {
      "states": {
        "default": {
          "transitions": [ { "block": "(1.0)" } ],
          "on_entry": [ "/function power4" ]
        },
        "block": {
          "transitions": [ { "default": "(1.0)" } ],
          "on_entry": [ "/function power4" ]
        }
      }
    },
    "controller.animation.tempo": {
      "states": {
        "default": {
          "transitions": [ { "tempo": "(1.0)" } ],
          "on_entry": [ "/function timeout" ]
        },
        "block": {
          "transitions": [ { "default": "(1.0)" } ],
          "on_entry": [ "/function timeout" ]
        }
      }
    },
    "controller.animation.block_raio": {
      "states": {
        "default": {
          "transitions": [ { "block": "(1.0)" } ],
          "on_entry": [ "/summon lightning_bolt ~~~" ]
        },
        "block": {
          "transitions": [ { "default": "(1.0)" } ],
          "on_entry": [ "/summon lightning_bolt ~~~" ]
        }
      }
    },
    "controller.animation.block_gosma": {
      "states": {
        "default": {
          "transitions": [ { "block": "(1.0)" } ],
          "on_entry": [ "/function gosma" ]
        },
        "block": {
          "transitions": [ { "default": "(1.0)" } ],
          "on_entry": [ "/function gosma" ]
        }
      }
    }
  }
}