{
  "format_version": "1.10.0",
  "animation_controllers": {
    "controller.animation.gwenxlr8": {
      "initial_state": "default",
      "states": {
        "default": {
          "transitions": [
            {
              "gwenxlr8": "query.is_using_item > 0 && query.get_equipped_item_name('main_hand') == 'gwenxlr8'"
            }
          ]
        },
        "gwenxlr8": {
          "transitions": [
            {
              "default": "query.is_using_item == 0 || query.get_equipped_item_name('main_hand') != 'gwenxlr8'"
            }
          ],
          "on_entry": [
            "/function gwenxlr8"
          ]
        }
      }
    }
  }
}
