{
  "format_version": "1.10.0",
  "animation_controllers": {
    "controller.animation.mdi": {
      "initial_state": "default",
      "states": {
        "default": {
          "transitions": [
            {
              "mdi": "query.is_using_item > 0 && query.get_equipped_item_name('main_hand') == 'mdi'"
            }
          ]
        },
        "mdi": {
          "transitions": [
            {
              "default": "query.is_using_item == 0 || query.get_equipped_item_name('main_hand') != 'mdi'"
            }
          ],
          "on_entry": [
            "/function mdi"
          ]
        }
      }
    }
  }
}
