{
  "format_version": "1.10.0",
  "animation_controllers": {
    "controller.animation.om11": {
      "initial_state": "default",
      "states": {
        "default": {
          "transitions": [
            {
              "om11": "query.is_using_item > 0 && query.get_equipped_item_name('main_hand') == 'om11'"
            }
          ]
        },
        "om11": {
          "transitions": [
            {
              "default": "query.is_using_item == 0 || query.get_equipped_item_name('main_hand') != 'om11'"
            }
          ],
          "on_entry": [
            "/function om11"
          ]
        }
      }
    }
  }
}
