{
	"format_version": "1.10.0",
	"animation_controllers": {
    "controller.animation.walk": {
      "states": {
        "default": {
          "transitions": [ { "walk": "(1.0)" } ],
          "on_entry": [ "/function start" ]
        },
        "walk": {
          "transitions": [ { "default": "(1.0)" } ],
          "on_entry": [ "/function start" ]
        }
      }
    },
    "controller.animation.bin_effect": {
      "states": {
        "default": {
          "transitions": [ { "bin": "(1.0)" } ],
          "on_entry": [ "/function bin" ]
        },
        "bin": {
          "transitions": [ { "default": "(1.0)" } ],
          "on_entry": [ "/function bin" ]
		    	}    
	    	}   
    	},
    "controller.animation.top_view": {
      "states": {
        "default": {
          "transitions": [ { "tv": "(1.0)" } ],
          "on_entry": [ "/function tv" ]
        },
        "tv": {
          "transitions": [ { "default": "(1.0)" } ],
          "on_entry": [ "/function tv" ]
		    	}    
	    	}   
    	},
    "controller.animation.test1": {
      "states": {
        "default": {
          "transitions": [ { "test1": "query.get_equipped_item_name == 'laser' && query.is_using_item" } ],
          "on_entry": [ "/function test2" ]
        },
        "test1": {
          "transitions": [ { "default": "query.get_equipped_item_name == 'laser' && query.is_using_item" } ],
          "on_entry": [ "/function test2" ]
        }
      }
    },
    "controller.animation.test15": {
      "states": {
        "default": {
          "transitions": [ { "test15": "query.get_equipped_item_name == 'laser' && query.is_using_item" } ],
          "on_entry": [ "/function test2" ]
        },
        "test15": {
          "transitions": [ { "default": "query.get_equipped_item_name == 'laser' && query.is_using_item" } ],
          "on_entry": [ "/function test2" ]
        }
      }
    }
  }
}