{
   "animation_controllers": {
      "controller.animation.sp": {
         "initial_state": "default",
         "states": {
            "default": {
               "transitions": [
                  {
                     "levitation_stick": "query.variant == 23 && query.is_using_item > 0"
                  }
               ]
            },
            "levitation_stick": {
               "on_entry": [
                  "/function sp"
               ],
               "transitions": [
                  {
                     "default": "query.variant != 23 || query.is_using_item == 0"
                  }
               ]
            }
         }
      }
   },
   "format_version": "1.10.0"
}