{
  "format_version": "1.10.0",
  "animation_controllers": {
    "controller.animation.xlr81": {
      "initial_state": "default",
      "states": {
        "default": {
          "transitions": [
            {
              "xlr81": "query.is_using_item > 0 && query.get_equipped_item_name('main_hand') == 'xlr81'"
            }
          ]
        },
        "xlr81": {
          "transitions": [
            {
              "default": "query.is_using_item == 0 || query.get_equipped_item_name('main_hand') != 'xlr81'"
            }
          ],
          "on_entry": [
            "/function xlr81"
          ]
        }
      }
    }
  }
}
