{
  "format_version": "1.10.0",
  "animation_controllers": {
    "controller.animation.billy_robot.state": {
      "initial_state": "state_green",
      "states": {
        "state_green": {
          "blend_transition": 0.5,
          "animations": ["robot.green"],
          "transitions": [{ "state_red": "variable.state > 0" }]
        },
        "state_red": {
          "blend_transition": 0.5,
          "animations": ["robot.red"],
          "transitions": [{ "state_green": "variable.state < 1" }, { "state_purple": "variable.state > 1" }]
        },
        "state_purple": {
          "blend_transition": 0.5,
          "animations": ["robot.purple"],
          "transitions": [{ "state_red": "variable.state < 2" }]
        }
      }
    },
    "controller.animation.billy.emote": {
      "initial_state": "default",
      "states": {
        "default": {
          "transitions": [
            { "intro": "query.variant == 1" },
            { "crying": "query.variant == 2" },
            { "defeat": "query.variant == 3" },
            { "laugh": "query.variant == 4" },
            { "pointing": "query.variant == 5" }
          ]
        },
        //Variant 1
        "intro": {
          "animations": ["intro"],
          "blend_transition": 0.2,
          "transitions": [{ "default": "query.variant != 1" }]
        },
        //Variant 2
        "crying": {
          "animations": ["crying"],
          "blend_transition": 0.2,
          "transitions": [{ "default": "query.variant != 2" }]
        },
        //Variant 3
        "defeat": {
          "animations": ["defeat"],
          "blend_transition": 0.2,
          "transitions": [{ "default": "query.variant != 3" }]
        },
        //Variant 4
        "laugh": {
          "animations": ["laugh"],
          "blend_transition": 0.2,
          "transitions": [{ "default": "query.variant != 4" }]
        },
        //Variant 5
        "pointing": {
          "animations": ["pointing"],
          "blend_transition": 0.2,
          "transitions": [{ "default": "query.variant != 5" }]
        }
      }
    }
  }
}
