{
  "format_version": "1.10.0",
  "animation_controllers": {
    "controller.animation.escapee.pose": {
      "states": {
        "default": {
          "transitions": [{ "downed_start": "query.is_stunned" }]
        },
        "downed_start": {
          "blend_transition": 0.5,
          "transitions": [{ "downed1": "math.random_integer(0, 2) == 0" }, { "downed2": "math.random_integer(0, 2) == 0" }, { "downed3": "(1.0)" }]
        },
        "downed1": { "animations": ["downed1"] },
        "downed2": { "animations": ["downed2"] },
        "downed3": { "animations": ["downed3"] }
      }
    }
  }
}
