{
  "format_version": "1.10.0",
  "animation_controllers": {
    "controller.animation.hex.emote": {
      "states": {
        "default": {
          "blend_transition": 0.3,
          "transitions": [
            { "book_chant_loop": "query.variant == 1" },
            { "book_pointing_at_ben": "query.variant == 2" },
            { "defeat": "query.variant == 3" },
            { "introduction": "query.variant == 4" },
            { "spell_casting_start": "query.variant == 5" }
          ]
        },
        //Variant 1
        "book_chant_loop": {
          "animations": ["book_chant_loop"],
          "blend_transition": 0.5,
          "transitions": [{ "default": "query.variant != 1" }]
        },
        //Variant 2
        "book_pointing_at_ben": {
          "animations": ["book_pointing_at_ben"],
          "blend_transition": 0.2,
          "transitions": [{ "default": "query.any_animation_finished" }]
        },
        "book_pointing_at_loop": {
          "animations": ["book_pointing_at_loop"],
          "blend_transition": 0.5,
          "transitions": [{ "default": "query.variant != 2" }]
        },
        //Variant 3
        "defeat": {
          "animations": ["defeat"],
          "blend_transition": 0.5,
          "transitions": [{ "default": "query.variant != 3" }]
        },
        //Variant 4
        "introduction": {
          "animations": ["introduction"],
          "blend_transition": 0.5,
          "transitions": [{ "default": "query.variant != 4" }]
        },
        //Variant 5
        "spell_casting_start": {
          "animations": ["spell_casting_loop"],
          "blend_transition": 0.5,
          "transitions": [{ "default": "query.variant != 5" }]
        }
      }
    }
  }
}
