{
  "format_version": "1.10.0",
  "animation_controllers": {
    "controller.animation.kevin.emote": {
      "states": {
        "default": {
          "animations": ["breathe"],
          "blend_transition": 0.2,
          "transitions": [
            { "stance_start": "query.variant == 1" },
            { "me_start": "query.variant == 2" },
            { "you_start": "query.variant == 3" },
            { "careless_start": "query.variant == 4" },
            { "strong_start": "query.variant == 5" },
            { "defeat_start": "query.variant == 6" }
          ]
        },
        //Variant 1
        "stance_start": {
          "animations": ["stance_start"],
          "blend_transition": 0.2,
          "transitions": [{ "stance_loop": "query.any_animation_finished" }]
        },
        "stance_loop": {
          "animations": ["stance_loop"],
          "blend_transition": 0.2,
          "transitions": [{ "default": "query.variant != 1" }]
        },

        //Variant 2
        "me_start": {
          "animations": ["me_start"],
          "blend_transition": 0.2,
          "transitions": [{ "me_loop": "query.any_animation_finished" }]
        },
        "me_loop": {
          "animations": ["me_loop"],
          "blend_transition": 0.2,
          "transitions": [{ "default": "query.variant != 2" }]
        },

        //Variant 3
        "you_start": {
          "animations": ["you_start"],
          "blend_transition": 0.2,
          "transitions": [{ "you_loop": "query.any_animation_finished" }]
        },
        "you_loop": {
          "animations": ["you_loop"],
          "blend_transition": 0.2,
          "transitions": [{ "default": "query.variant != 3" }]
        },

        //Variant 4
        "careless_start": {
          "animations": ["careless_start"],
          "blend_transition": 0.2,
          "transitions": [{ "careless_loop": "query.any_animation_finished" }]
        },
        "careless_loop": {
          "animations": ["careless_loop"],
          "blend_transition": 0.2,
          "transitions": [{ "default": "query.variant != 4" }]
        },

        //Variant 5
        "strong_start": {
          "animations": ["strong_start"],
          "blend_transition": 0.2,
          "transitions": [{ "strong_loop": "query.any_animation_finished" }]
        },
        "strong_loop": {
          "animations": ["strong_loop"],
          "blend_transition": 0.2,
          "transitions": [{ "default": "query.variant != 5" }]
        },

        //Variant 6
        "defeat_start": {
          "animations": ["defeat_start"],
          "blend_transition": 0.2,
          "transitions": [{ "defeat_start3": "query.any_animation_finished" }]
        },
        "defeat_start3": {
          "animations": ["defeat_start3"],
          "blend_transition": 0.2,
          "transitions": [{ "defeat_idle": "query.any_animation_finished" }]
        },
        "defeat_idle": {
          "animations": ["defeat_idle"],
          "blend_transition": 0.2,
          "transitions": [{ "default": "query.variant != 6" }]
        }
      }
    },
    "controller.animation.kevin_2.attack": {
      "states": {
        "default": {
          "transitions": [{ "melee_attack": "variable.attack_time > 0.0" }, { "spell_attack": "query.is_casting" }]
        },
        "melee_attack": {
          "animations": ["diamondhead.punch_full"],
          "blend_transition": 0.1,
          "transitions": [{ "default": "query.any_animation_finished" }]
        },
        "spell_attack": {
          "animations": ["diamondhead.spike_summon"],
          "blend_transition": 0.1,
          "transitions": [{ "default": "query.any_animation_finished" }]
        }
      }
    }
  }
}
