{
  "format_version": "1.10.0",
  "animation_controllers": {
    "controller.animation.twins.breathing": {
      "states": {
        "default": {
          "blend_transition": 0.2,
          "transitions": [{ "breathe": "query.variant != 2" }]
        },
        "breathe": {
          "animations": ["breathe"],
          "blend_transition": 0.2,
          "transitions": [{ "default": "query.variant == 2" }]
        }
      }
    },

    "controller.animation.twins.emotes": {
      "states": {
        "default": {
          "blend_transition": 0.2,
          "transitions": [{ "bickering": "query.variant == 1" }, { "laughing": "query.variant == 2" }, { "flying_away": "query.variant == 3" }]
        },
        "bickering": {
          "blend_transition": 0.2,
          "animations": ["bickering"],
          "transitions": [{ "default": "query.variant != 1" }]
        },
        "laughing": {
          "blend_transition": 0.2,
          "animations": ["laughing"],
          "transitions": [{ "default": "query.variant != 2" }]
        },
        "flying_away": {
          "blend_transition": 0.2,
          "animations": ["flying_away"],
          "transitions": [{ "default": "query.variant != 3" }]
        }
      }
    }
  }
}
