{
  "format_version": "1.10.0",
  "animation_controllers": {
    "controller.animation.vilgax.hurt": {
      "states": {
        "default": {
          "blend_transition": 0.2,
          "transitions": [{ "hurt": "query.is_stunned" }]
        },
        "hurt": {
          "animations": ["hurt"],
          "blend_transition": 0.2,
          "transitions": [{ "hurt_wait": "query.any_animation_finished" }]
        },
        "hurt_wait": {
          "blend_transition": 0.2,
          "transitions": [{ "default": "!query.is_stunned" }]
        }
      }
    },
    "controller.animation.vilgax.attack": {
      "initial_state": "no_attack",
      "states": {
        //The state vilgax waits in before attack mode is activated
        "no_attack": {
          "animations": ["breathe"],
          "blend_transition": 0.2,
          "transitions": [
            { "wait_attack": "query.is_ignited" },
            { "tired": "query.variant == 4" },
            { "suck_start": "query.variant == 5" },
            { "talking_expressive": "query.variant == 6" },
            { "point": "query.variant == 7" }
          ]
        },
        //Waits the attack to be triggered, or request to stop attack mode
        "wait_attack": {
          "blend_transition": 0.2,
          "transitions": [
            { "no_attack": "!query.is_ignited" },
            { "tired": "query.variant == 4" },
            { "switch_attack": "variable.attack_time > 0 || query.is_charged > 0 || query.is_charging > 0 || query.is_delayed_attacking" }
          ]
        },
        //Waits for vilgax to reset
        "wait_reset": {
          "blend_transition": 0.2,
          "transitions": [
            { "no_attack": "!query.is_ignited" },
            { "tired": "query.variant == 4" },
            { "wait_attack": "!(variable.attack_time > 0 || query.is_charged > 0 || query.is_charging > 0 || query.is_delayed_attacking)" }
          ]
        },
        "switch_attack": {
          "blend_transition": 0.2,
          "transitions": [
            //Head to melee
            { "melee": "query.variant == 1" },
            //Head to lasers
            { "lasers": "query.variant == 2" },
            //Head to rocks
            { "rocks": "query.variant == 3" }
          ]
        },
        "melee": {
          "transitions": [{ "melee1": "math.random_integer(0, 2) == 2" }, { "melee2": "math.random_integer(0, 2) == 2" }, { "melee3": "(1.0)" }]
        },
        "melee1": {
          "animations": ["melee1"],
          "blend_transition": 0.2,
          "transitions": [{ "wait_reset": "query.any_animation_finished" }]
        },
        "melee2": {
          "animations": ["melee2"],
          "blend_transition": 0.2,
          "transitions": [{ "wait_reset": "query.any_animation_finished" }]
        },
        "melee3": {
          "animations": ["melee3"],
          "blend_transition": 0.2,
          "transitions": [{ "wait_reset": "query.any_animation_finished" }]
        },
        "lasers": {
          "animations": ["laser_attack_full"],
          "blend_transition": 0.2,
          "transitions": [{ "wait_reset": "query.any_animation_finished" }]
        },
        "rocks": {
          "animations": ["rock_throw"],
          "blend_transition": 0.2,
          "transitions": [{ "wait_reset": "query.any_animation_finished" }]
        },
        //Variant 4
        "tired": {
          "animations": ["tired"],
          "blend_transition": 0.2,
          "transitions": [{ "no_attack": "query.variant != 4" }]
        },
        //Variant 5
        "suck_start": {
          "animations": ["suck_start"],
          "blend_transition": 0.2,
          "transitions": [{ "suck_loop": "query.any_animation_finished" }]
        },
        "suck_loop": {
          "animations": ["suck_loop"],
          "blend_transition": 0.2,
          "transitions": [{ "no_attack": "query.variant != 5" }]
        },
        //Variant 6
        "talking_expressive": {
          "animations": ["talking_expressive", "breathe"],
          "blend_transition": 0.5,
          "transitions": [{ "no_attack": "query.variant != 6" }]
        },
        //Variant 7
        "point": {
          "animations": ["point", "breathe"],
          "blend_transition": 0.5,
          "transitions": [{ "no_attack": "query.variant != 7" }]
        }
      }
    }
  }
}
