{
  "format_version": "1.10.0",
  "animation_controllers": {
    "controller.animation.zombozo.attack": {
      "states": {
        "default": {
          "blend_transition": 0.2,
          "transitions": [
            { "tired": "query.variant == 4" },
            { "bowling": "query.variant == 1" },
            { "mines": "query.variant == 2" },
            { "melee": "query.variant == 3" },
            { "faint": "query.is_tamed" }
          ]
        },
        "tired": {
          "animations": ["tired"],
          "blend_transition": 0.2,
          "transitions": [{ "default": "query.variant!= 4" }]
        },
        "bowling": {
          "transitions": [
            { "bowling_attack": "query.is_delayed_attacking || variable.attack_time > 0 || query.is_charged > 0 || query.is_charging > 0" },
            { "default": "query.variant != 2" }
          ]
        },
        "bowling_attack": {
          "animations": ["throw"],
          "blend_transition": 0.2,
          "transitions": [{ "bowling": "query.any_animation_finished" }]
        },
        "mines": {
          "transitions": [
            { "mines_attack": "query.is_delayed_attacking || variable.attack_time > 0 || query.is_charged > 0 || query.is_charging > 0" },
            { "default": "query.variant != 2" }
          ]
        },
        "mines_attack": {
          "animations": ["throw"],
          "blend_transition": 0.2,
          "transitions": [{ "mines": "query.any_animation_finished" }]
        },
        "melee": {
          "transitions": [{ "melee_attack": "query.is_delayed_attacking" }, { "default": "query.variant != 3" }]
        },
        "melee_attack": {
          "animations": ["melee_attack"],
          "blend_transition": 0.2,
          "transitions": [{ "melee": "query.any_animation_finished" }]
        },
        "faint": {
          "animations": ["death"],
          "blend_transition": 0.2,
          "transitions": [{ "default": "!query.is_tamed" }]
        }
      }
    },
    "controller.animation.zombozo.damage": {
      "initial_state": "default",
      "states": {
        "default": {
          "blend_transition": 0.1,
          "transitions": [{ "hurting": "query.is_stunned" }]
        },
        "hurting": {
          "transitions": [{ "hurt_1": "math.random_integer(0, 1) == 1" }, { "hurt_2": "(1.0)" }]
        },
        "hurt_1": {
          "animations": ["hurt"],
          "blend_transition": 0.1,
          "transitions": [{ "wait": "query.any_animation_finished" }]
        },
        "hurt_2": {
          "animations": ["hurt_2"],
          "blend_transition": 0.1,
          "transitions": [{ "wait": "query.any_animation_finished" }]
        },
        "wait": {
          "transitions": [{ "default": "!query.is_stunned" }]
        }
      }
    }
  }
}
