{"format_version":"1.13.0","minecraft:entity":{"description":{"identifier":"minecrab:senator_armstrong","is_spawnable":true,"is_summonable":true,"is_experimental":false},"components":{"minecraft:type_family":{},"minecraft:collision_box":{"height":0,"width":0.175},"minecraft:fire_immune":true,"minecraft:burns_in_daylight":false,"minecraft:damage_sensor":{"triggers":[{"on_damage":{"filters":{"test":"has_ability","value":"instabuild","subject":"other"},"event":"desp"}}]},"minecraft:health":{"value":5001,"min":5000},"minecraft:navigation.climb":{"can_path_over_water":true},"minecraft:movement.basic":{},"minecraft:persistent":{},"minecraft:physics":{},"minecraft:pushable":{"is_pushable":false,"is_pushable_by_piston":true},"minecraft:movement":{"value":0.365},"minecraft:underwater_movement":{"value":0.4},"minecraft:scale":{"value":4},"minecraft:behavior.nearest_attackable_target":{"priority":3,"within_radius":500,"entity_types":[{"filters":{"any_of":[{"test":"is_family","subject":"other","value":"player"},{"test":"is_family","subject":"other","value":"villager"}]},"max_dist":500.0,"must_see":false}],"must_see":false,"must_reach":false,"speed_multiplier":1.0,"reselect_targets":true},"minecraft:behavior.hurt_by_target":{"priority":3},"minecraft:area_attack":{"damage_range":0.79,"damage_per_tick":5000,"cause":"fly_into_wall","entity_filter":{"any_of":[{"test":"is_target","subject":"other","value":true}]}},"minecraft:can_climb":{},"minecraft:behavior.random_stroll":{"speed_multiplier":0,"priority":6},"minecraft:behavior.move_to_random_block":{"within_radius":0,"block_distance":0,"priority":5,"speed_multiplier":0},"minecraft:custom_hit_test":{"hitboxes":[{"width":1,"height":1,"pivot":[0,0.5,0]},{"width":1,"height":1,"pivot":[0,1.5,0]},{"width":1,"height":1,"pivot":[0,2.5,0]}]},"minecraft:knockback_resistance":{"value":99999},"minecraft:follow_range":{"value":500},"minecraft:behavior.ranged_attack":{"priority":1,"attack_interval_min":0.1,"attack_interval_max":0.1,"attack_radius":0},"minecraft:shooter":{"def":"minecraft:snowball"},"minecraft:buoyant":{"base_buoyancy":0.9,"apply_gravity":false,"simulate_waves":false,"liquid_blocks":["minecraft:water","minecraft:flowing_water","minecraft:lava","minecraft:flowing_lava"]},"minecraft:tick_world":{"distance_to_players":550},"minecraft:breathable":{"breathes_water":true,"breathes_air":true,"breathes_solids":true,"generates_bubbles":false},"minecraft:jump.static":{"jump_power":1},"minecraft:behavior.float":{}},"events":{"desp":{"add":{"component_groups":["minecraft:desp"]}}},"component_groups":{"minecraft:desp":{"minecraft:despawn":{}}}}}