{
  "format_version": "1.10.0",
  "animation_controllers": {
    "controller.animation.pointer.hide": {
      "initial_state": "spawned",
      "states": {
        "spawned": {
          "blend_transition": 0.125,
          "animations": ["hide"],
          "transitions": [{ "default": "query.any_animation_finished" }]
        },
        "default": {
          "blend_transition": 0.125,
          "transitions": [{ "moving": "query.modified_move_speed > 0.5" }]
        },
        "moving": {
          "blend_transition": 0.125,
          "animations": [{ "hide": "query.variant == 0" }],
          "transitions": [{ "default": "query.modified_move_speed <= 0.005 && query.ground_speed <= 0.005" }]
        }
      }
    }
  }
}
