{
  "format_version": "1.10.0",
  "animation_controllers": {
    "controller.animation.rush.tornado_throw": {
      "states": {
        "default": {
          "transitions": [{ "tornado": "query.is_using_item && query.get_equipped_item_name('main_hand') == 'rush_tornado' && !query.is_charged" }]
        },
        "tornado": {
          "animations": ["tornado.rush.anim"],
          "transitions": [{ "default": "variable.rush_tornado == 0" }]
        }
      }
    },
    "controller.animation.rush.boost": {
      "states": {
        "default": {
          "transitions": [{ "boost": "query.is_using_item && query.get_equipped_item_name('main_hand') == 'rush_boost' && !query.is_charged" }]
        },
        "boost": {
          "animations": ["boost.rush.anim"],
          "transitions": [{ "default": "variable.rush_boost == 0" }]
        }
      }
    },
    "controller.animation.rush.dodge": {
      "states": {
        "default": {
          "transitions": [
            { "left": "query.is_using_item && query.get_equipped_item_name('main_hand') == 'rush_left' && !query.is_charged" },
            { "right": "query.is_using_item && query.get_equipped_item_name('main_hand') == 'rush_right' && !query.is_charged" }
          ]
        },
        "left": {
          "animations": ["dodge_left.rush.anim"],
          "transitions": [{ "default": "variable.rush_dodge == 0" }]
        },
        "right": {
          "animations": ["dodge_right.rush.anim"],
          "transitions": [{ "default": "variable.rush_dodge == 0" }]
        }
      }
    }
  }
}
