{
  "format_version": "1.10.0",
  "animation_controllers": {
    "controller.animation.flying": {
      "initial_state": "default",
      "states": {
        "default": {
          "transitions": [
            { "down": "query.head_x_rotation(0) >= 15 && query.head_x_rotation(0) <= 90" },
            { "up": "query.head_x_rotation(0) <= -15 && query.head_x_rotation(0) >= -90" },
            { "level": "query.head_x_rotation(0) > -15 && query.head_x_rotation(0) < 15" }
          ]
        },
        "down": {
          "animations": ["fly.down"],
          "transitions": [
            { "up": "query.head_x_rotation(0) <= -15 && query.head_x_rotation(0) >= -90" },
            { "level": "query.head_x_rotation(0) > -15 && query.head_x_rotation(0) < 15" }
          ]
        },
        "up": {
          "animations": ["fly.up"],
          "transitions": [
            { "down": "query.head_x_rotation(0) >= 15 && query.head_x_rotation(0) <= 90" },
            { "level": "query.head_x_rotation(0) > -15 && query.head_x_rotation(0) < 15" }
          ]
        },
        "level": {
          "animations": ["fly.level"],
          "transitions": [
            { "down": "query.head_x_rotation(0) >= 15 && query.head_x_rotation(0) <= 90" },
            { "up": "query.head_x_rotation(0) <= -15 && query.head_x_rotation(0) >= -90" }
          ]
        }
      }
    }
  }
}
