{
  "format_version": "1.10.0",
  "animation_controllers": {
    "controller.animation.omnitrix.cycle": {
      "states": {
        "default": {
          "transitions": [
            { "fourarms": "query.variant == 0" },
            { "xlr8": "query.variant == 1" },
            { "rath": "query.variant == 2" },
            { "slapback": "query.variant == 3" },
            { "cannonbolt": "query.variant == 4" },
            { "humungousaur": "query.variant == 5" },
            { "shockrock": "query.variant == 6" },
            { "diamondhead": "query.variant == 7" },
            { "heatblast": "query.variant == 8" },
            { "jetray": "query.variant == 9" },
            { "quadsmack": "query.variant == 10" },
            { "rush": "query.variant == 11" },
            { "crystalfist": "query.variant == 12" }
          ]
        },
        "fourarms": {
          "transitions": [{ "crystalfist": "query.is_saddled" }, { "xlr8": "query.is_chested" }],
          "on_entry": [
            "/function omnitrix/cycle/fourarmsalien",
            "@s omnitrix:remove_cycle",
            "@s omnitrix:remove2",
            "@s omnitrix:remove13",
            "@s omnitrix:add1"
          ]
        },
        "xlr8": {
          "transitions": [{ "fourarms": "query.is_saddled" }, { "rath": "query.is_chested" }],
          "on_entry": [
            "/function omnitrix/cycle/xlr8alien",
            "@s omnitrix:remove_cycle",
            "@s omnitrix:remove3",
            "@s omnitrix:remove1",
            "@s omnitrix:add2"
          ]
        },
        "rath": {
          "transitions": [{ "xlr8": "query.is_saddled" }, { "slapback": "query.is_chested" }],
          "on_entry": [
            "/function omnitrix/cycle/rathalien",
            "@s omnitrix:remove_cycle",
            "@s omnitrix:remove4",
            "@s omnitrix:remove2",
            "@s omnitrix:add3"
          ]
        },
        "slapback": {
          "transitions": [{ "rath": "query.is_saddled" }, { "cannonbolt": "query.is_chested" }],
          "on_entry": [
            "/function omnitrix/cycle/slapbackalien",
            "@s omnitrix:remove_cycle",
            "@s omnitrix:remove5",
            "@s omnitrix:remove3",
            "@s omnitrix:add4"
          ]
        },
        "cannonbolt": {
          "transitions": [{ "slapback": "query.is_saddled" }, { "humungousaur": "query.is_chested" }],
          "on_entry": [
            "/function omnitrix/cycle/cannonboltalien",
            "@s omnitrix:remove_cycle",
            "@s omnitrix:remove6",
            "@s omnitrix:remove4",
            "@s omnitrix:add5"
          ]
        },
        "humungousaur": {
          "transitions": [{ "cannonbolt": "query.is_saddled" }, { "shockrock": "query.is_chested" }],
          "on_entry": [
            "/function omnitrix/cycle/humungousauralien",
            "@s omnitrix:remove_cycle",
            "@s omnitrix:remove7",
            "@s omnitrix:remove5",
            "@s omnitrix:add6"
          ]
        },
        "shockrock": {
          "transitions": [{ "humungousaur": "query.is_saddled" }, { "diamondhead": "query.is_chested" }],
          "on_entry": [
            "/function omnitrix/cycle/shockrockalien",
            "@s omnitrix:remove_cycle",
            "@s omnitrix:remove8",
            "@s omnitrix:remove6",
            "@s omnitrix:add7"
          ]
        },
        "diamondhead": {
          "transitions": [{ "shockrock": "query.is_saddled" }, { "heatblast": "query.is_chested" }],
          "on_entry": [
            "/function omnitrix/cycle/diamondheadalien",
            "@s omnitrix:remove_cycle",
            "@s omnitrix:remove9",
            "@s omnitrix:remove7",
            "@s omnitrix:add8"
          ]
        },
        "heatblast": {
          "transitions": [{ "diamondhead": "query.is_saddled" }, { "jetray": "query.is_chested" }],
          "on_entry": [
            "/function omnitrix/cycle/heatblastalien",
            "@s omnitrix:remove_cycle",
            "@s omnitrix:remove10",
            "@s omnitrix:remove8",
            "@s omnitrix:add9"
          ]
        },
        "jetray": {
          "transitions": [{ "heatblast": "query.is_saddled" }, { "quadsmack": "query.is_chested" }],
          "on_entry": [
            "/function omnitrix/cycle/jetrayalien",
            "@s omnitrix:remove_cycle",
            "@s omnitrix:remove11",
            "@s omnitrix:remove9",
            "@s omnitrix:add10"
          ]
        },
        "quadsmack": {
          "transitions": [{ "jetray": "query.is_saddled" }, { "rush": "query.is_chested" }],
          "on_entry": [
            "/function omnitrix/cycle/quadsmackalien",
            "@s omnitrix:remove_cycle",
            "@s omnitrix:remove12",
            "@s omnitrix:remove10",
            "@s omnitrix:add11"
          ]
        },
        "rush": {
          "transitions": [{ "quadsmack": "query.is_saddled" }, { "crystalfist": "query.is_chested" }],
          "on_entry": [
            "/function omnitrix/cycle/rushalien",
            "@s omnitrix:remove_cycle",
            "@s omnitrix:remove13",
            "@s omnitrix:remove11",
            "@s omnitrix:add12"
          ]
        },
        "crystalfist": {
          "transitions": [{ "rush": "query.is_saddled" }, { "fourarms": "query.is_chested" }],
          "on_entry": [
            "/function omnitrix/cycle/crystalfistalien",
            "@s omnitrix:remove_cycle",
            "@s omnitrix:remove1",
            "@s omnitrix:remove12",
            "@s omnitrix:add13"
          ]
        }
      }
    }
  }
}
