{
  "format_version": "1.10.0",
  "animation_controllers": {
    //Fireball
    "controller.animation.heatblast.fireball": {
      "states": {
        "default": {
          "transitions": [{ "fireball": "query.is_using_item && query.get_equipped_item_name('main_hand') == 'heatblast_fireball' && !query.is_charged" }]
        },
        "fireball": {
          "animations": ["fireball.heatblast.anim"],
          "transitions": [{ "default": "variable.heatblast_fireball == 0" }]
        }
      }
    },
    //Flamethrower
    "controller.animation.heatblast.flamethrower": {
      "states": {
        "default": {
          "transitions": [{ "flamethrower": "query.is_using_item && query.get_equipped_item_name('main_hand') == 'heatblast_flamethrower' && !query.is_charged" }],
          "on_exit": ["@s player:is_using_ability"]
        },
        "flamethrower": {
          "on_entry": ["@s heatblast:flamethrower"],
          "transitions": [
            { "cooldown": "(!query.is_using_item) || (query.get_equipped_item_name('main_hand') != 'heatblast_flamethrower')" },
            { "flamethrower2": "query.is_using_item && query.get_equipped_item_name('main_hand') == 'heatblast_flamethrower'" }
          ]
        },
        "flamethrower2": {
          "on_entry": ["@s heatblast:flamethrower"],
          "transitions": [
            { "cooldown": "(!query.is_using_item) || (query.get_equipped_item_name('main_hand') != 'heatblast_flamethrower')" },
            { "flamethrower": "query.is_using_item && query.get_equipped_item_name('main_hand') == 'heatblast_flamethrower'" }
          ]
        },
        "cooldown": {
          "animations": ["flamethrower.heatblast.anim"],
          "transitions": [{ "default": "variable.heatblast_flamethrower == 0" }]
        }
      }
    },
    //Take Off
    "controller.animation.heatblast.take_off": {
      "states": {
        "default": {
          "transitions": [
            { "take_off": "query.is_using_item && query.get_equipped_item_name('main_hand') == 'heatblast_takeoff' && !query.is_charged && query.is_on_ground" },
            { "take_off_fail": "query.is_using_item && query.get_equipped_item_name('main_hand') == 'heatblast_takeoff' && !query.is_charged && !query.is_on_ground" }
          ]
        },
        "take_off": {
          "animations": ["take_off.heatblast.anim"],
          "transitions": [{ "default": "variable.heatblast_takeoff == 0" }]
        },
        "take_off_fail": {
          "animations": ["take_off_fail.heatblast.anim"],
          "transitions": [{ "default": "variable.heatblast_takeoff == 0" }]
        }
      }
    },
    //For object
    "controller.animation.heated": {
      "initial_state": "frozen",
      "states": {
        "frozen": {
          "on_entry": ["/tag @s add frozen"],
          "on_exit": ["/tag @s remove frozen"],
          "transitions": [{ "heated": "query.variant == 1" }]
        },
        "heated": {
          "on_entry": ["/tag @s add heated"],
          "on_exit": ["/tag @s remove heated"],
          "transitions": [{ "heated": "query.variant == 0" }]
        }
      }
    }
  }
}
