{
  "format_version": "1.10.0",
  "animation_controllers": {
    "controller.animation.shockrock.charge_entity": {
      "states": {
        "default": { "transitions": [{ "uncharged": "query.variant == 0" }, { "charged": "query.variant == 1" }] },
        "uncharged": {
          "transitions": [{ "charged": "query.variant == 1" }],
          "on_entry": ["@s self:remove_spark"],
          "on_exit": ["/function abilities/shockrock/charge"]
        },
        "charged": {
          "transitions": [{ "uncharged": "query.variant == 0" }],
          "on_entry": ["@s self:remove_spark"],
          "on_exit": ["/function abilities/shockrock/discharge"]
        }
      }
    },
    "controller.animation.shockrock.bluemerang_entity": {
      "states": {
        "default": { "transitions": [{ "toggledownfall": "query.body_x_rotation <= -80" }] },
        "toggledownfall": { "transitions": [{ "dead": "!query.is_alive" }], "on_exit": ["/toggledownfall"] },
        "dead": {}
      }
    },
    "controller.animation.shockrock.charge": {
      "states": {
        "default": {
          "transitions": [{ "charge": "query.is_using_item && query.get_equipped_item_name('main_hand') == 'shockrock_charge' && !query.is_charged" }]
        },
        "charge": {
          "animations": ["charge.shockrock.anim"],
          "transitions": [{ "default": "variable.shockrock_charge == 0" }]
        }
      }
    },
    "controller.animation.shockrock.forcefield": {
      "states": {
        "default": {
          "transitions": [
            { "forcefield": "query.is_using_item && query.get_equipped_item_name('main_hand') == 'shockrock_forcefield' && !query.is_charged" }
          ]
        },
        "forcefield": {
          "animations": ["forcefield.shockrock.anim"],
          "transitions": [{ "default": "variable.shockrock_forcefield == 0" }]
        }
      }
    },
    "controller.animation.shockrock.blast": {
      "states": {
        "default": {
          "transitions": [{ "blast": "query.is_using_item && query.get_equipped_item_name('main_hand') == 'shockrock_blast' && !query.is_charged" }]
        },
        "blast": {
          "animations": ["blast.shockrock.anim"],
          "transitions": [{ "default": "variable.shockrock_blast == 0" }]
        }
      }
    },
    "controller.animation.shockrock.bluemerang": {
      "states": {
        "default": {
          "transitions": [
            { "bluemerang": "query.is_using_item && query.get_equipped_item_name('main_hand') == 'shockrock_bluemerang' && !query.is_charged" }
          ]
        },
        "bluemerang": {
          "animations": ["bluemerang.shockrock.anim"],
          "transitions": [{ "default": "variable.shockrock_bluemerang == 0" }]
        }
      }
    }
  }
}
