{
  "format_version": "1.10.0",
  "animation_controllers": {
    //Transform
    "controller.animation.cannonbolt.transform": {
      "states": {
        "default": {
          "transitions": [{ "ball": "query.is_baby" }, { "standing": "!query.is_baby" }]
        },
        "standing": {
          "on_entry": ["/effect @s speed 0 0 true"],
          "animations": ["transform_stand.cannonbolt.anim", "transform.cannonbolt.anim"],
          "transitions": [
            {
              "ball": "query.is_using_item && query.get_equipped_item_name('main_hand') == 'cannonbolt_transform' && !query.is_baby && !query.is_powered && !query.is_charged"
            },
            { "default": "query.is_baby" }
          ]
        },
        "ball": {
          "animations": ["transform_ball.cannonbolt.anim", "ball_speed.cannonbolt.anim", "transform.cannonbolt.anim"],
          "transitions": [
            {
              "standing": "query.is_using_item && query.get_equipped_item_name('main_hand') == 'cannonbolt_transform' && query.is_baby && !query.is_powered && !query.is_charged"
            },
            { "default": "!query.is_baby" }
          ]
        }
      }
    },
    //Piledriver
    "controller.animation.cannonbolt.piledriver": {
      "states": {
        "default": {
          "transitions": [
            {
              "piledriver": "query.is_using_item && query.get_equipped_item_name('main_hand') == 'cannonbolt_piledriver' && query.is_baby && !query.is_charged"
            },
            {
              "piledriver_fail": "query.is_using_item && query.get_equipped_item_name('main_hand') == 'cannonbolt_piledriver' && !query.is_baby && !query.is_charged"
            }
          ]
        },
        "piledriver": {
          "animations": ["piledriver.cannonbolt.anim"],
          "transitions": [{ "default": "variable.cannonbolt_piledriver == 0" }]
        },
        "piledriver_fail": {
          "animations": ["piledriver_fail.cannonbolt.anim"],
          "transitions": [{ "default": "variable.cannonbolt_piledriver == 0" }]
        }
      }
    },
    //Slam
    "controller.animation.cannonbolt.slam": {
      "states": {
        "default": {
          "transitions": [
            { "slam": "query.is_using_item && query.get_equipped_item_name('main_hand') == 'cannonbolt_slam' && query.is_baby && !query.is_charged" },
            {
              "slam_fail": "query.is_using_item && query.get_equipped_item_name('main_hand') == 'cannonbolt_slam' && !query.is_baby && !query.is_charged"
            }
          ]
        },
        "slam": {
          "animations": ["slam.cannonbolt.anim"],
          "transitions": [{ "default": "variable.cannonbolt_slam == 0" }]
        },
        "slam_fail": {
          "animations": ["slam_fail.cannonbolt.anim"],
          "transitions": [{ "default": "variable.cannonbolt_slam == 0" }]
        }
      }
    },
    //Tag
    "controller.animation.cannonbolt.damage_tag": {
      "states": {
        "default": {
          "transitions": [{ "sprinting": "query.is_sprinting" }],
          "on_entry": ["/function abilities/cannonbolt/remove_damage_tag"]
        },
        "sprinting": {
          "transitions": [{ "default": "!query.is_sprinting" }],
          "on_entry": ["/function abilities/cannonbolt/damage_tag"]
        }
      }
    }
  }
}
