{
  "format_version": "1.10.0",
  "animation_controllers": {
    "controller.animation.alien.humungousaur_abilities": {
      "states": {
        "default": {
          "transitions": [
            { "stomp": "query.is_using_item && query.get_equipped_item_name('main_hand') == 'humungousaur_stomp'" },
            { "laser": "query.is_using_item && query.get_equipped_item_name('main_hand') == 'humungousaur_laser'" },
            { "tail": "query.is_using_item && query.get_equipped_item_name('main_hand') == 'humungousaur_tail'" }
          ]
        },
        "laser": {
          "on_entry": ["@s humungousaur:laser"],
          "transitions": [
            { "default": "(!query.is_using_item) || (query.get_equipped_item_name('main_hand') != 'humungousaur_laser')" },
            { "laser2": "query.is_using_item && query.get_equipped_item_name('main_hand') == 'humungousaur_laser'" }
          ]
        },
        "laser2": {
          "on_entry": ["@s humungousaur:laser"],
          "transitions": [
            { "default": "(!query.is_using_item) || (query.get_equipped_item_name('main_hand') != 'humungousaur_laser')" },
            { "laser": "query.is_using_item && query.get_equipped_item_name('main_hand') == 'humungousaur_laser'" }
          ]
        },
        "stomp": { "animations": ["stomp.humungousaur.anim"], "transitions": [{ "default": "variable.humungousaur_stomp == 0" }] },
        "tail": { "animations": ["tail.humungousaur.anim"], "on_entry": ["@s humungousaur:tail_whip"], "transitions": [{ "default": "variable.humungousaur_tail == 0" }] }
      }
    },
    //Stomp
    "controller.animation.humungousaur.stomp": {
      "states": {
        "default": {
          "transitions": [{ "stomp": "query.is_using_item && query.get_equipped_item_name('main_hand') == 'humungousaur_stomp' && !query.is_charged" }]
        },
        "stomp": {
          "animations": ["stomp.humungousaur.anim"],
          "transitions": [{ "default": "variable.humungousaur_stomp == 0" }]
        }
      }
    },
    //Tail Whip
    "controller.animation.humungousaur.tail_whip": {
      "states": {
        "default": {
          "transitions": [{ "tail_whip": "query.is_using_item && query.get_equipped_item_name('main_hand') == 'humungousaur_tail' && !query.is_charged" }]
        },
        "tail_whip": {
          "animations": ["tail_whip.humungousaur.anim"],
          "transitions": [{ "default": "variable.humungousaur_tail == 0" }]
        }
      }
    },
    //Sonar Beam
    "controller.animation.humungousaur.sonar_beam": {
      "states": {
        "default": {
          "transitions": [{ "sonar": "query.is_using_item && query.get_equipped_item_name('main_hand') == 'humungousaur_sonar' && !query.is_charged" }],
          "on_exit": ["@s player:is_using_ability"]
        },
        "sonar": {
          "on_entry": ["@s humungousaur:sonar_beam"],
          "transitions": [
            { "cooldown": "(!query.is_using_item) || (query.get_equipped_item_name('main_hand') != 'humungousaur_sonar')" },
            { "sonar2": "query.is_using_item && query.get_equipped_item_name('main_hand') == 'humungousaur_sonar'" }
          ]
        },
        "sonar2": {
          "on_entry": ["@s humungousaur:sonar_beam"],
          "transitions": [
            { "cooldown": "(!query.is_using_item) || (query.get_equipped_item_name('main_hand') != 'humungousaur_sonar')" },
            { "sonar": "query.is_using_item && query.get_equipped_item_name('main_hand') == 'humungousaur_sonar'" }
          ]
        },
        "cooldown": {
          "animations": ["sonar.humungousaur.anim"],
          "transitions": [{ "default": "variable.humungousaur_sonar == 0" }]
        }
      }
    }
  }
}
