{
  "format_version": "1.10.0",
  "animation_controllers": {
    "controller.animation.omnitrix_use": {
      "initial_state": "default",
      "states": {
        "default": {
          "transitions": [{ "used": "query.is_using_item && query.get_equipped_item_name('main_hand') == 'omnitrix'" }]
        },
        "used": {
          "on_entry": ["/execute @s[tag=!no_omnitrix] ~ ~ ~ function omnitrix/new"],
          "transitions": [{ "default": "!query.is_using_item" }]
        }
      }
    },
    "controller.animation.omnitrix.select": {
      "states": {
        "default": { "transitions": [{ "selected": "query.is_sheared" }] },
        "selected": {
          "animations": ["selected.anim"],
          "transitions": [{ "default": "!query.is_sheared" }],
          "on_entry": ["/function omnitrix/select/check"]
        }
      }
    },
    "controller.animation.player.basic": {
      "states": {
        "default": {
          "on_entry": ["@s omnitrix:no_alien"],
          "transitions": [{ "alien": "query.variant != 0" }]
        },
        "alien": { "transitions": [{ "default": "query.variant == 0" }] }
      }
    }
  }
}
