{
  "format_version": "1.10.0",
  "animation_controllers": {
    "controller.animation.cellphone_box": {
      "initial_state": "deactive",
      "states": {
        "deactive": {
          "on_entry": ["/tag @s remove bomb", "/particle blockception:electric_spark ~ ~ ~"],
          "transitions": [{ "active": "query.is_chested" }]
        },
        "active": {
          "on_entry": ["/tag @s add bomb", "/playsound random.fizz @a", "/particle blockception:electric_spark ~ ~ ~"],
          "transitions": [{ "deactive": "!query.is_chested" }]
        }
      }
    }
  }
}
