{
  "format_version": "1.10.0",
  "animation_controllers": {
    "controller.animation.seismic_clap.lifetime": {
      "states": {
        "default": { "transitions": [{ "death": "query.life_time >= 3" }] },
        "death": { "on_entry": ["@s self:despawn"] }
      }
    },
    "controller.animation.tornado_thrown.lifetime": {
      "states": {
        "default": { "transitions": [{ "death": "query.life_time >= 3" }] },
        "death": { "on_entry": ["@s self:despawn"] }
      }
    },
    "controller.animation.diamondhead_dart.lifetime": {
      "states": {
        "default": { "transitions": [{ "death": "query.life_time >= 3" }] },
        "death": { "on_entry": ["@s self:despawn"] }
      }
    }
  }
}
