{
  "format_version": "1.10.0",
  "animation_controllers": {
    //Darts Projectile
    "controller.animation.diamondhead.darts": {
      "states": {
        "default": {
          "transitions": [{ "darts": "query.is_using_item && query.get_equipped_item_name('main_hand') == 'diamondhead_darts' && !query.is_charged" }]
        },
        "darts": {
          "animations": ["darts.diamondhead.anim"],
          "transitions": [{ "default": "variable.diamondhead_darts == 0" }]
        }
      }
    },
    //Line of Spikes
    "controller.animation.diamondhead.spikes_line": {
      "states": {
        "default": {
          "transitions": [{ "spikes_line": "query.is_using_item && query.get_equipped_item_name('main_hand') == 'diamondhead_line' && !query.is_charged" }]
        },
        "spikes_line": {
          "animations": ["spikes_line.diamondhead.anim"],
          "transitions": [{ "default": "variable.diamondhead_spikesline == 0" }]
        }
      }
    },
    //Circle of Spikes
    "controller.animation.diamondhead.spikes_circle": {
      "states": {
        "default": {
          "transitions": [{ "spikes_circle": "query.is_using_item && query.get_equipped_item_name('main_hand') == 'diamondhead_circle' && !query.is_charged" }]
        },
        "spikes_circle": {
          "animations": ["spikes_circle.diamondhead.anim"],
          "transitions": [{ "default": "variable.diamondhead_spikescircle == 0" }]
        }
      }
    }
  }
}
