{
  "format_version": "1.10.0",
  "animation_controllers": {
    "controller.animation.ice_wall": {
      "states": {
        "default": {
          "on_entry": ["/function abilities/heatblast/obstacle_blocked"],
          "transitions": [
            { "melt0": "query.variant == 0" },
            { "melt1": "query.variant == 1" },
            { "melt2": "query.variant == 2" },
            { "melt3": "query.variant == 3" },
            { "melt3": "!query.is_alive" }
          ]
        },
        "melt0": {
          "transitions": [{ "melt1": "query.is_sheared" }, { "melt3": "!query.is_alive" }],
          "on_entry": ["@s wall:remove_melt", "/function abilities/heatblast/obstacle_blocked"],
          "on_exit": ["@s melt:0to1"]
        },
        "melt1": {
          "transitions": [{ "melt3": "query.is_sheared || query.is_alive" }],
          "on_entry": ["@s wall:remove_melt", "/function abilities/heatblast/obstacle_blocked"],
          "on_exit": ["@s melt:1to2"]
        },
        "melt2": {
          "transitions": [{ "melt3": "query.is_sheared || query.is_alive" }],
          "on_entry": ["@s wall:remove_melt", "/function abilities/heatblast/obstacle_blocked"],
          "on_exit": ["@s melt:2to3"]
        },
        "melt3": {
          "on_entry": ["@s wall:remove_melt", "/function abilities/heatblast/obstacle_unblocked"]
        }
      }
    },
    "controller.animation.rock_wall": {
      "states": {
        "default": {
          "on_entry": ["/function abilities/heatblast/obstacle_blocked"],
          "transitions": [{ "break0": "query.variant == 0" }, { "break1": "query.variant == 1" }, { "break2": "query.variant == 2" }]
        },
        "break0": {
          "transitions": [{ "break1": "query.is_sheared" }],
          "on_entry": ["@s self:remove_break", "/function abilities/heatblast/obstacle_blocked"],
          "on_exit": ["@s break:0to1", "/function abilities/cannonbolt/screen_shake"]
        },
        "break1": {
          "transitions": [{ "break2": "query.is_sheared" }],
          "on_entry": ["@s self:remove_break", "/function abilities/heatblast/obstacle_blocked"],
          "on_exit": ["@s break:1to2", "/function abilities/cannonbolt/screen_shake"]
        },
        "break2": {
          "on_entry": ["@s self:remove_break", "/function abilities/heatblast/obstacle_unblocked"]
        }
      }
    }
  }
}
