{
  "format_version": "1.10.0",
  "animation_controllers": {
    "controller.animation.hex_crystal": {
      "states": {
        "default": {
          "transitions": [{ "not_broken": "!query.is_sheared" }, { "broken": "query.is_sheared" }]
        },
        "not_broken": {
          "on_entry": ["/fill ~ ~ ~ ~ ~1 ~ light_block 15 replace air"],
          "transitions": [{ "broken": "query.is_sheared" }],
          "on_exit": ["/function ch13/fight2/crystal_break"]
        },
        "broken": {
          "on_entry": ["/fill ~1 ~ ~1 ~-1 ~1 ~-1 air 0 replace light_block"]
        }
      }
    }
  }
}
