{
  "format_version": "1.10.0",
  "animation_controllers": {
    "controller.animation.fourarms.ground_slam": {
      "states": {
        "default": { "on_entry": ["variable.fourarmscharge = 0;"], "transitions": [{ "sneaking": "query.is_on_ground && query.is_sneaking" }] },
        "sneaking": {
          "animations": ["sneaking.fourarms.anim"],
          "transitions": [{ "jumping": "query.is_jumping" }, { "charged": "!query.is_sneaking" }, { "uncharged": "variable.fourarmscharge == 6" }]
        },
        "jumping": {
          "transitions": [
            { "ground_slam": "query.is_on_ground && variable.fourarmscharge >= 4" },
            { "default": "query.is_on_ground && variable.fourarmscharge < 4" }
          ]
        },
        "charged": {
          "animations": ["cooldown.fourarms.anim"],
          "transitions": [{ "default": "variable.cooldown == 0" }, { "jumping": "query.is_jumping && variable.cooldown > 0" }]
        },
        "ground_slam": {
          "on_entry": ["/function abilities/fourarms/spawnblast"],
          "animations": ["cooldown.fourarms.anim"],
          "transitions": [{ "default": "variable.cooldown == 0" }]
        },
        "uncharged": {
          "on_entry": ["variable.fourarmscharge = 0;"],
          "transitions": [{ "default": "!query.is_sneaking" }]
        }
      }
    },
    "controller.animation.fourarms.seismic_clap": {
      "states": {
        "default": {
          "transitions": [
            { "seismic_clap": "query.is_using_item && query.get_equipped_item_name('main_hand') == 'fourarms_seismicclap' && !query.is_charged" }
          ]
        },
        "seismic_clap": {
          "animations": ["seismic_clap.fourarms.anim"],
          "transitions": [{ "default": "variable.fourarms_seismicclap == 0" }]
        }
      }
    },
    "controller.animation.fourarms.get_debris": {
      "states": {
        "default": {
          "transitions": [
            { "get_debris": "query.is_using_item && query.get_equipped_item_name('main_hand') == 'fourarms_getdebris' && !query.is_charged" }
          ]
        },
        "get_debris": {
          "animations": ["get_debris.fourarms.anim"],
          "transitions": [{ "default": "variable.fourarms_getdebris == 0" }]
        }
      }
    },
    "controller.animation.fourarms.throw_debris": {
      "states": {
        "default": {
          "transitions": [
            {
              "throw_debris": "query.is_using_item && query.get_equipped_item_name('main_hand') == 'fourarms_throwdebris' && !query.is_charged && query.is_illager_captain"
            },
            {
              "throw_debris_fail": "query.is_using_item && query.get_equipped_item_name('main_hand') == 'fourarms_throwdebris' && !query.is_charged && !query.is_illager_captain"
            }
          ]
        },
        "throw_debris": {
          "animations": ["debris_throw.fourarms.anim"],
          "transitions": [{ "default": "variable.fourarms_throwdebris == 0" }]
        },
        "throw_debris_fail": {
          "animations": ["debris_throw_fail.fourarms.anim"],
          "transitions": [{ "default": "variable.fourarms_throwdebris == 0" }]
        }
      }
    }
  }
}
