{
  "format_version": "1.10.0",
  "animation_controllers": {
    "controller.animation.token.collected": {
      "initial_state": "default",
      "states": {
        "default": {
          "on_entry": ["/fill ~ ~ ~ ~ ~1 ~ light_block 15 replace air"],
          "transitions": [{ "collected": "query.is_sheared" }]
        },
        "collected": {
          "animations": ["collect.animation"],
          "on_entry": ["/fill ~1 ~ ~1 ~-1 ~1 ~-1 air 0 replace light_block", "/execute @s[tag=!collected] ~ ~ ~ function collectable/token"]
        }
      }
    }
  }
}
