{
  "format_version": "1.10.0",
  "animation_controllers": {
    "controller.animation.enemy.jetray_pickup": {
      "states": {
        "default": { "transitions": [{ "picked_up": "query.is_illager_captain" }] },
        "picked_up": {
          "transitions": [{ "default": "!query.is_riding" }],
          "on_entry": ["@s jetray:remove_pickup", "/function abilities/jetray/pick_up"]
        }
      }
    },
    "controller.animation.jetray.lasers": {
      "states": {
        "default": {
          "transitions": [{ "lasers": "query.is_using_item && query.get_equipped_item_name('main_hand') == 'jetray_lasers' && !query.is_charged" }]
        },
        "lasers": {
          "animations": ["lasers.jetray.anim"],
          "transitions": [{ "default": "variable.jetray_lasers == 0" }]
        }
      }
    },
    "controller.animation.jetray.flight": {
      "states": {
        "default": {
          "transitions": [
            { "flight": "query.is_using_item && query.get_equipped_item_name('main_hand') == 'jetray_flight' && !query.is_riding" },
            { "flight_fail": "query.is_using_item && query.get_equipped_item_name('main_hand') == 'jetray_flight' && query.is_riding" }
          ]
        },
        "flight": {
          "animations": ["flight.jetray.anim"],
          "transitions": [{ "default": "variable.jetray_flight == 0" }]
        },
        "flight_fail": {
          "on_entry": ["/function abilities/jetray/flight_fail"],
          "animations": ["flight_fail.jetray.anim"],
          "transitions": [{ "default": "variable.jetray_flight == 0" }]
        }
      }
    },
    "controller.animation.jetray.drop_pickup": {
      //TODO make this work
      "states": {
        "default": {
          "transitions": [
            { "drop": "query.is_using_item && query.get_equipped_item_name('main_hand') == 'jetray_drop' && query.has_rider" },
            { "drop_fail": "query.is_using_item && query.get_equipped_item_name('main_hand') == 'jetray_drop' && !query.has_rider" },
            { "pickup": "query.is_using_item && query.get_equipped_item_name('main_hand') == 'jetray_pickup' && !query.has_rider" },
            { "pickup_fail": "query.is_using_item && query.get_equipped_item_name('main_hand') == 'jetray_pickup' && query.has_rider" }
          ]
        },
        "drop": {
          "animations": ["drop.jetray.anim"],
          "transitions": [{ "default": "variable.jetray_drop == 0" }]
        },
        "drop_fail": {
          "animations": ["drop_fail.jetray.anim"],
          "transitions": [{ "default": "variable.jetray_drop == 0" }]
        },
        "pickup": {
          "animations": ["pickup.jetray.anim"],
          "transitions": [{ "default": "variable.jetray_pickup == 0" }]
        },
        "pickup_fail": {
          "animations": ["pickup_fail.jetray.anim"],
          "transitions": [{ "default": "variable.jetray_pickup == 0" }]
        }
      }
    }
  }
}
