{
  "format_version": "1.10.0",
  "animation_controllers": {
    "controller.animation.forever_knight.attack": {
      "states": {
        "default": { "transitions": [{ "attacking": "query.is_delayed_attacking || variable.attack_time > 0 || query.is_charged" }] },
        "attacking": {
          "on_entry": ["/function ch15/forever/on_attack"],
          "transitions": [{ "default": "(!query.is_delayed_attacking) && (variable.attack_time <= 0) && (!query.is_charged)" }]
        }
      }
    },
    "controller.animation.forever_knight.damage": {
      "states": {
        "default": {
          "transitions": [{ "damaged": "query.is_stunned" }]
        },
        "damaged": {
          "on_entry": [
            "@s to:remove_damage",
            "/execute @s[tag=vulnerable] ~ ~ ~ function ch15/forever/on_damage",
            "/execute @s[tag=shielded] ~ ~ ~ function ch15/forever/on_shield"
          ],
          "transitions": [{ "default": "!query.is_stunned" }]
        }
      }
    }
  }
}
