{
  "format_version": "1.10.0",
  "animation_controllers": {
    "controller.animation.player.revert": {
      "states": {
        "default": {
          "transitions": [
            {
              "revert": "query.is_using_item && query.get_equipped_item_name('main_hand') == 'revert_human' && !query.is_charged && query.variant > 0"
            }
          ]
        },
        "revert": {
          "animations": ["revert.player.anim"],
          "transitions": [{ "default": "query.variant == 0" }]
        }
      }
    },
    "controller.animation.quest.show": {
      "initial_state": "default",
      "states": {
        "default": {
          "transitions": [
            { "main": "query.is_using_item && query.get_equipped_item_name('main_hand') == 'quest.main'" },
            { "side": "query.is_using_item && query.get_equipped_item_name('main_hand') == 'quest.side'" }
          ]
        },
        "main": {
          "on_entry": ["/function quest/mainquestscreen/auto_show"],
          "transitions": [{ "default": "!query.is_using_item" }]
        },
        "side": {
          "on_entry": ["/function quest/collectivequestsscreen/auto_show"],
          "transitions": [{ "default": "!query.is_using_item" }]
        }
      }
    },
    "controller.animation.player.armour": {
      "states": {
        "default": {
          "transitions": [
            { "clear_head": "query.has_armor_slot(0)" },
            { "clear_chest": "query.has_armor_slot(1)" },
            { "clear_legs": "query.has_armor_slot(2)" },
            { "clear_feet": "query.has_armor_slot(3)" }
          ]
        },
        "clear_head": {
          "on_entry": ["/replaceitem entity @s slot.armor.head 0 air", "/function general/armour_error"],
          "transitions": [{ "default": "(1.0)" }]
        },
        "clear_chest": {
          "on_entry": ["/replaceitem entity @s slot.armor.chest 0 air", "/function general/armour_error"],
          "transitions": [{ "default": "(1.0)" }]
        },
        "clear_legs": {
          "on_entry": ["/replaceitem entity @s slot.armor.legs 0 air", "/function general/armour_error"],
          "transitions": [{ "default": "(1.0)" }]
        },
        "clear_feet": {
          "on_entry": ["/replaceitem entity @s slot.armor.feet 0 air", "/function general/armour_error"],
          "transitions": [{ "default": "(1.0)" }]
        }
      }
    }
  }
}
