{
  "format_version": "1.10.0",
  "animation_controllers": {
    "controller.animation.tornado_hit": {
      "states": {
        "default": { "transitions": [{ "spawn_tornado": "query.is_illager_captain" }] },
        "spawn_tornado": {
          "transitions": [{ "default": "!query.is_illager_captain" }],
          "on_entry": [
            "/execute @e[type=!blockception:tornado_thrown,type=!player,r=0.5,c=1] ~ ~ ~ function abilities/xlr8/tornado_spawn",
            "@s tornado:remove_spawn_ride"
          ]
        }
      }
    },
    "controller.animation.tornado_type": {
      "states": {
        "default": { "transitions": [{ "is_riding": "query.has_rider" }] },
        "is_riding": { "on_entry": ["@s tornado:add_riding", "/effect @s levitation 2 3 true"], "transitions": [{ "kill": "!query.has_rider" }] },
        "kill": { "on_entry": ["/function cleanup"] }
      }
    },
    "controller.animation.xlr8.tornado_throw": {
      "states": {
        "default": {
          "transitions": [{ "tornado": "query.is_using_item && query.get_equipped_item_name('main_hand') == 'xlr8_tornado' && !query.is_charged" }]
        },
        "tornado": {
          "animations": ["tornado.xlr8.anim"],
          "transitions": [{ "default": "variable.xlr8_tornado == 0" }]
        }
      }
    },
    "controller.animation.xlr8.boost": {
      "states": {
        "default": {
          "transitions": [{ "boost": "query.is_using_item && query.get_equipped_item_name('main_hand') == 'xlr8_boost' && !query.is_charged" }]
        },
        "boost": {
          "animations": ["boost.xlr8.anim"],
          "transitions": [{ "default": "variable.xlr8_boost == 0" }]
        }
      }
    },
    "controller.animation.xlr8.dodge": {
      "states": {
        "default": {
          "transitions": [
            { "left": "query.is_using_item && query.get_equipped_item_name('main_hand') == 'xlr8_left' && !query.is_charged" },
            { "right": "query.is_using_item && query.get_equipped_item_name('main_hand') == 'xlr8_right' && !query.is_charged" }
          ]
        },
        "left": {
          "animations": ["dodge_left.xlr8.anim"],
          "transitions": [{ "default": "variable.xlr8_dodge == 0" }]
        },
        "right": {
          "animations": ["dodge_right.xlr8.anim"],
          "transitions": [{ "default": "variable.xlr8_dodge == 0" }]
        }
      }
    }
  }
}
