{
  "format_version": "1.10.0",
  "animation_controllers": {
    "controller.animation.zombozo.attack": {
      "states": {
        "default": { "transitions": [{ "attacking": "query.is_delayed_attacking || variable.attack_time > 0 || query.is_charged" }] },
        "attacking": {
          "on_entry": ["/function ch3/zombozo/on_attack"],
          "transitions": [{ "default": "(!query.is_delayed_attacking) && (variable.attack_time <= 0) && (!query.is_charged)" }]
        }
      }
    },
    "controller.animation.zombozo.damage": {
      "states": {
        "default": { "transitions": [{ "damaged": "query.is_stunned" }] },
        "damaged": {
          "animations": ["damage.reset"],
          "on_entry": ["/function ch3/zombozo/on_damage"],
          "transitions": [{ "default": "!query.is_stunned" }]
        }
      }
    },
    "controller.animation.zombozo.ranged": {
      "states": {
        "default": {
          "on_entry": ["/function ch3/zombozo/on_attack", "/tag @s add done"]
        }
      }
    }
  }
}
