{
  "format_version": "1.10.0",
  "animation_controllers": {
    "controller.animation.slapback_land": {
      "states": {
        "default": {
          "transitions": [
            { "land_half": "query.is_sheared && query.variant == 1" },
            { "land_quarter": "query.is_sheared && query.variant == 2" },
            { "land_eighth": "query.is_sheared && query.variant == 3" }
          ],
          "on_entry": ["/function abilities/slapback/inheritid"]
        },
        "land_half": { "on_entry": ["/function abilities/slapback/projectile_half"] },
        "land_quarter": { "on_entry": ["/function abilities/slapback/projectile_quarter"] },
        "land_eighth": { "on_entry": ["/function abilities/slapback/projectile_eighth"] }
      }
    },
    "controller.animation.slapback_pickup": {
      "states": {
        "default": { "on_entry": ["@s slapback:remove_interact"], "transitions": [{ "picked_up": "query.is_sheared" }] },
        "picked_up": { "on_entry": ["/function abilities/slapback/duplicate_pickup"], "transitions": [{ "default": "query.is_on_ground" }] }
      }
    },
    "controller.animation.slapback_score": {
      "states": {
        "default": {
          "on_entry": ["@s slapback:remove_projectile"],
          "transitions": [{ "half": "query.skin_id == 2" }, { "quarter": "query.skin_id == 4" }, { "eighth": "query.skin_id == 8" }]
        },
        "half": { "on_entry": ["/scoreboard players set @s slapbackScale 2"], "transitions": [{ "default": "(1.0)" }] },
        "quarter": { "on_entry": ["/scoreboard players set @s slapbackScale 4"], "transitions": [{ "default": "(1.0)" }] },
        "eighth": { "on_entry": ["/scoreboard players set @s slapbackScale 8"], "transitions": [{ "default": "(1.0)" }] }
      }
    },
    "controller.animation.slapback.direct": {
      "states": {
        "default": {
          "transitions": [{ "direct": "query.is_using_item && query.get_equipped_item_name('main_hand') == 'slapback_direct' && !query.is_charged" }]
        },
        "direct": {
          "animations": ["direct.slapback.anim"],
          "transitions": [{ "default": "variable.slapback_direct == 0" }]
        }
      }
    },
    "controller.animation.slapback.pickup": {
      "states": {
        "default": {
          "transitions": [{ "pickup": "query.is_using_item && query.get_equipped_item_name('main_hand') == 'slapback_pickup' && !query.is_charged" }]
        },
        "pickup": {
          "animations": ["pickup.slapback.anim"],
          "transitions": [{ "default": "variable.slapback_pickup == 0" }]
        }
      }
    },
    "controller.animation.slapback.throw": {
      "states": {
        "default": {
          "transitions": [
            {
              "throw": "query.is_using_item && query.get_equipped_item_name('main_hand') == 'slapback_throw' && !query.is_charged && query.has_rider"
            },
            {
              "throw_fail": "query.is_using_item && query.get_equipped_item_name('main_hand') == 'slapback_throw' && !query.is_charged && !query.has_rider"
            }
          ]
        },
        "throw": {
          "animations": ["throw.slapback.anim"],
          "transitions": [{ "default": "variable.slapback_throw == 0" }]
        },
        "throw_fail": {
          //FIXME cannot find throw_fail.slapback.anim
          "animations": ["throw_fail.slapback.anim"],
          "transitions": [{ "default": "variable.slapback_throw == 0" }]
        }
      }
    },
    "controller.animation.slapback.drop": {
      "states": {
        "default": {
          "transitions": [
            { "drop": "query.is_using_item && query.get_equipped_item_name('main_hand') == 'slapback_drop' && !query.is_charged && query.has_rider" },
            {
              "drop_fail": "query.is_using_item && query.get_equipped_item_name('main_hand') == 'slapback_drop' && !query.is_charged && !query.has_rider"
            }
          ]
        },
        "drop": {
          "animations": ["drop.slapback.anim"],
          "transitions": [{ "default": "variable.slapback_drop == 0" }]
        },
        "drop_fail": {
          //FIXME cannot find drop_fail.slapback.anim
          "animations": ["drop_fail.slapback.anim"],
          "transitions": [{ "default": "variable.slapback_drop == 0" }]
        }
      }
    },
    "controller.animation.slapback.split": {
      "states": {
        "default": {
          "transitions": [{ "split": "query.is_using_item && query.get_equipped_item_name('main_hand') == 'slapback_split' && !query.is_charged" }]
        },
        "split": {
          "animations": ["split.slapback.anim"],
          "transitions": [{ "default": "variable.slapback_split == 0" }]
        }
      }
    },
    "controller.animation.slapback.merge": {
      "states": {
        "default": {
          "transitions": [{ "merge": "query.is_using_item && query.get_equipped_item_name('main_hand') == 'slapback_merge' && !query.is_charged" }]
        },
        "merge": {
          "animations": ["merge.slapback.anim"],
          "transitions": [{ "default": "variable.slapback_merge == 0" }]
        }
      }
    }
  }
}
