{
  "format_version": "1.10.0",
  "animation_controllers": {
    //Darts Projectile
    "controller.animation.crystalfist.darts": {
      "states": {
        "default": {
          "transitions": [{ "darts": "query.is_using_item && query.get_equipped_item_name('main_hand') == 'crystalfist_darts' && !query.is_charged" }]
        },
        "darts": {
          "animations": ["darts.crystalfist.anim"],
          "transitions": [{ "default": "variable.crystalfist_darts == 0" }]
        }
      }
    },
    //Line of Spikes
    "controller.animation.crystalfist.spikes_line": {
      "states": {
        "default": {
          "transitions": [{ "spikes_line": "query.is_using_item && query.get_equipped_item_name('main_hand') == 'crystalfist_line' && !query.is_charged" }]
        },
        "spikes_line": {
          "animations": ["spikes_line.crystalfist.anim"],
          "transitions": [{ "default": "variable.crystalfist_spikesline == 0" }]
        }
      }
    },
    //Circle of Spikes
    "controller.animation.crystalfist.spikes_circle": {
      "states": {
        "default": {
          "transitions": [{ "spikes_circle": "query.is_using_item && query.get_equipped_item_name('main_hand') == 'crystalfist_circle' && !query.is_charged" }]
        },
        "spikes_circle": {
          "animations": ["spikes_circle.crystalfist.anim"],
          "transitions": [{ "default": "variable.crystalfist_spikescircle == 0" }]
        }
      }
    }
  }
}
