{
  "format_version": "1.10.0",
  "animation_controllers": {
    "controller.animation.player.login": {
      "initial_state": "delay",
      "states": {
        "delay": {
          "animations": ["player.login"],
          "transitions": [{ "loggedin": "query.all_animations_finished" }]
        },
        "loggedin": {
          "transitions": [
            { "heatblast": "query.variant == 1" },
            { "slapback": "query.variant == 2" },
            { "diamondhead": "query.variant == 3" },
            { "xlr8": "query.variant == 4" },
            { "rath": "query.variant == 5" },
            { "fourarms": "query.variant == 6" },
            { "humungousaur": "query.variant == 7" },
            { "jetray": "query.variant == 8" },
            { "shockrock": "query.variant == 9" },
            { "quadsmack": "query.variant == 11" },
            { "rush": "query.variant == 12" },
            { "crystalfist": "query.variant == 13" },
            { "cannonbolt": "query.variant == 10" }
          ]
        },
        "heatblast": { "animations": ["refresh.heatblast.anim"] },
        "slapback": { "animations": ["refresh.slapback.anim"] },
        "diamondhead": { "animations": ["refresh.diamondhead.anim"] },
        "xlr8": { "animations": ["refresh.xlr8.anim"] },
        "rath": { "animations": ["refresh.rath.anim"] },
        "fourarms": { "animations": ["refresh.fourarms.anim"] },
        "humungousaur": { "animations": ["refresh.humungousaur.anim"] },
        "jetray": { "animations": ["refresh.jetray.anim"] },
        "shockrock": { "animations": ["refresh.shockrock.anim"] },
        "cannonbolt": { "animations": ["refresh.cannonbolt.anim"] },
        "quadsmack": { "animations": ["refresh.quadsmack.anim"] },
        "crystalfist": { "animations": ["refresh.crystalfist.anim"] },
        "rush": { "animations": ["refresh.rush.anim"] }
      }
    },
    "controller.animation.cooldown.refresh": {
      "states": {
        "default": {
          "transitions": [
            { "heatblast": "query.variant == 1" },
            { "slapback": "query.variant == 2" },
            { "diamondhead": "query.variant == 3" },
            { "xlr8": "query.variant == 4" },
            { "rath": "query.variant == 5" },
            { "fourarms": "query.variant == 6" },
            { "humungousaur": "query.variant == 7" },
            { "jetray": "query.variant == 8" },
            { "shockrock": "query.variant == 9" },
            { "cannonbolt": "query.variant == 10" },
            { "quadsmack": "query.variant == 11" },
            { "rush": "query.variant == 12" },
            { "crystalfist": "query.variant == 13" }
          ]
        },
        "heatblast": {
          "on_entry": ["/say refresh heatblast"],
          "animations": ["refresh.heatblast.anim"]
        },
        "slapback": {
          "on_entry": ["/say refresh slapback"],
          "animations": ["refresh.slapback.anim"]
        },
        "diamondhead": {
          "on_entry": ["/say refresh diamondhead"],
          "animations": ["refresh.diamondhead.anim"]
        },
        "xlr8": {
          "on_entry": ["/say refresh xlr8"],
          "animations": ["refresh.xlr8.anim"]
        },
        "rath": {
          "on_entry": ["/say refresh rath"],
          "animations": ["refresh.rath.anim"]
        },
        "fourarms": {
          "on_entry": ["/say refresh fourarms"],
          "animations": ["refresh.fourarms.anim"]
        },
        "humungousaur": {
          "on_entry": ["/say refresh humungousaur"],
          "animations": ["refresh.humungousaur.anim"]
        },
        "jetray": {
          "on_entry": ["/say refresh jetray"],
          "animations": ["refresh.jetray.anim"]
        },
        "shockrock": {
          "on_entry": ["/say refresh shockrock"],
          "animations": ["refresh.shockrock.anim"]
        },
        "cannonbolt": {
          "on_entry": ["/say refresh cannonbolt"],
          "animations": ["refresh.cannonbolt.anim"]
        },
        "quadsmack": {
          "on_entry": ["/say refresh quadsmack"],
          "animations": ["refresh.quadsmack.anim"]
        },
        "crystalfist": {
          "animations": ["refresh.crystalfist.anim"]
        },
        "rush": {
          "animations": ["refresh.rush.anim"]
        }
      }
    }
  }
}
