{
  "format_version": "1.10.0",
  "animation_controllers": {
    "controller.animation.quadsmack.ground_slam": {
      "states": {
        "default": { "on_entry": ["variable.quadsmackcharge = 0;"], "transitions": [{ "sneaking": "query.is_on_ground && query.is_sneaking" }] },
        "sneaking": {
          "animations": ["sneaking.quadsmack.anim"],
          "transitions": [{ "jumping": "query.is_jumping" }, { "charged": "!query.is_sneaking" }]
        },
        "jumping": {
          "transitions": [
            { "ground_slam": "query.is_on_ground && variable.quadsmackcharge >= 4" },
            { "default": "query.is_on_ground && variable.quadsmackcharge < 4" }
          ]
        },
        "charged": {
          "animations": ["cooldown.quadsmack.anim"],
          "transitions": [{ "default": "variable.cooldown == 0" }, { "jumping": "query.is_jumping && variable.cooldown > 0" }]
        },
        "ground_slam": {
          "on_entry": ["/function abilities/quadsmack/spawnblast"],
          "animations": ["cooldown.quadsmack.anim"],
          "transitions": [{ "default": "variable.cooldown == 0" }]
        }
      }
    },
    "controller.animation.quadsmack.seismic_clap": {
      "states": {
        "default": {
          "transitions": [
            { "seismic_clap": "query.is_using_item && query.get_equipped_item_name('main_hand') == 'quadsmack_seismicclap' && !query.is_charged" }
          ]
        },
        "seismic_clap": {
          "animations": ["seismic_clap.quadsmack.anim"],
          "transitions": [{ "default": "variable.quadsmack_seismicclap == 0" }]
        }
      }
    },
    "controller.animation.quadsmack.get_debris": {
      "states": {
        "default": {
          "transitions": [
            { "get_debris": "query.is_using_item && query.get_equipped_item_name('main_hand') == 'quadsmack_getdebris' && !query.is_charged" }
          ]
        },
        "get_debris": {
          "animations": ["get_debris.quadsmack.anim"],
          "transitions": [{ "default": "variable.quadsmack_getdebris == 0" }]
        }
      }
    },
    "controller.animation.quadsmack.throw_debris": {
      "states": {
        "default": {
          "transitions": [
            {
              "throw_debris": "query.is_using_item && query.get_equipped_item_name('main_hand') == 'quadsmack_throwdebris' && !query.is_charged && query.is_illager_captain"
            },
            {
              "throw_debris_fail": "query.is_using_item && query.get_equipped_item_name('main_hand') == 'quadsmack_throwdebris' && !query.is_charged && !query.is_illager_captain"
            }
          ]
        },
        "throw_debris": {
          "animations": ["debris_throw.quadsmack.anim"],
          "transitions": [{ "default": "variable.quadsmack_throwdebris == 0" }]
        },
        "throw_debris_fail": {
          "animations": ["debris_throw_fail.quadsmack.anim"],
          "transitions": [{ "default": "variable.quadsmack_throwdebris == 0" }]
        }
      }
    }
  }
}
