{
  "format_version": "1.10.0",
  "animation_controllers": {
    "controller.animation.rath.double_jump": {
      "states": {
        "default": { "transitions": [{ "jumping": "query.is_jumping" }] },
        "jumping": { "transitions": [{ "double_jumping_choice": "!query.is_jumping" }] },
        "double_jumping_choice": { "transitions": [{ "default": "query.is_on_ground" }, { "double_jump": "query.is_jumping" }] },
        "double_jump": {
          "animations": ["double_jump.rath.anim"],
          "transitions": [{ "default": "query.is_on_ground" }],
          "on_exit": ["/effect @s levitation 0 0 true"]
        }
      }
    },
    "controller.animation.rath.roar": {
      "states": {
        "default": {
          "transitions": [{ "roar": "query.is_using_item && query.get_equipped_item_name('main_hand') == 'rath_roar' && !query.is_charged" }]
        },
        "roar": {
          "animations": ["roar.rath.anim"],
          "transitions": [{ "default": "variable.rath_roar == 0" }]
        }
      }
    },
    "controller.animation.rath.slash": {
      "states": {
        "default": {
          "transitions": [{ "slash": "query.is_using_item && query.get_equipped_item_name('main_hand') == 'rath_slash' && !query.is_charged" }]
        },
        "slash": {
          "animations": ["slash.rath.anim"],
          "transitions": [{ "default": "variable.rath_slash == 0" }]
        }
      }
    },
    "controller.animation.rath.climb": {
      "states": {
        "default": {
          "transitions": [{ "climb": "query.is_using_item && query.get_equipped_item_name('main_hand') == 'rath_climb' && !query.is_charged" }]
        },
        "climb": {
          "animations": ["climb.rath.anim"],
          "transitions": [{ "default": "variable.rath_climb == 0" }]
        }
      }
    },
    "controller.animation.rath.obstacle": {
      "states": {
        "default": {
          "on_entry": ["/function abilities/rath/obstacle_blocked"],
          "transitions": [{ "destroyed": "query.variant == 1" }, { "stay_destroyed": "query.variant == 2" }]
        },
        "destroyed": { "animations": ["destroy.rath.anim"], "transitions": [{ "stay_destroyed": "query.variant == 2" }] },
        "stay_destroyed": { "on_entry": ["/function abilities/rath/obstacle_unblocked"] }
      }
    },
    "controller.animation.rath.climb_point": {
      "states": {
        "default": { "transitions": [{ "ridden": "query.is_sheared" }] },
        "ridden": {
          "on_entry": ["/function abilities/rath/climb_to_point"],
          "transitions": [{ "default": "!query.has_rider" }],
          "on_exit": ["@s climb:not_ridden"]
        }
      }
    }
  }
}
