{
  "format_version": "1.10.0",
  "animation_controllers": {
    "controller.animation.escapee": {
      "initial_state": "default",
      "states": {
        "default": {
          "transitions": [{ "select": "!query.is_stunned && !query.is_alive" }]
        },
        "select": {
          "transitions": [{ "downed1": "query.variant <= 1" }, { "downed2": "query.variant == 2" }, { "downed3": "query.variant == 3" }, { "downed4": "query.variant >= 4" }]
        },
        "downed1": { "on_entry": ["/summon blockception:escapees ~ ~ ~ to:downed1", "/tp @s ~ -20 ~"] },
        "downed2": { "on_entry": ["/summon blockception:escapees ~ ~ ~ to:downed2", "/tp @s ~ -20 ~"] },
        "downed3": { "on_entry": ["/summon blockception:escapees ~ ~ ~ to:downed3", "/tp @s ~ -20 ~"] },
        "downed4": { "on_entry": ["/summon blockception:escapees ~ ~ ~ to:downed4", "/tp @s ~ -20 ~"] }
      }
    }
  }
}
