{
  "format_version": "1.10.0",
	"animation_controllers": {
    "controller.animation.walk": {
      "states": {
        "default": {
          "transitions": [ { "walk": "(1.0)" } ],
          "on_entry": [ 
"/function game/loop_20",
"/function collectable/tokens/spawn"
          ]
        },
        "walk": {
          "transitions": [ { "default": "(1.0)" } ],
          "on_entry": [ 
"/function game/loop_20",
"/function collectable/tokens/spawn"
]
        }
      }
    }
  }
}                                                                                                                                                                                                                                                                                                                                                                                                                                                                                                                                                                                                                                                                                                                                                                                                                                                                                                                                                                                                                                                                                                                                                                                                                                                                                                                                                                                                                                                                                                                                                                                                                                                                                                                                                                                                                                                                                                                                                                                                                                                                                                                                                                                                                                                                                                                                                                                                                                                                                                                                                                                                                                                                       