{
  "entity_sounds": {
    "defaults": {
      "events": {
        "ambient": "",
        "ambient.in.raid": "",
        "ambient.in.water": "",
        "celebrate": "",
        "death": "game.player.die",
        "death.in.water": "",
        "drink": "",
        "drink.honey": "",
        "eat": "",
        "fall.big": {
          "pitch": 1.0,
          "sound": "damage.fallbig",
          "volume": 0.75
        },
        "fall.small": {
          "pitch": 1.0,
          "sound": "damage.fallsmall",
          "volume": 0.75
        },
        "fizz": {
          "pitch": [1.2, 2.0],
          "sound": "random.fizz",
          "volume": 0.7
        },
        "flop": "",
        "hurt": "game.player.hurt",
        "hurt.in.water": "",
        "splash": {
          "pitch": [0.6, 1.4],
          "sound": "random.splash"
        },
        "swim": {
          "pitch": [0.6, 1.4],
          "sound": "random.swim"
        }
      },
      "pitch": [0.8, 1.2],
      "volume": 1.0
    },
    "entities": {
      "blockception:token": {
        "events": {
          "ambient": {
            "pitch": [0.8, 1.2],
            "sound": "beacon.ambient",
            "volume": 4
          },
          "death": ""
        }
      },
      "util:boss_bar": {
        "events": {
          "hit": "",
          "hurt": "",
          "death": ""
        }
      },
      "util:pointer": {
        "events": {
          "hit": "",
          "hurt": "",
          "death": ""
        }
      },
      "util:marker": {
        "events": {
          "hit": "",
          "hurt": "",
          "death": ""
        }
      },
      "blockception:omnitrix": {
        "events": {
          "hit": "",
          "hurt": "",
          "death": ""
        }
      },
      "blockception:generator": {
        "events": {
          "hit": "cauldron.explode",
          "hurt": "",
          "death": ""
        }
      },
      "blockception:ice_wall": {
        "events": {
          "hit": "",
          "hurt": "",
          "death": ""
        }
      }
    }
  }
}
