{
  "format_version": "1.10.0",
  "minecraft:client_entity": {
    "description": {
      "identifier": "blockception:billy_robot",
      "materials": { "default": "entity", "alpha": "entity_alphatest" },
      "textures": { "default": "textures/entity/villains/billy/robot" },
      "render_controllers": ["controller.render.default"],
      "geometry": { "default": "geometry.billy_robot" },
      "animations": {
        "controller.state": "controller.animation.billy_robot.state",
        "controller.walk": "controller.animation.walk_run",
        "controller.hurt": "controller.animation.hurt",
        "controller.jump": "controller.animation.jump",
        "controller.attack": "controller.animation.attack_melee_range",

        "robot.disabled": "animation.billy_robot.deactivation",
        "robot.green": "animation.billy_robot.green",
        "robot.purple": "animation.billy_robot.purple",
        "robot.red": "animation.billy_robot.red",

        "idle": "animation.billy_robot.breathing",
        "walk": "animation.billy_robot.walking",
        "run": "animation.billy_robot.running",
        "hurt": "animation.billy_robot.hurt",
        "jump": "animation.billy_robot.jump",
        "melee": "animation.billy_robot.melee_attack",
        "ranged": "animation.billy_robot.laser_attack"
      },
      "scripts": {
        "initialize": ["variable.attack_time=0;", "variable.run_speed = 0.8;"],
        "pre_animation": ["variable.state = query.skin_id;", "variable.active = (!query.is_sheared && !query.is_baby) ? 1.0 : 0.0;"],
        "animate": [
          "controller.state",
          //sheared is disabled
          { "controller.walk": "variable.active == 1" },
          { "controller.hurt": "variable.active == 1" },
          { "controller.jump": "variable.active == 1" },
          { "controller.attack": "variable.active == 1" },
          { "robot.disabled": "variable.active == 0" }
        ]
      },
      "spawn_egg": {
        "base_color": "#00FF00",
        "overlay_color": "#000000"
      },
      "sound_effects": {
        //Billy Robots
        "br-activate": "br-activate",
        "br-deactivate": "br-deactivate",
        "br-laser": "br-laser",
        "br-melee": "br-melee",
        "br-hurt": "br-hurt"
      }
    }
  }
}
