{
  "format_version": "1.10.0",
  "minecraft:client_entity": {
    "description": {
      "identifier": "blockception:dog",
      "materials": { "default": "entity", "alpha": "entity_alphatest" },
      "textures": { "default": "textures/entity/animals/dog" },
      "render_controllers": ["controller.render.default"],
      "geometry": { "default": "geometry.dog" },
      "animations": {
        "walk": "animation.dog.walk",
        "melee": "animation.dog.attack",
        "idle": "animation.empty.s1",

        "controller.walk": "controller.animation.walk",
        "controller.attack": "controller.animation.attack_melee"
      },
      "scripts": {
        "animate": ["controller.attack", "controller.walk"]
      },
      "spawn_egg": {
        "base_color": "#00FF00",
        "overlay_color": "#000000"
      }
    }
  }
}
