{
  "format_version": "1.10.0",
  "minecraft:client_entity": {
    "description": {
      "identifier": "blockception:escapees",
      "materials": { "default": "entity", "alpha": "entity_alphatest" },
      "textures": {
        "default": "textures/entity/npc/prisoner1",
        "skin1": "textures/entity/npc/prisoner2",
        "skin2": "textures/entity/npc/prisoner3",
        "skin3": "textures/entity/npc/prisoner4"
      },
      "render_controllers": ["controller.render.npc.four"],
      "geometry": {
        "default": "geometry.prisoner1",
        "geo1": "geometry.prisoner2"
      },
      "animations": {
        "controller.attack": "controller.animation.steam_mech.attack_melee",
        "controller.pose": "controller.animation.escapee.pose",

        "melee1": "animation.prisoner.punch",
        "melee2": "animation.prisoner.kick",

        "idle": "animation.empty.pose",
        "controller.walk": "controller.animation.walk",
        "walk": "animation.blockception_humanoid.walk",

        "downed1": "animation.prisoner.downed1",
        "downed2": "animation.prisoner.downed2",
        "downed3": "animation.prisoner.downed3"
      },
      "scripts": {
        "animate": ["controller.attack", "controller.walk", "controller.pose"],
        "pre_animation": [
          "variable.tcos0 = (Math.cos(query.modified_distance_moved * 38.17) * query.modified_move_speed / variable.gliding_speed_value) * 57.3;",
          "variable.tcos1 = -variable.tcos0;",
          "variable.leftArm = (-(Math.cos(query.life_time * 103.2) * 2.865) - 2.865);",
          "variable.rightArm = ((Math.cos(query.life_time * 103.2) * 2.865) + 2.865);"
        ]
      },
      "spawn_egg": {
        "base_color": "#00FF00",
        "overlay_color": "#000000"
      }
    }
  }
}
