{
  "format_version": "1.10.0",
  "minecraft:client_entity": {
    "description": {
      "identifier": "blockception:steam_mech",
      "materials": { "default": "entity", "alpha": "entity_alphatest" },
      "textures": { "default": "textures/entity/villains/steam/mech" },
      "render_controllers": ["controller.render.default"],
      "geometry": { "default": "geometry.steam_mech" },

      "animations": {
        "idle": "animation.steam_mech.breathe",
        "walk": "animation.steam_mech.walk",
        "hurt": "animation.steam_mech.hurt",
        "jump": "animation.steam_mech.jump",
        "melee1": "animation.steam_mech.melee_attack_1",
        "melee2": "animation.steam_mech.melee_attack_2",

        "controller.walk": "controller.animation.walk",
        "controller.attack": "controller.animation.steam_mech.attack_melee",
        "controller.hurt": "controller.animation.hurt"
      },

      "scripts": {
        "initialize": ["variable.run_speed = 0.8;"],
        "animate": ["controller.walk", "controller.attack", "controller.hurt"]
      },
      "spawn_egg": {
        "base_color": "#00FF00",
        "overlay_color": "#000000"
      },
      "sound_effects": {
        "sm-2melee": "sm-2melee",
        "sm-hurt": "sm-hurt",
        "sm-melee": "sm-melee"
      }
    }
  }
}
