{
  "format_version": "1.10.0",
  "minecraft:client_entity": {
    "description": {
      "identifier": "blockception:vilgax_drone",
      "materials": { "default": "entity", "alpha": "entity_alphatest" },
      "textures": { "default": "textures/entity/villains/vilgax_drone" },
      "render_controllers": ["controller.render.default"],
      "geometry": { "default": "geometry.vilgax_drone" },
      "animations": {
        "pose": "animation.vilgax_drone.pose",
        "pose_open": "animation.vilgax_drone.pose_open",
        "pose_close": "animation.vilgax_drone.pose_close",
        "pose_to_open": "animation.vilgax_drone.open",
        "pose_to_close": "animation.vilgax_drone.close",

        "blade": "animation.vilgax_drone.blade",
        "no_blade": "animation.vilgax_drone.no_blade",

        "pose.controller": "controller.animation.vilgax_drone.pose"
      },
      "scripts": {
        "initialize": ["variable.bobspeed = math.random_integer(90, 360);", "variable.offset = math.random(-4, 4);"],
        "animate": ["pose.controller", "pose"]
      },
      "spawn_egg": {
        "base_color": "#00FF00",
        "overlay_color": "#000000"
      }
    }
  }
}
