{
  "format_version": "1.10.0",
  "animations": {
    "animation.billy_robot.disable": {
      "animation_length": 1,
      "loop": false,
      "timeline": {
        "0.0": ["/tag @s add disable"]
      }
    },
    "animation.billy_robot.temp_deactivate": {
      "animation_length": 4.5,
      "loop": false,
      "timeline": {
        "0.0": ["/effect @s instant_health 1 3 true", "/tag @s remove vulnerable"],
        "1.0": ["/effect @s instant_health 1 3 true"],
        "2.0": ["/effect @s instant_health 1 3 true"],
        "3.0": ["/effect @s instant_health 1 3 true"],
        "4.0": ["@s robot:activate", "/tag @s add vulnerable"]
      }
    }
  }
}
