{
  "format_version": "1.10.0",
  "animations": {
    "animation.cannonbolt.piledriver": {
      "animation_length": 7.92,
      "loop": false,
      "timeline": {
        "0.0": ["variable.cannonbolt_piledriver = 1;", "/effect @s levitation 1 5 true"],
        "0.1": ["@s player:is_using_ability"],
        "0.44": ["/effect @s levitation 0 0 true"],
        "0.48": ["@s cannonbolt:piledriver", "/function abilities/cannonbolt/piledriver"],
        "0.92": ["@s player:not_using_ability", "/function abilities/cannonbolt/piledriver_cd_start"],
        "1.92": ["/function abilities/cannonbolt/piledriver_cd_loop"],
        "2.92": ["/function abilities/cannonbolt/piledriver_cd_loop"],
        "3.92": ["/function abilities/cannonbolt/piledriver_cd_loop"],
        "4.92": ["/function abilities/cannonbolt/piledriver_cd_loop"],
        "5.92": ["/function abilities/cannonbolt/piledriver_cd_loop"],
        "6.92": ["/function abilities/cannonbolt/piledriver_cd_end", "variable.cannonbolt_piledriver = 0;"]
      }
    },
    "animation.cannonbolt.piledriver_fail": {
      "animation_length": 3.0,
      "loop": false,
      "timeline": {
        "0.0": ["/function abilities/cannonbolt/piledriver_fail_cd_start", "variable.cannonbolt_piledriver = 1;"],
        "0.1": ["@s player:is_using_ability"],
        "1.0": ["/function abilities/cannonbolt/piledriver_cd_loop"],
        "2.0": ["@s player:not_using_ability", "/function abilities/cannonbolt/piledriver_cd_end", "variable.cannonbolt_piledriver = 0;"]
      }
    },
    "animation.cannonbolt.slam": {
      "animation_length": 5.92,
      "loop": false,
      "timeline": {
        "0.0": ["variable.cannonbolt_slam = 1;"],
        "0.1": ["@s player:is_using_ability"],
        "0.44": ["/function abilities/cannonbolt/slam"],
        "0.92": ["@s player:not_using_ability", "/function abilities/cannonbolt/slam_cd_start"],
        "1.92": ["/function abilities/cannonbolt/slam_cd_loop"],
        "2.92": ["/function abilities/cannonbolt/slam_cd_loop"],
        "3.92": ["/function abilities/cannonbolt/slam_cd_loop"],
        "4.92": ["/function abilities/cannonbolt/slam_cd_end", "variable.cannonbolt_slam = 0;"]
      }
    },
    "animation.cannonbolt.slam_fail": {
      "animation_length": 3.0,
      "loop": false,
      "timeline": {
        "0.0": ["/function abilities/cannonbolt/slam_fail_cd_start", "variable.cannonbolt_slam = 1;"],
        "0.1": ["@s player:is_using_ability"],
        "1.0": ["/function abilities/cannonbolt/slam_cd_loop"],
        "2.0": ["@s player:not_using_ability", "/function abilities/cannonbolt/slam_cd_end", "variable.cannonbolt_slam = 0;"]
      }
    },
    "animation.cannonbolt.transform_item": {
      "animation_length": 4.28,
      "loop": false,
      "timeline": {
        "0.0": ["variable.cannonbolt_transform = 1;", "@s cannonbolt:transform", "@s player:is_using_ability"],
        "1.28": ["@s player:not_using_ability", "/function abilities/cannonbolt/transform_cd_start"],
        "2.28": ["/function abilities/cannonbolt/transform_cd_loop"],
        "3.28": ["variable.cannonbolt_transform = 0;", "/function abilities/cannonbolt/transform_cd_end"]
      }
    },
    "animation.cannonbolt.transform_standing": {
      "animation_length": 1,
      "loop": false,
      "timeline": {
        "0.0": ["@s cannonbolt:transform_standing"]
      }
    },
    "animation.cannonbolt.transform_ball": {
      "animation_length": 1,
      "loop": false,
      "timeline": {
        "0.0": ["@s cannonbolt:transform_ball"]
      }
    },
    "animation.cannonbolt.ball_speed": {
      "animation_length": 5,
      "loop": true,
      "timeline": { "0.0": ["/effect @s speed 20 3 true"] }
    },
    "animation.cannonbolt.refresh": {
      "animation_length": 1,
      "loop": false,
      "timeline": {
        "0.5": [
          "/function abilities/cannonbolt/give",
          "variable.cannonbolt_piledriver = 0;",
          "variable.cannonbolt_slam = 0;",
          "variable.cannonbolt_transform = 0;"
        ]
      }
    }
  }
}
