{
  "format_version": "1.10.0",
  "animations": {
    "animation.crystalfist.darts": {
      "animation_length": 6.28,
      "loop": false,
      "timeline": {
        "0.0": ["variable.crystalfist_darts = 1;"],
        "0.1": ["@s player:is_using_ability"],
        "0.6": ["@s diamondhead:throw_darts"],
        "1.28": ["@s player:not_using_ability", "/function abilities/crystalfist/darts_cd_start"],
        "2.28": ["/function abilities/crystalfist/darts_cd_loop"],
        "3.28": ["/function abilities/crystalfist/darts_cd_loop"],
        "4.28": ["/function abilities/crystalfist/darts_cd_loop"],
        "5.28": ["variable.crystalfist_darts = 0;", "/function abilities/crystalfist/darts_cd_end"]
      }
    },
    "animation.crystalfist.spikes_line": {
      "animation_length": 8.43,
      "loop": false,
      "timeline": {
        "0.0": ["variable.crystalfist_spikesline = 1;"],
        "0.1": ["@s player:is_using_ability"],
        "0.68": ["/function abilities/crystalfist/spikes_line"],
        "1.43": ["@s player:not_using_ability", "/function abilities/crystalfist/line_cd_start"],
        "2.43": ["/function abilities/crystalfist/line_cd_loop"],
        "3.43": ["/function abilities/crystalfist/line_cd_loop"],
        "4.43": ["/function abilities/crystalfist/line_cd_loop"],
        "5.43": ["/function abilities/crystalfist/line_cd_loop"],
        "6.43": ["/function abilities/crystalfist/line_cd_loop"],
        "7.43": ["variable.crystalfist_spikesline = 0;", "/function abilities/crystalfist/line_cd_end"]
      }
    },
    "animation.crystalfist.spikes_circle": {
      "animation_length": 10.43,
      "loop": false,
      "timeline": {
        "0.0": ["variable.crystalfist_spikescircle = 1;"],
        "0.1": ["@s player:is_using_ability"],
        "0.68": ["/function abilities/crystalfist/spikes_circle"],
        "1.43": ["@s player:not_using_ability", "/function abilities/crystalfist/circle_cd_start"],
        "2.43": ["/function abilities/crystalfist/circle_cd_loop"],
        "3.43": ["/function abilities/crystalfist/circle_cd_loop"],
        "4.43": ["/function abilities/crystalfist/circle_cd_loop"],
        "5.43": ["/function abilities/crystalfist/circle_cd_loop"],
        "6.43": ["/function abilities/crystalfist/circle_cd_loop"],
        "7.43": ["/function abilities/crystalfist/circle_cd_loop"],
        "8.43": ["/function abilities/crystalfist/circle_cd_loop"],
        "9.43": ["variable.crystalfist_spikescircle = 0;", "/function abilities/crystalfist/circle_cd_end"]
      }
    },
    "animation.crystalfist.refresh": {
      "animation_length": 1,
      "loop": false,
      "timeline": {
        "0.5": [
          "/function abilities/crystalfist/give",
          "variable.crystalfist_spikescircle = 0;",
          "variable.crystalfist_darts = 0;",
          "variable.crystalfist_spikesline = 0;"
        ]
      }
    }
  }
}
