{
  "format_version": "1.10.0",
  "animations": {
    "animation.diamondhead_spikes.lifetime": {
      "animation_length": 3,
      "loop": false,
      "timeline": {
        "0.36": ["@s spikes:add_attack"],
        "2.5": ["@s self:despawn"]
      }
    },
    "animation.diamondhead_spikes.attack": {
      "animation_length": 3,
      "loop": false,
      "timeline": {
        "0.4": ["@s spikes:remove_attack"]
      }
    },
    "animation.diamondhead.darts": {
      "animation_length": 6.28,
      "loop": false,
      "timeline": {
        "0.0": ["variable.diamondhead_darts = 1;"],
        "0.1": ["@s player:is_using_ability"],
        "0.6": ["@s diamondhead:throw_darts"],
        "1.28": ["@s player:not_using_ability", "/function abilities/diamondhead/darts_cd_start"],
        "2.28": ["/function abilities/diamondhead/darts_cd_loop"],
        "3.28": ["/function abilities/diamondhead/darts_cd_loop"],
        "4.28": ["/function abilities/diamondhead/darts_cd_loop"],
        "5.28": ["variable.diamondhead_darts = 0;", "/function abilities/diamondhead/darts_cd_end"]
      }
    },
    "animation.diamondhead.spikes_line": {
      "animation_length": 8.43,
      "loop": false,
      "timeline": {
        "0.0": ["variable.diamondhead_spikesline = 1;"],
        "0.1": ["@s player:is_using_ability"],
        "0.68": ["/function abilities/diamondhead/spikes_line"],
        "1.43": ["@s player:not_using_ability", "/function abilities/diamondhead/line_cd_start"],
        "2.43": ["/function abilities/diamondhead/line_cd_loop"],
        "3.43": ["/function abilities/diamondhead/line_cd_loop"],
        "4.43": ["/function abilities/diamondhead/line_cd_loop"],
        "5.43": ["/function abilities/diamondhead/line_cd_loop"],
        "6.43": ["/function abilities/diamondhead/line_cd_loop"],
        "7.43": ["variable.diamondhead_spikesline = 0;", "/function abilities/diamondhead/line_cd_end"]
      }
    },
    "animation.diamondhead.spikes_circle": {
      "animation_length": 10.43,
      "loop": false,
      "timeline": {
        "0.0": ["variable.diamondhead_spikescircle = 1;"],
        "0.1": ["@s player:is_using_ability"],
        "0.68": ["/function abilities/diamondhead/spikes_circle"],
        "1.43": ["@s player:not_using_ability", "/function abilities/diamondhead/circle_cd_start"],
        "2.43": ["/function abilities/diamondhead/circle_cd_loop"],
        "3.43": ["/function abilities/diamondhead/circle_cd_loop"],
        "4.43": ["/function abilities/diamondhead/circle_cd_loop"],
        "5.43": ["/function abilities/diamondhead/circle_cd_loop"],
        "6.43": ["/function abilities/diamondhead/circle_cd_loop"],
        "7.43": ["/function abilities/diamondhead/circle_cd_loop"],
        "8.43": ["/function abilities/diamondhead/circle_cd_loop"],
        "9.43": ["variable.diamondhead_spikescircle = 0;", "/function abilities/diamondhead/circle_cd_end"]
      }
    },
    "animation.diamondhead.refresh": {
      "animation_length": 1,
      "loop": false,
      "timeline": {
        "0.5": [
          "/function abilities/diamondhead/give",
          "variable.diamondhead_spikescircle = 0;",
          "variable.diamondhead_darts = 0;",
          "variable.diamondhead_spikesline = 0;"
        ]
      }
    }
  }
}
