{
  "format_version": "1.8.0",
  "animations": {
    "animation.flying.down": {
      "loop": true,
      "timeline": { "0.0": ["/execute @e[family=dummy_flight,r=5.5,c=1] ~ ~ ~ function flying/fly_down"] },
      "animation_length": 1.0
    },
    "animation.flying.up": {
      "loop": true,
      "timeline": { "0.0": ["/execute @e[family=dummy_flight,r=5.5,c=1] ~ ~ ~ function flying/fly_up"] },
      "animation_length": 1.0
    },
    "animation.flying.level": {
      "loop": true,
      "timeline": { "0.0": ["/execute @e[family=dummy_flight,r=5.5,c=1] ~ ~ ~ function flying/fly_level"] },
      "animation_length": 0.5
    },
    "animation.dummy.cleanup": {
      "loop": true,
      "timeline": {
        "0.0": ["/ride @s evict_riders"],
        "0.5": ["/function cleanup"]
      },
      "animation_length": 2
    },
    "animation.dummy.takeoff": {
      "loop": false,
      "timeline": {
        "0.0": ["/function flying/spawn"],
        "0.5": ["/function flying/spawn_clear"]
      },
      "animation_length": 1
    }
  }
}
