{
  "format_version": "1.10.0",
  "animations": {
    "animation.fourarms.sneaking": {
      "animation_length": 4.5,
      "loop": false,
      "timeline": {
        "0.0": ["/function abilities/fourarms/charge0", "variable.fourarmscharge = 0;"],
        "0.4": ["/function abilities/fourarms/charge1", "variable.fourarmscharge = 1;"],
        "0.8": ["/function abilities/fourarms/charge2", "variable.fourarmscharge = 2;"],
        "1.2": ["/function abilities/fourarms/charge3", "variable.fourarmscharge = 3;"],
        "1.6": ["/function abilities/fourarms/charge4", "variable.fourarmscharge = 4;"],
        "2.0": ["/function abilities/fourarms/charge5", "variable.fourarmscharge = 5;"],
        "4.0": ["variable.fourarmscharge = 6;"]
      }
    },
    "animation.fourarms.cooldown": {
      "animation_length": 2.1,
      "loop": false,
      "timeline": {
        "0.0": ["variable.cooldown = 1;"],
        "2.0": ["variable.cooldown = 0;"]
      }
    },
    "animation.fourarms.debris_throw": {
      "animation_length": 5.4,
      "loop": false,
      "timeline": {
        "0.0": ["variable.fourarms_throwdebris = 1;", "@s fourarms:remove_rock"],
        "0.1": ["@s player:is_using_ability"],
        "0.4": ["@s fourarms:debris_throw", "/function abilities/fourarms/throwdebris_cd_start"],
        "1.4": ["/function abilities/fourarms/throwdebris_cd_loop"],
        "1.5": ["@s player:not_using_ability"],
        "2.4": ["/function abilities/fourarms/throwdebris_cd_loop"],
        "3.4": ["/function abilities/fourarms/throwdebris_cd_loop"],
        "4.4": ["/function abilities/fourarms/throwdebris_cd_end", "variable.fourarms_throwdebris = 0;"]
      }
    },
    "animation.fourarms.get_debris": {
      "animation_length": 6.39,
      "loop": false,
      "timeline": {
        "0.0": ["variable.fourarms_getdebris = 1;"],
        "0.1": ["@s player:is_using_ability", "/function abilities/fourarms/get_debris"],
        "1.39": ["/function abilities/fourarms/getdebris_cd_start"],
        "1.5": ["@s player:not_using_ability"],
        "2.39": ["/function abilities/fourarms/getdebris_cd_loop"],
        "2.9": ["/function abilities/fourarms/give_debris"],
        "3.39": ["/function abilities/fourarms/getdebris_cd_loop"],
        "4.39": ["/function abilities/fourarms/getdebris_cd_loop"],
        "5.39": ["/function abilities/fourarms/getdebris_cd_end", "variable.fourarms_getdebris = 0;"]
      }
    },
    "animation.fourarms.seismic_clap": {
      "animation_length": 5.4,
      "loop": false,
      "timeline": {
        "0.0": ["variable.fourarms_seismicclap = 1;"],
        "0.1": ["@s player:is_using_ability"],
        "0.4": ["@s fourarms:seismic_clap", "/function abilities/fourarms/clap_cd_start"],
        "1.4": ["/function abilities/fourarms/clap_cd_loop"],
        "1.5": ["@s player:not_using_ability"],
        "2.4": ["/function abilities/fourarms/clap_cd_loop"],
        "3.4": ["/function abilities/fourarms/clap_cd_loop"],
        "4.4": ["/function abilities/fourarms/clap_cd_end", "variable.fourarms_seismicclap = 0;"]
      }
    },
    "animation.fourarms.refresh": {
      "animation_length": 1,
      "loop": false,
      "timeline": {
        "0.5": [
          "/function abilities/fourarms/give",
          "variable.fourarms_getdebris = 0;",
          "variable.fourarms_throwdebris = 0;",
          "variable.fourarms_seismicclap = 0;"
        ]
      }
    },
    "animation.fourarms.debris_throw_fail": {
      "animation_length": 5.4,
      "loop": false,
      "timeline": {
        "0.1": ["@s player:is_using_ability"],
        "0.4": ["/function abilities/fourarms/throwdebris_fail", "/function abilities/fourarms/throwdebrisfail_cd_start"],
        "1.4": ["/function abilities/fourarms/throwdebris_cd_loop"],
        "1.5": ["@s player:not_using_ability"],
        "4.4": ["/function abilities/fourarms/throwdebris_cd_end"]
      }
    }
  }
}
