{
  "format_version": "1.10.0",
  "animations": {
    "animation.heatblast.fireball": {
      "animation_length": 4.92,
      "loop": false,
      "timeline": {
        "0.0": ["variable.heatblast_fireball = 1;"],
        "0.1": ["@s player:is_using_ability"],
        "0.42": ["@s heatblast:fireball"],
        "0.92": ["@s player:not_using_ability", "/function abilities/heatblast/fireball_cd_start"],
        "1.92": ["/function abilities/heatblast/fireball_cd_loop"],
        "2.92": ["/function abilities/heatblast/fireball_cd_loop"],
        "3.92": ["variable.heatblast_fireball = 0;", "/function abilities/heatblast/fireball_cd_end"]
      }
    },
    "animation.heatblast.flamethrower": {
      "animation_length": 6.88,
      "loop": false,
      "timeline": {
        "0.0": ["variable.heatblast_flamethrower = 1;"],
        "0.88": ["@s player:not_using_ability", "/function abilities/heatblast/flamethrower_cd_start"],
        "1.88": ["/function abilities/heatblast/flamethrower_cd_loop"],
        "2.88": ["/function abilities/heatblast/flamethrower_cd_loop"],
        "3.88": ["/function abilities/heatblast/flamethrower_cd_loop"],
        "4.88": ["/function abilities/heatblast/flamethrower_cd_loop"],
        "5.88": ["variable.heatblast_flamethrower = 0;", "/function abilities/heatblast/flamethrower_cd_end"]
      }
    },
    "animation.heatblast.fireball_lifetime": {
      "animation_length": 6.0,
      "loop": false,
      "timeline": {
        "5.0": ["@s self:despawn"]
      }
    },
    "animation.heatblast.flamethrower_lifetime": {
      "animation_length": 2.0,
      "loop": false,
      "timeline": {
        "1.0": ["@s self:despawn"]
      }
    },
    "animation.heatblast.take_off": {
      "animation_length": 6.48,
      "loop": false,
      "timeline": {
        "0.0": ["variable.heatblast_takeoff = 1;", "/function abilities/heatblast/take_off"],
        "0.1": ["@s player:is_using_ability"],
        "0.25": ["/function abilities/heatblast/take_off_slowfall"],
        "0.48": ["@s player:not_using_ability", "/function abilities/heatblast/takeoff_cd_start"],
        "1.48": ["/function abilities/heatblast/takeoff_cd_loop"],
        "2.48": ["/function abilities/heatblast/takeoff_cd_loop"],
        "3.48": ["/function abilities/heatblast/takeoff_cd_loop"],
        "4.48": ["/function abilities/heatblast/takeoff_cd_loop"],
        "5.48": ["variable.heatblast_takeoff = 0;", "/function abilities/heatblast/takeoff_cd_end"]
      }
    },
    "animation.heatblast.take_off_fail": {
      "animation_length": 3.48,
      "loop": false,
      "timeline": {
        "0.0": ["variable.heatblast_takeoff = 1;", "/function abilities/heatblast/take_off_fail"],
        "0.1": ["@s player:is_using_ability"],
        "0.48": ["@s player:not_using_ability", "/function abilities/heatblast/takeofffail_cd_start"],
        "1.48": ["/function abilities/heatblast/takeoff_cd_loop"],
        "2.48": ["variable.heatblast_takeoff = 0;", "/function abilities/heatblast/takeoff_cd_end"]
      }
    },
    "animation.heatblast.refresh": {
      "animation_length": 1,
      "loop": false,
      "timeline": {
        "0.5": [
          "/function abilities/heatblast/give",
          "variable.heatblast_fireball = 0;",
          "variable.heatblast_flamethrower = 0;",
          "variable.heatblast_takeoff = 0;"
        ]
      }
    }
  }
}
