{
  "format_version": "1.10.0",
  "animations": {
    "animation.humungousaur.stomp": {
      "animation_length": 5.52,
      "loop": false,
      "timeline": {
        "0.0": ["variable.humungousaur_stomp = 1;"],
        "0.1": ["@s player:is_using_ability"],
        "0.52": ["@s humungousaur:stomp", "/function abilities/humungousaur/stomp_cd_start"],
        "0.96": ["@s player:not_using_ability"],
        "1.52": ["/function abilities/humungousaur/stomp_cd_loop"],
        "2.52": ["/function abilities/humungousaur/stomp_cd_loop"],
        "3.52": ["/function abilities/humungousaur/stomp_cd_loop"],
        "4.52": ["/function abilities/humungousaur/stomp_cd_end", "variable.humungousaur_stomp = 0;"]
      }
    },
    "animation.humungousaur.tail_whip": {
      "animation_length": 7.84,
      "loop": false,
      "timeline": {
        "0.0": ["variable.humungousaur_tail = 1;"],
        "0.1": ["@s player:is_using_ability"],
        "0.84": ["/function abilities/humungousaur/tail_whip", "/function abilities/humungousaur/tail_cd_start"],
        "1.76": ["@s player:not_using_ability"],
        "1.84": ["/function abilities/humungousaur/tail_cd_loop"],
        "2.84": ["/function abilities/humungousaur/tail_cd_loop"],
        "3.84": ["/function abilities/humungousaur/tail_cd_loop"],
        "4.84": ["/function abilities/humungousaur/tail_cd_loop"],
        "5.84": ["/function abilities/humungousaur/tail_cd_loop"],
        "6.84": ["/function abilities/humungousaur/tail_cd_end", "variable.humungousaur_tail = 0;"]
      }
    },
    "animation.humungousaur.sonar_beam": {
      "animation_length": 7.88,
      "loop": false,
      "timeline": {
        "0.0": ["variable.humungousaur_sonar = 1;"],
        "0.88": ["@s player:not_using_ability", "/function abilities/humungousaur/sonar_cd_start"],
        "1.88": ["/function abilities/humungousaur/sonar_cd_loop"],
        "2.88": ["/function abilities/humungousaur/sonar_cd_loop"],
        "3.88": ["/function abilities/humungousaur/sonar_cd_loop"],
        "4.88": ["/function abilities/humungousaur/sonar_cd_loop"],
        "5.88": ["/function abilities/humungousaur/sonar_cd_loop"],
        "6.88": ["variable.humungousaur_sonar = 0;", "/function abilities/humungousaur/sonar_cd_end"]
      }
    },
    "animation.humungousaur.refresh": {
      "animation_length": 1,
      "loop": false,
      "timeline": {
        "0.5": [
          "/function abilities/humungousaur/give",
          "variable.humungousaur_sonar = 0;",
          "variable.humungousaur_stomp = 0;",
          "variable.humungousaur_tail = 0;"
        ]
      }
    }
  }
}
