{
  "format_version": "1.10.0",
  "animations": {
    "animation.jetray.lasers": {
      "animation_length": 5.36,
      "loop": false,
      "timeline": {
        "0.0": ["variable.jetray_lasers = 1;"],
        "0.1": ["@s player:is_using_ability"],
        "0.36": ["@s jetray:lasers", "/function abilities/jetray/lasers_cd_start"],
        "0.8": ["@s player:not_using_ability"],
        "1.36": ["/function abilities/jetray/lasers_cd_loop"],
        "2.36": ["/function abilities/jetray/lasers_cd_loop"],
        "3.36": ["/function abilities/jetray/lasers_cd_loop"],
        "4.36": ["variable.jetray_lasers = 0;", "/function abilities/jetray/lasers_cd_end"]
      }
    },
    "animation.jetray.drop": {
      "animation_length": 4.5,
      "loop": false,
      "timeline": {
        "0.0": ["variable.jetray_drop = 1;"],
        "0.1": ["@s player:is_using_ability"],
        "0.2": ["/function abilities/jetray/drop"],
        "0.5": ["/function abilities/jetray/pickup_cd_start"],
        "0.8": ["@s player:not_using_ability"],
        "1.5": ["/function abilities/jetray/pickup_cd_loop"],
        "2.5": ["/function abilities/jetray/pickup_cd_loop"],
        "3.5": ["variable.jetray_drop = 0;", "/function abilities/jetray/pickup_cd_end"]
      }
    },
    "animation.jetray.pickup": {
      "animation_length": 4.5,
      "loop": false,
      "timeline": {
        "0.0": ["variable.jetray_pickup = 1;"],
        "0.1": ["@s player:is_using_ability"],
        "0.5": ["/function abilities/jetray/pickup_cd_start"],
        "0.8": ["@s player:not_using_ability"],
        "1.5": ["/function abilities/jetray/pickup_cd_loop"],
        "2.5": ["/function abilities/jetray/pickup_cd_loop"],
        "3.5": ["variable.jetray_pickup = 0;", "/function abilities/jetray/pickup_cd_end"]
      }
    },
    "animation.jetray.drop_fail": {
      "animation_length": 4.5,
      "loop": false,
      "timeline": {
        "0.0": ["variable.jetray_drop = 1;"],
        "0.1": ["@s player:is_using_ability"],
        "0.2": ["/function abilities/jetray/drop_fail"],
        "0.5": ["/function abilities/jetray/pickup_cd_start"],
        "0.8": ["@s player:not_using_ability"],
        "1.5": ["/function abilities/jetray/pickup_cd_loop"],
        "2.5": ["/function abilities/jetray/pickup_cd_loop"],
        "3.5": ["variable.jetray_drop = 0;", "/function abilities/jetray/pickup_cd_end"]
      }
    },
    "animation.jetray.pickup_fail": {
      "animation_length": 4.5,
      "loop": false,
      "timeline": {
        "0.0": ["variable.jetray_pickup = 1;"],
        "0.1": ["@s player:is_using_ability"],
        "0.5": ["/function abilities/jetray/pickup_cd_start"],
        "0.8": ["@s player:not_using_ability"],
        "1.5": ["/function abilities/jetray/pickup_cd_loop"],
        "2.5": ["/function abilities/jetray/pickup_cd_loop"],
        "3.5": ["variable.jetray_pickup = 0;", "/function abilities/jetray/pickup_cd_end"]
      }
    },
    "animation.jetray.flight": {
      "animation_length": 7,
      "loop": false,
      "timeline": {
        "0.0": ["variable.jetray_flight = 1;", "/function abilities/jetray/flight_cd_start", "/function abilities/jetray/flight"],
        "0.1": ["@s player:is_using_ability"],
        "0.5": ["@s player:is_using_ability"],
        "1.0": ["/function abilities/jetray/flight_cd_loop"],
        "2.0": ["/function abilities/jetray/flight_cd_loop"],
        "3.0": ["/function abilities/jetray/flight_cd_loop"],
        "4.0": ["/function abilities/jetray/flight_cd_loop"],
        "6.0": ["variable.jetray_flight = 0;", "/function abilities/jetray/flight_cd_end"]
      }
    },
    "animation.jetray.flight_fail": {
      "animation_length": 7,
      "loop": false,
      "timeline": {
        "0.0": ["variable.jetray_flight = 1;", "/function abilities/jetray/flight_fail"],
        "0.1": ["@s player:is_using_ability"],
        "0.5": ["@s player:is_using_ability"],
        "1.0": ["/function abilities/jetray/flight_cd_loop"],
        "6.0": ["variable.jetray_flight = 0;", "/function abilities/jetray/flight_cd_end"]
      }
    },
    "animation.jetray.refresh": {
      "animation_length": 1,
      "loop": false,
      "timeline": {
        "0.5": [
          "/function abilities/jetray/give",
          "variable.jetray_drop = 0;",
          "variable.jetray_flight = 0;",
          "variable.jetray_lasers = 0;",
          "variable.jetray_pickup = 0;"
        ]
      }
    }
  }
}
