{
  "format_version": "1.10.0",
  "animations": {
    "animation.quadsmack.debris_throw": {
      "animation_length": 5.4,
      "loop": false,
      "timeline": {
        "0.0": ["variable.quadsmack_throwdebris = 1;", "@s fourarms:remove_rock"],
        "0.1": ["@s player:is_using_ability"],
        "0.4": ["@s fourarms:debris_throw", "/function abilities/quadsmack/throwdebris_cd_start"],
        "1.4": ["/function abilities/quadsmack/throwdebris_cd_loop"],
        "1.5": ["@s player:not_using_ability"],
        "2.4": ["/function abilities/quadsmack/throwdebris_cd_loop"],
        "3.4": ["/function abilities/quadsmack/throwdebris_cd_loop"],
        "4.4": ["/function abilities/quadsmack/throwdebris_cd_end", "variable.quadsmack_throwdebris = 0;"]
      }
    },
    "animation.quadsmack.get_debris": {
      "animation_length": 6.39,
      "loop": false,
      "timeline": {
        "0.0": ["variable.quadsmack_getdebris = 1;"],
        "0.1": ["@s player:is_using_ability", "/function abilities/fourarms/get_debris"],
        "1.39": ["/function abilities/fourarms/getdebris_cd_start"],
        "1.5": ["@s player:not_using_ability"],
        "2.39": ["/function abilities/fourarms/getdebris_cd_loop"],
        "2.9": ["/function abilities/fourarms/give_debris"],
        "3.39": ["/function abilities/fourarms/getdebris_cd_loop"],
        "4.39": ["/function abilities/fourarms/getdebris_cd_loop"],
        "5.39": ["/function abilities/quadsmack/getdebris_cd_end", "variable.quadsmack_getdebris = 0;"]
      }
    },
    "animation.quadsmack.seismic_clap": {
      "animation_length": 5.4,
      "loop": false,
      "timeline": {
        "0.0": ["variable.quadsmack_seismicclap = 1;"],
        "0.1": ["@s player:is_using_ability"],
        "0.4": ["@s fourarms:seismic_clap", "/function abilities/quadsmack/clap_cd_start"],
        "1.4": ["/function abilities/quadsmack/clap_cd_loop"],
        "1.5": ["@s player:not_using_ability"],
        "2.4": ["/function abilities/quadsmack/clap_cd_loop"],
        "3.4": ["/function abilities/quadsmack/clap_cd_loop"],
        "4.4": ["/function abilities/quadsmack/clap_cd_end", "variable.quadsmack_seismicclap = 0;"]
      }
    },
    "animation.quadsmack.refresh": {
      "animation_length": 1,
      "loop": false,
      "timeline": {
        "0.5": [
          "/function abilities/quadsmack/give",
          "variable.quadsmack_getdebris = 0;",
          "variable.quadsmack_throwdebris = 0;",
          "variable.quadsmack_seismicclap = 0;"
        ]
      }
    },
    "animation.quadsmack.debris_throw_fail": {
      "animation_length": 5.4,
      "loop": false,
      "timeline": {
        "0.0": ["@s player:is_using_ability", "variable.quadsmack_throwdebris = 1;"],
        "0.4": ["/function abilities/fourarms/throwdebris_fail", "/function abilities/quadsmack/throwdebrisfail_cd_start"],
        "1.4": ["/function abilities/quadsmack/throwdebris_cd_loop"],
        "1.5": ["@s player:not_using_ability"],
        "4.4": ["/function abilities/quadsmack/throwdebris_cd_end", "variable.quadsmack_throwdebris = 0;"]
      }
    }
  }
}
