{
  "format_version": "1.10.0",
  "animations": {
    "animation.rath.double_jump": {
      "animation_length": 0.5,
      "timeline": {
        "0.0": ["/effect @s levitation 1 65 true"],
        "0.05": ["/effect @s levitation 0 0 true"]
      }
    },
    "animation.rath.jump": {
      "animation_length": 5,
      "loop": true,
      "timeline": { "0.0": ["/effect @s[family=rath] jump_boost 20 2 true"] }
    },
    "animation.rath.climb.old": {
      "animation_length": 1.1,
      "loop": false,
      "timeline": {
        "0.0": ["@s player:is_using_ability"],
        "1.0": ["@s player:not_using_ability"]
      }
    },
    "animation.rath.climb": {
      "animation_length": 1.5,
      "loop": false,
      "timeline": {
        "0.0": ["variable.rath_climb = 1;", "/function abilities/rath/climb", "/function abilities/rath/climb_cd_start"],
        "0.1": ["@s player:is_using_ability"],
        "0.5": ["@s player:not_using_ability", "variable.rath_climb = 0;", "/function abilities/rath/climb_cd_end"]
      }
    },
    "animation.rath.roar": {
      "animation_length": 7.64,
      "loop": false,
      "timeline": {
        "0.0": ["variable.rath_roar = 1;"],
        "0.1": ["@s player:is_using_ability"],
        "0.64": ["@s rath:roar", "/function abilities/rath/roar_cd_start"],
        "1.56": ["@s player:not_using_ability"],
        "1.64": ["/function abilities/rath/roar_cd_loop"],
        "2.64": ["/function abilities/rath/roar_cd_loop"],
        "3.64": ["/function abilities/rath/roar_cd_loop"],
        "5.64": ["/function abilities/rath/roar_cd_loop"],
        "6.64": ["/function abilities/rath/roar_cd_end", "variable.rath_roar = 0;"]
      }
    },
    "animation.rath.slash": {
      "animation_length": 5.92,
      "loop": false,
      "timeline": {
        "0.0": ["variable.rath_slash = 1;"],
        "0.1": ["@s player:is_using_ability"],
        "0.4": ["@s rath:slash_damage"],
        "0.45": ["@s rath:remove_slash_damage"],
        "0.92": ["@s player:not_using_ability", "/function abilities/rath/slash_cd_start"],
        "1.92": ["/function abilities/rath/slash_cd_loop"],
        "2.92": ["/function abilities/rath/slash_cd_loop"],
        "3.92": ["/function abilities/rath/slash_cd_loop"],
        "4.92": ["/function abilities/rath/slash_cd_end", "variable.rath_slash = 0;"]
      }
    },
    "animation.rath.obstacle_destroyed": {
      "animation_length": 1.1,
      "loop": false,
      "timeline": {
        "1.0": ["@s self:stay_destroyed"]
      }
    },
    "animation.rath_climb.lifetime": {
      "animation_length": 1,
      "loop": false,
      "timeline": {
        "0.0": ["/say spawned"],
        "0.5": ["@s self:despawn", "/setblock ~ ~ ~ cobblestone"]
      }
    },
    "animation.rath_climb.self_climb": {
      "animation_length": 1,
      "loop": false,
      "timeline": {
        "0.0": ["/function abilities/rath/climb_to_point", "@s self:remove_climb"]
      }
    },
    "animation.rath.refresh": {
      "animation_length": 1,
      "loop": false,
      "timeline": {
        "0.5": ["/function abilities/rath/give", "variable.rath_climb = 0;", "variable.rath_roar = 0;", "variable.rath_slash = 0;"]
      }
    }
  }
}
