{
  "format_version": "1.10.0",
  "animations": {
    "animation.rush.tornado_throw": {
      "animation_length": 5.36,
      "loop": false,
      "timeline": {
        "0.0": ["variable.rush_tornado = 1;"],
        "0.1": ["@s player:is_using_ability"],
        "0.36": ["@s xlr8:tornado_throw", "/function abilities/rush/tornado_cd_start"],
        "1.19": ["@s player:not_using_ability"],
        "1.36": ["/function abilities/rush/tornado_cd_loop"],
        "2.36": ["/function abilities/rush/tornado_cd_loop"],
        "3.36": ["/function abilities/rush/tornado_cd_loop"],
        "4.36": ["/function abilities/rush/tornado_cd_end", "variable.rush_tornado = 0;"]
      }
    },
    "animation.rush.speed": {
      "animation_length": 5,
      "loop": true,
      "timeline": { "0.0": ["/effect @s[tag=!Boost] speed 20 3 true"] }
    },
    "animation.rush.boost": {
      "animation_length": 14.5,
      "loop": true,
      "timeline": {
        "0.0": ["/function abilities/rush/boost", "variable.rush_boost = 1;"],
        "7.5": ["/function abilities/rush/boost_end", "/function abilities/rush/boost_cd_start"],
        "8.5": ["/function abilities/rush/boost_cd_loop"],
        "9.5": ["/function abilities/rush/boost_cd_loop"],
        "10.5": ["/function abilities/rush/boost_cd_loop"],
        "11.5": ["/function abilities/rush/boost_cd_loop"],
        "12.5": ["/function abilities/rush/boost_cd_loop"],
        "13.5": ["/function abilities/rush/boost_cd_end", "variable.rush_boost = 0;"]
      }
    },
    "animation.rush.dodge_left": {
      "animation_length": 4.25,
      "loop": false,
      "timeline": {
        "0.0": ["variable.rush_dodge = 1;", "/function abilities/rush/dodge_left"],
        "0.1": ["@s player:is_using_ability"],
        "0.25": ["@s player:not_using_ability", "/function abilities/rush/dodge_cd_start"],
        "1.25": ["/function abilities/rush/dodge_cd_loop"],
        "2.25": ["/function abilities/rush/dodge_cd_loop"],
        "3.25": ["/function abilities/rush/dodge_cd_end", "variable.rush_dodge = 0;"]
      }
    },
    "animation.rush.dodge_right": {
      "animation_length": 4.25,
      "loop": false,
      "timeline": {
        "0.0": ["variable.rush_dodge = 1;", "/function abilities/rush/dodge_right"],
        "0.1": ["@s player:is_using_ability"],
        "0.25": ["@s player:not_using_ability", "/function abilities/rush/dodge_cd_start"],
        "1.25": ["/function abilities/rush/dodge_cd_loop"],
        "2.25": ["/function abilities/rush/dodge_cd_loop"],
        "3.25": ["/function abilities/rush/dodge_cd_end", "variable.rush_dodge = 0;"]
      }
    },
    "animation.rush.refresh": {
      "animation_length": 1,
      "loop": false,
      "timeline": {
        "0.5": [
          "/function abilities/rush/give",
          "variable.rush_boost = 0;",
          "variable.rush_left = 0;",
          "variable.rush_right = 0;",
          "variable.rush_tornado = 0;",
          "/tag @s remove Boost"
        ]
      }
    }
  }
}
