{
  "format_version": "1.10.0",
  "animations": {
    "animation.shockrock.forcefield_build": {
      "animation_length": 10,
      "loop": false,
      "timeline": {
        "0.0": ["/function abilities/shockrock/build_dome", "/playanimation @s forcefield.build"],
        "7.5": ["/function abilities/shockrock/destroy_dome", "/playanimation @s forcefield.destroy"],
        "7.6": ["@s self:despawn"]
      }
    },
    "animation.shockrock_aoe": {
      "animation_length": 4,
      "loop": false,
      "timeline": {
        "0.0": ["/particle blockception:electric_spark ~ ~ ~"],
        "3.0": ["@s self:despawn"]
      }
    },
    "animation.shockrock.bluemerang_weather": {
      "animation_length": 5,
      "loop": false,
      "timeline": {
        "3.0": ["/toggledownfall"]
      }
    },
    "animation.shockrock.forcefield": {
      "animation_length": 18.9,
      "loop": false,
      "timeline": {
        "0.0": ["variable.shockrock_forcefield = 1;"],
        "0.1": ["@s player:is_using_ability"],
        "0.4": ["/function abilities/shockrock/forcefield"],
        "1.63": ["@s player:not_using_ability"],
        "7.9": ["/function abilities/shockrock/forcefield_cd_start"],
        "8.9": ["/function abilities/shockrock/forcefield_cd_loop"],
        "9.9": ["/function abilities/shockrock/forcefield_cd_loop"],
        "10.9": ["/function abilities/shockrock/forcefield_cd_loop"],
        "11.9": ["/function abilities/shockrock/forcefield_cd_loop"],
        "12.9": ["/function abilities/shockrock/forcefield_cd_loop"],
        "13.9": ["/function abilities/shockrock/forcefield_cd_loop"],
        "14.9": ["/function abilities/shockrock/forcefield_cd_loop"],
        "15.9": ["/function abilities/shockrock/forcefield_cd_loop"],
        "16.9": ["/function abilities/shockrock/forcefield_cd_loop"],
        "17.9": ["/function abilities/shockrock/forcefield_cd_end", "variable.shockrock_forcefield = 0;"]
      }
    },
    "animation.shockrock.blast": {
      "animation_length": 7.63,
      "loop": false,
      "timeline": {
        "0.0": ["variable.shockrock_blast = 1;"],
        "0.1": ["@s player:is_using_ability"],
        "0.4": ["@s shockrock:blast", "/particle blockception:electric_aoe ~ ~ ~"],
        "1.63": ["@s player:not_using_ability", "/function abilities/shockrock/blast_cd_start"],
        "2.63": ["/function abilities/shockrock/blast_cd_loop"],
        "3.63": ["/function abilities/shockrock/blast_cd_loop"],
        "4.63": ["/function abilities/shockrock/blast_cd_loop"],
        "5.63": ["/function abilities/shockrock/blast_cd_loop"],
        "6.63": ["/function abilities/shockrock/blast_cd_end", "variable.shockrock_blast = 0;"]
      }
    },
    "animation.shockrock.charge": {
      "animation_length": 9.72,
      "loop": false,
      "timeline": {
        "0.0": ["variable.shockrock_charge = 1;"],
        "0.1": ["@s player:is_using_ability"],
        "1.72": ["@s player:not_using_ability", "/function abilities/shockrock/charge_cd_start"],
        "2.72": ["/function abilities/shockrock/charge_cd_loop"],
        "3.72": ["/function abilities/shockrock/charge_cd_loop"],
        "4.72": ["/function abilities/shockrock/charge_cd_loop"],
        "5.72": ["/function abilities/shockrock/charge_cd_loop"],
        "6.72": ["/function abilities/shockrock/charge_cd_loop"],
        "7.72": ["/function abilities/shockrock/charge_cd_loop"],
        "8.72": ["/function abilities/shockrock/charge_cd_end", "variable.shockrock_charge = 0;"]
      }
    },
    "animation.shockrock.bluemerang": {
      "animation_length": 10.56,
      "loop": false,
      "timeline": {
        "0.0": ["variable.shockrock_bluemerang = 1;"],
        "0.1": ["@s player:is_using_ability"],
        "0.68": ["@s shockrock:bluemerang"],
        "1.56": ["@s player:not_using_ability", "/function abilities/shockrock/bluemerang_cd_start"],
        "2.56": ["/function abilities/shockrock/bluemerang_cd_loop"],
        "3.56": ["/function abilities/shockrock/bluemerang_cd_loop"],
        "4.56": ["/function abilities/shockrock/bluemerang_cd_loop"],
        "5.56": ["/function abilities/shockrock/bluemerang_cd_loop"],
        "6.56": ["/function abilities/shockrock/bluemerang_cd_loop"],
        "7.56": ["/function abilities/shockrock/bluemerang_cd_loop"],
        "8.56": ["/function abilities/shockrock/bluemerang_cd_loop"],
        "9.56": ["/function abilities/shockrock/bluemerang_cd_end", "variable.shockrock_bluemerang = 0;"]
      }
    },
    "animation.shockrock.refresh": {
      "animation_length": 1,
      "loop": false,
      "timeline": {
        "0.5": [
          "/function abilities/shockrock/give",
          "variable.shockrock_blast = 0;",
          "variable.shockrock_bluemerang = 0;",
          "variable.shockrock_charge = 0;",
          "variable.shockrock_forcefield = 0;"
        ]
      }
    }
  }
}
