{
  "format_version": "1.10.0",
  "animations": {
    "animation.slapback.drop": {
      "animation_length": 4.52,
      "loop": false,
      "timeline": {
        "0.0": ["variable.slapback_drop = 1;"],
        "0.1": ["@s player:is_using_ability"],
        "0.52": ["/function abilities/slapback/drop", "/function abilities/slapback/drop_cd_start"],
        "1.24": ["@s player:not_using_ability"],
        "1.52": ["/function abilities/slapback/drop_cd_loop"],
        "2.52": ["/function abilities/slapback/drop_cd_loop"],
        "3.52": ["/function abilities/slapback/drop_cd_end", "variable.slapback_drop = 0;"]
      }
    },
    "animation.slapback.drop_fail": {
      //TODO fix this
      "animation_length": 4.52,
      "loop": false,
      "timeline": {
        "0.0": ["variable.slapback_drop = 1;"],
        "0.1": ["@s player:is_using_ability"],
        "0.52": ["/function abilities/slapback/drop", "/function abilities/slapback/drop_cd_start"],
        "1.24": ["@s player:not_using_ability"],
        "1.52": ["/function abilities/slapback/drop_cd_loop"],
        "2.52": ["/function abilities/slapback/drop_cd_loop"],
        "3.52": ["/function abilities/slapback/drop_cd_end", "variable.slapback_drop = 0;"]
      }
    },
    "animation.slapback.merge": {
      "animation_length": 3.64,
      "loop": false,
      "timeline": {
        "0.0": ["variable.slapback_merge = 1;"],
        "0.1": ["@s player:is_using_ability"],
        "0.64": ["/function abilities/slapback/merge_decide", "/function abilities/slapback/merge_cd_start"],
        "1.08": ["@s player:not_using_ability"],
        "1.64": ["/function abilities/slapback/merge_cd_loop"],
        "2.64": ["/function abilities/slapback/merge_cd_end", "variable.slapback_merge = 0;"]
      }
    },
    "animation.slapback.throw": {
      "animation_length": 4.24,
      "loop": false,
      "timeline": {
        "0.0": ["variable.slapback_throw = 1;"],
        "0.1": ["@s player:is_using_ability"],
        "0.24": ["/function abilities/slapback/throw_decide", "/function abilities/slapback/throw_cd_start"],
        "1.24": ["/function abilities/slapback/throw_cd_loop"],
        "1.56": ["@s player:not_using_ability"],
        "2.24": ["/function abilities/slapback/throw_cd_loop"],
        "3.24": ["/function abilities/slapback/throw_cd_end", "variable.slapback_throw = 0;"]
      }
    },
    "animation.slapback.split": {
      "animation_length": 3.56,
      "loop": false,
      "timeline": {
        "0.0": ["variable.slapback_split = 1;"],
        "0.1": ["@s player:is_using_ability"],
        "0.56": ["/function abilities/slapback/split_decide", "/function abilities/slapback/split_cd_start"],
        "1.44": ["@s player:not_using_ability"],
        "1.56": ["/function abilities/slapback/split_cd_loop"],
        "2.56": ["/function abilities/slapback/split_cd_end", "variable.slapback_split = 0;"]
      }
    },
    "animation.slapback.pickup": {
      "animation_length": 4.56,
      "loop": false,
      "timeline": {
        "0.0": ["variable.slapback_pickup = 1;"],
        "0.1": ["@s player:is_using_ability"],
        "0.56": ["/function abilities/slapback/player_pickup", "/function abilities/slapback/pickup_cd_start"],
        "1.08": ["@s player:not_using_ability"],
        "1.56": ["/function abilities/slapback/pickup_cd_loop"],
        "2.56": ["/function abilities/slapback/pickup_cd_loop"],
        "3.56": ["/function abilities/slapback/pickup_cd_end", "variable.slapback_pickup = 0;"]
      }
    },
    "animation.slapback.direct": {
      "animation_length": 4.36,
      "loop": false,
      "timeline": {
        "0.0": ["variable.slapback_direct = 1;"],
        "0.1": ["@s player:is_using_ability"],
        "0.36": ["/function abilities/slapback/direct", "/function abilities/slapback/direct_cd_start"],
        "1.04": ["@s player:not_using_ability"],
        "1.36": ["/function abilities/slapback/direct_cd_loop"],
        "2.36": ["/function abilities/slapback/direct_cd_loop"],
        "3.36": ["/function abilities/slapback/direct_cd_end", "variable.slapback_direct = 0;"]
      }
    },
    "animation.slapback.throw_fail": {
      "animation_length": 3.24,
      "loop": false,
      "timeline": {
        "0.0": ["variable.slapback_throw = 1;"],
        "0.1": ["@s player:is_using_ability"],
        "0.24": ["/function abilities/slapback/throw_fail", "/function abilities/slapback/throwfail_cd_start"],
        "1.24": ["/function abilities/slapback/throw_cd_loop"],
        "1.56": ["@s player:not_using_ability"],
        "2.24": ["/function abilities/slapback/throw_cd_end", "variable.slapback_throw = 0;"]
      }
    },
    "animation.slapback.strength": {
      "animation_length": 5,
      "loop": true,
      "timeline": { "0.0": ["/function abilities/slapback/strength"] }
    },
    "animation.slapback.refresh": {
      "animation_length": 1,
      "loop": false,
      "timeline": {
        "0.5": [
          "/function abilities/slapback/give",
          "variable.slapback_split = 0;",
          "variable.slapback_merge = 0;",
          "variable.slapback_direct = 0;",
          "variable.slapback_pickup = 0;",
          "variable.slapback_drop = 0;",
          "variable.slapback_throw = 0;"
        ]
      }
    }
  }
}
