{
  "format_version": "1.10.0",
  "animations": {
    "animation.tornado_thrown.command": {
      "animation_length": 0.11,
      "loop": true,
      "timeline": {
        "0.0": ["/function abilities/xlr8/tornado_spawn"],
        "0.05": ["/function abilities/xlr8/tornado_spawn"],
        "0.1": ["/function abilities/xlr8/tornado_spawn"]
      }
    },
    "animation.tornado_ride.command": {
      "animation_length": 1,
      "loop": true,
      "timeline": { "0.0": ["/function abilities/xlr8/tornado_ride_spawn"] }
    },
    "animation.tornado_ride.death": {
      "animation_length": 1,
      "loop": true,
      "timeline": { "0.0": ["@s self:despawn"] }
    },
    "animation.tornado_ride.lifetime": {
      "animation_length": 3.5,
      "loop": true,
      "timeline": {
        "2.5": ["@s self:despawn"]
      }
    },
    "animation.xlr8.tornado_throw": {
      "animation_length": 5.36,
      "loop": false,
      "timeline": {
        "0.0": ["variable.xlr8_tornado = 1;"],
        "0.1": ["@s player:is_using_ability"],
        "0.36": ["@s xlr8:tornado_throw", "/function abilities/xlr8/tornado_cd_start"],
        "1.19": ["@s player:not_using_ability"],
        "1.36": ["/function abilities/xlr8/tornado_cd_loop"],
        "2.36": ["/function abilities/xlr8/tornado_cd_loop"],
        "3.36": ["/function abilities/xlr8/tornado_cd_loop"],
        "4.36": ["/function abilities/xlr8/tornado_cd_end", "variable.xlr8_tornado = 0;"]
      }
    },
    "animation.xlr8.speed": {
      "animation_length": 5,
      "loop": true,
      "timeline": { "0.0": ["/effect @s[tag=!Boost] speed 20 3 true"] }
    },
    "animation.xlr8.boost": {
      "animation_length": 14.5,
      "loop": true,
      "timeline": {
        "0.0": ["/function abilities/xlr8/boost", "variable.xlr8_boost = 1;"],
        "7.5": ["/function abilities/xlr8/boost_end", "/function abilities/xlr8/boost_cd_start"],
        "8.5": ["/function abilities/xlr8/boost_cd_loop"],
        "9.5": ["/function abilities/xlr8/boost_cd_loop"],
        "10.5": ["/function abilities/xlr8/boost_cd_loop"],
        "11.5": ["/function abilities/xlr8/boost_cd_loop"],
        "12.5": ["/function abilities/xlr8/boost_cd_loop"],
        "13.5": ["/function abilities/xlr8/boost_cd_end", "variable.xlr8_boost = 0;"]
      }
    },
    "animation.xlr8.dodge_left": {
      "animation_length": 4.25,
      "loop": false,
      "timeline": {
        "0.0": ["variable.xlr8_dodge = 1;", "/function abilities/xlr8/dodge_left"],
        "0.1": ["@s player:is_using_ability"],
        "0.25": ["@s player:not_using_ability", "/function abilities/xlr8/dodge_cd_start"],
        "1.25": ["/function abilities/xlr8/dodge_cd_loop"],
        "2.25": ["/function abilities/xlr8/dodge_cd_loop"],
        "3.25": ["/function abilities/xlr8/dodge_cd_end", "variable.xlr8_dodge = 0;"]
      }
    },
    "animation.xlr8.dodge_right": {
      "animation_length": 4.25,
      "loop": false,
      "timeline": {
        "0.0": ["variable.xlr8_dodge = 1;", "/function abilities/xlr8/dodge_right"],
        "0.1": ["@s player:is_using_ability"],
        "0.25": ["@s player:not_using_ability", "/function abilities/xlr8/dodge_cd_start"],
        "1.25": ["/function abilities/xlr8/dodge_cd_loop"],
        "2.25": ["/function abilities/xlr8/dodge_cd_loop"],
        "3.25": ["/function abilities/xlr8/dodge_cd_end", "variable.xlr8_dodge = 0;"]
      }
    },
    "animation.xlr8.refresh": {
      "animation_length": 1,
      "loop": false,
      "timeline": {
        "0.5": [
          "/function abilities/xlr8/give",
          "variable.xlr8_boost = 0;",
          "variable.xlr8_left = 0;",
          "variable.xlr8_right = 0;",
          "variable.xlr8_tornado = 0;",
          "/tag @s remove Boost"
        ]
      }
    }
  }
}
