{
  "resource_pack_name": "vanilla",
  "texture_name": "atlas.items",
  "texture_data": {
    "egg_camel": {
      "textures": "textures/items/egg_camel"
    },
    "egg_lion": {
      "textures": "textures/items/egg_lion"
    },
    "egg_penguin": {
      "textures": "textures/items/egg_penguin"
    },
    "egg_tiger": {
      "textures": "textures/items/egg_tiger"
    },
    "egg_elephant": {
      "textures": "textures/items/egg_elephant"
    },
    "egg_deer": {
      "textures": "textures/items/egg_deer"
    },
    "egg_panther": {
      "textures": "textures/items/egg_panther"
    },
    "egg_frog": {
      "textures": "textures/items/egg_frog"
    },
    "egg_crocodile": {
      "textures": "textures/items/egg_crocodile"
    },
    "egg_mouse": {
      "textures": "textures/items/egg_mouse"
    },
    "gallardo": {
      "textures": "textures/items/gallardo"
    },
    "bench": {
      "textures": "textures/items/bench"
    },
    "christmas_tree": {
      "textures": "textures/items/christmas_tree"
    },
    "tivi": {
      "textures": "textures/items/tivi"
    },
    "closet": {
      "textures": "textures/items/closet"
    },
    "laptop": {
      "textures": "textures/items/laptop"
    },
    "piano": {
      "textures": "textures/items/piano"
    },
    "armchairs": {
      "textures": "textures/items/armchairs"
    },
    "chair": {
      "textures": "textures/items/chair"
    },
    "big_table": {
      "textures": "textures/items/big_table"
    },
    "small_table": {
      "textures": "textures/items/small_table"
    },
    "drone": {
      "textures": "textures/items/drone"
    },
    "colorful_gifts": {
      "textures": "textures/items/colorful_gifts"
    },
    "cn:finn_glitch": {
      "textures": "textures/items/pamobile/cn_finn_glitch"
    },
    "cn:jake": {
      "textures": "textures/items/pamobile/cn_jake"
    },
    "cn:greencolotl": {
      "textures": "textures/items/pamobile/cn_greencolotl"
    },
    "cn:finn": {
      "textures": "textures/items/pamobile/cn_finn"
    },
    "cn:jake_glitched": {
      "textures": "textures/items/pamobile/cn_jake_glitched"
    },
    "cn:retro_finn": {
      "textures": "textures/items/pamobile/cn_retro_finn"
    },
    "cn:bugs_bunny_glitched": {
      "textures": "textures/items/pamobile/cn_bugs_bunny_glitched"
    },
    "cn:steven": {
      "textures": "textures/items/pamobile/cn_steven"
    },
    "cn:glitch": {
      "textures": "textures/items/pamobile/cn_glitch"
    }
  }
}