{
  "format_version": "1.10.0",
  "minecraft:client_entity": {
    "description": {
      "identifier": "minecraft:player",
      "materials": {
        "default": "entity_alphatest",
        "cape": "entity_alphatest",
        "animated": "player_animated",
        "uv_anim": "uv_loop_anim_alpha",
        "glow_uv_anim": "uv_loop_anim_alpha_glow",
        "heatblast": "heatblast"
      },
      "enable_attachables": true,
      "textures": {
        "default": "textures/entity/steve",
        "cape": "textures/entity/cape_invisible",
        "heatblast": "textures/entity/aliens/heatblast/heatblast_glow",
        "heatblast_head": "textures/entity/aliens/heatblast/heatblast_head",
        "heatblast_flames": "textures/entity/aliens/heatblast/heatblast_flames",
        "slapback": "textures/entity/aliens/slapback/slapback",
        "diamondhead": "textures/entity/aliens/diamondhead/diamondhead",
        "xlr8": "textures/entity/aliens/xlr8/xlr8",
        "rath": "textures/entity/aliens/rath/rath",
        "fourarms": "textures/entity/aliens/fourarms/fourarms",
        "fourarms_rock": "textures/blocks/cobblestone",
        "humungousaur": "textures/entity/aliens/humungousaur/humungousaur",
        "jetray": "textures/entity/aliens/jetray/jetray",
        "shockrock": "textures/entity/aliens/shockrock/shockrock2",
        "cannonbolt": "textures/entity/aliens/cannonbolt/cannonbolt",
        "quadsmack": "textures/entity/aliens/fourarms/quadsmack",
        "crystalfist": "textures/entity/aliens/diamondhead/crystalfist",
        "rush": "textures/entity/aliens/xlr8/rush",
        "wreckingbolt": "textures/entity/aliens/cannonbolt/wreckingbolt",
        "gax": "textures/entity/aliens/gax/gax",
        "ben_normal": "textures/entity/skins/ben_normal",
        "ben_alien_force": "textures/entity/skins/ben_alien_force",
        "ben_omniverse": "textures/entity/skins/ben_omniverse",
        "ben_reboot": "textures/entity/skins/ben_reboot",
        "gwen_normal": "textures/entity/skins/gwen_normal",
        "kevin_normal": "textures/entity/skins/kevin_normal"
      },
      "geometry": {
        "default": "geometry.humanoid.custom",
        "cape": "geometry.cape",
        "heatblast": "geometry.heatblast",
        "heatblast_head": "geometry.heatblast_head",
        "heatblast_flames": "geometry.heatblast_flames",
        "heatblast_hand_flames": "geometry.heatblast_hand_flames",
        "slapback": "geometry.slapback",
        "diamondhead": "geometry.diamondhead",
        "xlr8": "geometry.xlr8",
        "rath": "geometry.rath",
        "fourarms": "geometry.fourarms",
        "fourarms_rock": "geometry.fourarms_rock",
        "humungousaur": "geometry.humungousaur",
        "jetray": "geometry.jetray",
        "shockrock": "geometry.shockrock",
        "cannonbolt": "geometry.cannonbolt",
        "quadsmack": "geometry.quadsmack",
        "crystalfist": "geometry.crystalfist",
        "rush": "geometry.rush",
        "wreckingbolt": "geometry.wreckingbolt",
        "gax": "geometry.gax",
        "ben_normal": "geometry.ben_normal",
        "ben_alien_force": "geometry.ben_alien_force",
        "ben_omniverse": "geometry.ben_omniverse",
        "ben_reboot": "geometry.ben_reboot",
        "gwen_normal": "geometry.gwen_normal",
        "kevin_normal": "geometry.kevin_normal"
      },
      "scripts": {
        "scale": "0.9375",
        "initialize": [
          "variable.is_holding_right = 0.0;",
          "variable.is_blinking = 0.0;",
          "variable.last_blink_time = 0.0;",
          "variable.hand_bob = 0.0;",
          "variable.slapback_picked_up = 0;",
          "variable.fourarms_picked_up = 0;",
          "variable.heatblast_fps = 12;",
          "variable.heatblast_max_frames = 6;",
          "variable.shockrock_fps = 5;",
          "variable.shockrock_max_frames = 4;",
          "variable.cannonbolt_ball = 0;",
          "variable.heatblast_loop_time = 5;",
          //Left Arm Render Variables (Set via animations)
          "variable.fourarms_leftarm = 0;",
          "variable.xlr8_leftarm = 0;",
          "variable.rath_leftarm = 0;",
          "variable.slapback_leftarm = 0;",
          "variable.cannonbolt_leftarm = 0;",
          "variable.humungousaur_leftarm = 0;",
          "variable.shockrock_leftarm = 0;",
          "variable.diamondhead_leftarm = 0;",
          "variable.heatblast_leftarm = 0;",
          "variable.jetray_leftarm = 0;",
          "variable.quadsmack_leftarm = 0;",
          "variable.rush_leftarm = 0;",
          "variable.crystalfist_leftarm = 0;",
          //Humungousaur Tail Render Variable (Set via animations)
          "variable.humungousaur_tail = 0;"
        ],
        "pre_animation": [
          "variable.helmet_layer_visible = query.variant == 0 ? 1.0 : 0.0;",
          "variable.leg_layer_visible = query.variant == 0 ? 1.0 : 0.0;",
          "variable.boot_layer_visible = query.variant == 0 ? 1.0 : 0.0;",
          "variable.chest_layer_visible = query.variant == 0 ? 1.0 : 0.0;",
          "variable.attack_body_rot_y = Math.sin(360*Math.sqrt(variable.attack_time)) * 5.0;",
          "variable.tcos0 = (math.cos(query.modified_distance_moved * 38.17) * query.modified_move_speed / variable.gliding_speed_value) * 57.3;",
          "variable.first_person_rotation_factor = math.sin((1 - variable.attack_time) * 180.0);",
          "variable.hand_bob = query.life_time < 0.01 ? 0.0 : variable.hand_bob + ((query.is_on_ground && query.is_alive ? math.clamp(math.sqrt(math.pow(query.position_delta(0), 2.0) + math.pow(query.position_delta(2), 2.0)), 0.0, 0.1) : 0.0) - variable.hand_bob) * 0.02;",
          "variable.map_angle = math.clamp(1 - variable.player_x_rotation / 45.1, 0.0, 1.0);",
          "variable.item_use_normalized = query.main_hand_item_use_duration / query.main_hand_item_max_duration;",
          //Determine whether player is holding an ability item
          "variable.fourarms_is_holding_ability = query.get_equipped_item_name('main_hand') == 'fourarms_getdebris' || query.get_equipped_item_name('main_hand') == 'fourarms_getdebris_cd' || query.get_equipped_item_name('main_hand') == 'fourarms_seismicclap' || query.get_equipped_item_name('main_hand') == 'fourarms_seismicclap_cd' || query.get_equipped_item_name('main_hand') == 'fourarms_throwdebris' || query.get_equipped_item_name('main_hand') == 'fourarms_throwdebris_cd';",
          "variable.xlr8_is_holding_ability = query.get_equipped_item_name('main_hand') == 'xlr8_boost' || query.get_equipped_item_name('main_hand') == 'xlr8_boost_cd' || query.get_equipped_item_name('main_hand') == 'xlr8_left' || query.get_equipped_item_name('main_hand') == 'xlr8_left_cd' || query.get_equipped_item_name('main_hand') == 'xlr8_right' || query.get_equipped_item_name('main_hand') == 'xlr8_right_cd' || query.get_equipped_item_name('main_hand') == 'xlr8_tornado' || query.get_equipped_item_name('main_hand') == 'xlr8_tornado_cd';",
          "variable.rath_is_holding_ability = query.get_equipped_item_name('main_hand') == 'rath_climb' || query.get_equipped_item_name('main_hand') == 'rath_climb_cd' || query.get_equipped_item_name('main_hand') == 'rath_roar' || query.get_equipped_item_name('main_hand') == 'rath_roar_cd' || query.get_equipped_item_name('main_hand') == 'rath_slash' || query.get_equipped_item_name('main_hand') == 'rath_slash_cd';",
          "variable.slapback_is_holding_ability = query.get_equipped_item_name('main_hand') == 'slapback_direct' || query.get_equipped_item_name('main_hand') == 'slapback_direct_cd' || query.get_equipped_item_name('main_hand') == 'slapback_drop' || query.get_equipped_item_name('main_hand') == 'slapback_drop_cd' || query.get_equipped_item_name('main_hand') == 'slapback_merge' || query.get_equipped_item_name('main_hand') == 'slapback_merge_cd' || query.get_equipped_item_name('main_hand') == 'slapback_pickup' || query.get_equipped_item_name('main_hand') == 'slapback_pickup_cd' || query.get_equipped_item_name('main_hand') == 'slapback_split' || query.get_equipped_item_name('main_hand') == 'slapback_split_cd' || query.get_equipped_item_name('main_hand') == 'slapback_throw' || query.get_equipped_item_name('main_hand') == 'slapback_throw_cd';",
          "variable.cannonbolt_is_holding_ability = query.get_equipped_item_name('main_hand') == 'cannonbolt_piledriver' || query.get_equipped_item_name('main_hand') == 'cannonbolt_piledriver_cd' || query.get_equipped_item_name('main_hand') == 'cannonbolt_slam' || query.get_equipped_item_name('main_hand') == 'cannonbolt_slam_cd' || query.get_equipped_item_name('main_hand') == 'cannonbolt_transform' || query.get_equipped_item_name('main_hand') == 'cannonbolt_transform_cd';",
          "variable.humungousaur_is_holding_ability = query.get_equipped_item_name('main_hand') == 'humungousaur_sonar' || query.get_equipped_item_name('main_hand') == 'humungousaur_sonar_cd' || query.get_equipped_item_name('main_hand') == 'humungousaur_stomp' || query.get_equipped_item_name('main_hand') == 'humungousaur_stomp_cd' || query.get_equipped_item_name('main_hand') == 'humungousaur_tail' || query.get_equipped_item_name('main_hand') == 'humungousaur_tail_cd';",
          "variable.shockrock_is_holding_ability = query.get_equipped_item_name('main_hand') == 'shockrock_blast' || query.get_equipped_item_name('main_hand') == 'shockrock_blast_cd' || query.get_equipped_item_name('main_hand') == 'shockrock_bluemerang' || query.get_equipped_item_name('main_hand') == 'shockrock_bluemerang_cd' || query.get_equipped_item_name('main_hand') == 'shockrock_charge' || query.get_equipped_item_name('main_hand') == 'shockrock_charge_cd' || query.get_equipped_item_name('main_hand') == 'shockrock_forcefield' || query.get_equipped_item_name('main_hand') == 'shockrock_forcefield_cd';",
          "variable.diamondhead_is_holding_ability = query.get_equipped_item_name('main_hand') == 'diamondhead_circle' || query.get_equipped_item_name('main_hand') == 'diamondhead_circle_cd' || query.get_equipped_item_name('main_hand') == 'diamondhead_darts' || query.get_equipped_item_name('main_hand') == 'diamondhead_darts_cd' || query.get_equipped_item_name('main_hand') == 'diamondhead_line' || query.get_equipped_item_name('main_hand') == 'diamondhead_line_cd';",
          "variable.heatblast_is_holding_ability = query.get_equipped_item_name('main_hand') == 'heatblast_takeoff' || query.get_equipped_item_name('main_hand') == 'heatblast_takeoff_cd' || query.get_equipped_item_name('main_hand') == 'heatblast_fireball' || query.get_equipped_item_name('main_hand') == 'heatblast_fireball_cd' || query.get_equipped_item_name('main_hand') == 'heatblast_flamethrower' || query.get_equipped_item_name('main_hand') == 'heatblast_flamethrower_cd';",
          "variable.jetray_is_holding_ability = query.get_equipped_item_name('main_hand') == 'jetray_drop' || query.get_equipped_item_name('main_hand') == 'jetray_drop_cd' || query.get_equipped_item_name('main_hand') == 'jetray_flight' || query.get_equipped_item_name('main_hand') == 'jetray_flight_cd' || query.get_equipped_item_name('main_hand') == 'jetray_lasers' || query.get_equipped_item_name('main_hand') == 'jetray_lasers_cd' || query.get_equipped_item_name('main_hand') == 'jetray_pickup' || query.get_equipped_item_name('main_hand') == 'jetray_pickup_cd';",
          "variable.quadsmack_is_holding_ability = query.get_equipped_item_name('main_hand') == 'quadsmack_getdebris' || query.get_equipped_item_name('main_hand') == 'quadsmack_getdebris_cd' || query.get_equipped_item_name('main_hand') == 'quadsmack_seismicclap' || query.get_equipped_item_name('main_hand') == 'quadsmack_seismicclap_cd' || query.get_equipped_item_name('main_hand') == 'quadsmack_throwdebris' || query.get_equipped_item_name('main_hand') == 'quadsmack_throwdebris_cd';",
          "variable.rush_is_holding_ability = query.get_equipped_item_name('main_hand') == 'rush_boost' || query.get_equipped_item_name('main_hand') == 'rush_boost_cd' || query.get_equipped_item_name('main_hand') == 'rush_left' || query.get_equipped_item_name('main_hand') == 'rush_left_cd' || query.get_equipped_item_name('main_hand') == 'rush_right' || query.get_equipped_item_name('main_hand') == 'rush_right_cd' || query.get_equipped_item_name('main_hand') == 'rush_tornado' || query.get_equipped_item_name('main_hand') == 'rush_tornado_cd';",
          "variable.crystalfist_is_holding_ability = query.get_equipped_item_name('main_hand') == 'crystalfist_circle' || query.get_equipped_item_name('main_hand') == 'crystalfist_circle_cd' || query.get_equipped_item_name('main_hand') == 'crystalfist_darts' || query.get_equipped_item_name('main_hand') == 'crystalfist_darts_cd' || query.get_equipped_item_name('main_hand') == 'crystalfist_line' || query.get_equipped_item_name('main_hand') == 'crystalfist_line_cd';",
          //Left Arm Render Variables (Used in Render controllers)
          "variable.fourarms_left_render = !variable.is_first_person || (variable.fourarms_leftarm == 1 && variable.is_first_person);",
          "variable.xlr8_left_render = !variable.is_first_person || (variable.xlr8_leftarm == 1 && variable.is_first_person);",
          "variable.rath_left_render = !variable.is_first_person || (variable.rath_leftarm == 1 && variable.is_first_person);",
          "variable.slapback_left_render = !variable.is_first_person || (variable.slapback_leftarm == 1 && variable.is_first_person);",
          "variable.cannonbolt_left_render = !variable.is_first_person || (variable.cannonbolt_leftarm == 1 && variable.is_first_person);",
          "variable.humungousaur_left_render = !variable.is_first_person || (variable.humungousaur_leftarm == 1 && variable.is_first_person);",
          "variable.shockrock_left_render = !variable.is_first_person || (variable.shockrock_leftarm == 1 && variable.is_first_person);",
          "variable.diamondhead_left_render = !variable.is_first_person || (variable.diamondhead_leftarm == 1 && variable.is_first_person);",
          "variable.heatblast_left_render = !variable.is_first_person || (variable.heatblast_leftarm == 1 && variable.is_first_person);",
          "variable.jetray_left_render = !variable.is_first_person || (variable.jetray_leftarm == 1 && variable.is_first_person);",
          "variable.quadsmack_left_render = !variable.is_first_person || (variable.quadsmack_leftarm == 1 && variable.is_first_person);",
          "variable.rush_left_render = !variable.is_first_person || (variable.rush_leftarm == 1 && variable.is_first_person);",
          "variable.crystalfist_left_render = !variable.is_first_person || (variable.crystalfist_leftarm == 1 && variable.is_first_person);",
          //Right Arm Render Variables (Used in Render controllers)
          "variable.fourarms_right_render = !variable.is_first_person || ((!query.is_item_equipped || variable.fourarms_is_holding_ability) && variable.is_first_person);",
          "variable.xlr8_right_render = !variable.is_first_person || ((!query.is_item_equipped || variable.xlr8_is_holding_ability) && variable.is_first_person);",
          "variable.rath_right_render = !variable.is_first_person || ((!query.is_item_equipped || variable.rath_is_holding_ability) && variable.is_first_person);",
          "variable.slapback_right_render = !variable.is_first_person || ((!query.is_item_equipped || variable.slapback_is_holding_ability) && variable.is_first_person);",
          "variable.cannonbolt_right_render = !variable.is_first_person || ((!query.is_item_equipped || variable.cannonbolt_is_holding_ability) && variable.is_first_person && !query.is_baby);",
          "variable.humungousaur_right_render = !variable.is_first_person || ((!query.is_item_equipped || variable.humungousaur_is_holding_ability) && variable.is_first_person);",
          "variable.shockrock_right_render = !variable.is_first_person || ((!query.is_item_equipped || variable.shockrock_is_holding_ability) && variable.is_first_person);",
          "variable.diamondhead_right_render = !variable.is_first_person || ((!query.is_item_equipped || variable.diamondhead_is_holding_ability) && variable.is_first_person);",
          "variable.heatblast_right_render = !variable.is_first_person || ((!query.is_item_equipped || variable.heatblast_is_holding_ability) && variable.is_first_person);",
          "variable.jetray_right_render = !variable.is_first_person || ((!query.is_item_equipped || variable.jetray_is_holding_ability) && variable.is_first_person);",
          "variable.quadsmack_right_render = !variable.is_first_person || ((!query.is_item_equipped || variable.quadsmack_is_holding_ability) && variable.is_first_person);",
          "variable.rush_right_render = !variable.is_first_person || ((!query.is_item_equipped || variable.rush_is_holding_ability) && variable.is_first_person);",
          "variable.crystalfist_right_render = !variable.is_first_person || ((!query.is_item_equipped || variable.crystalfist_is_holding_ability) && variable.is_first_person);",
          //Humungousaur Tail Render
          "variable.humungousaur_tail_render = !variable.is_first_person || (variable.humungousaur_tail == 1 && variable.is_first_person);"
        ],
        "animate": [
          //Default
          { "root": "query.variant == 0 || query.variant >= 20" },
          { "root_first_person": "(query.variant != 0 || query.variant >= 20) && variable.is_first_person" },
          //General
          { "look_at_target_alien": "(query.variant > 0 && query.variant < 20 && query.variant != 6) && !query.is_swimming && !query.is_gliding" },
          { "look_at_target_fourarms": "(query.variant > 0 && query.variant < 20 && query.variant == 6) && !query.is_swimming && !query.is_gliding" },
          //Four Arms and Quad Smack
          { "fourarms.scale": "query.variant == 6 || query.variant == 11" },
          { "fourarms.controller.move": "(query.variant == 6 || query.variant == 11) && !variable.is_first_person" },
          { "fourarms.controller.arms": "(query.variant == 6 || query.variant == 11) && !variable.is_first_person" },
          { "fourarms.controller.first_person": "(query.variant == 6 || query.variant == 11) && variable.is_first_person" },
          { "fourarms.arm.offset": "(query.variant == 6 || query.variant == 11) && variable.is_first_person" },
          {
            "fourarms.arm.attack_noise": "(query.variant == 6 || query.variant == 11) && variable.is_first_person && !query.is_moving && variable.attack_time > 0"
          },
          //XLR8 and Rush
          { "xlr8.scale": "query.variant == 4 || query.variant == 12" },
          { "xlr8.controller.move": "(query.variant == 4 || query.variant == 12) && !variable.is_first_person" },
          { "xlr8.controller.tail": "(query.variant == 4 || query.variant == 12) && !variable.is_first_person" },
          { "xlr8.controller.first_person": "(query.variant == 4 || query.variant == 12) && variable.is_first_person" },
          { "xlr8.arm.offset": "(query.variant == 4 || query.variant == 12) && variable.is_first_person" },
          {
            "xlr8.arm.attack_noise": "(query.variant == 4 || query.variant == 12) && variable.is_first_person && !query.is_moving && variable.attack_time > 0"
          },
          { "xlr8.smoke_particles": "(query.variant == 4 || query.variant == 12) && query.modified_move_speed >= 1.5 && query.is_on_ground" },
          //Rath
          { "rath.controller.move": "query.variant == 5 && !variable.is_first_person" },
          { "rath.controller.attack": "query.variant == 5 && !variable.is_first_person" },
          { "rath.controller.first_person": "query.variant == 5 && variable.is_first_person" },
          { "rath.arm.offset": "query.variant == 5 && variable.is_first_person" },
          { "rath.arm.attack_noise": "query.variant == 5 && variable.is_first_person && !query.is_moving && variable.attack_time > 0" },
          { "rath.scale": "query.variant == 5" },
          //Slapback
          { "slapback.controller.move": "query.variant == 2 && !variable.is_first_person" },
          { "slapback.controller.arms": "query.variant == 2 && !variable.is_first_person" },
          { "slapback.controller.first_person": "query.variant == 2 && variable.is_first_person" },
          { "slapback.arm.offset": "query.variant == 2 && variable.is_first_person" },
          { "slapback.arm.attack_noise": "query.variant == 2 && variable.is_first_person && !query.is_moving && variable.attack_time > 0" },
          //Cannonbolt
          { "cannonbolt.controller.move": "(query.variant == 10 || query.variant == 14) && !variable.is_first_person" },
          { "cannonbolt.controller.attack": "(query.variant == 10 || query.variant == 14) && !variable.is_first_person" },
          { "cannonbolt.controller.first_person": "(query.variant == 10 || query.variant == 14) && variable.is_first_person" },
          { "cannonbolt.arm.offset": "(query.variant == 10 || query.variant == 14) && variable.is_first_person" },
          { "cannonbolt.arm.attack_noise": "(query.variant == 10 || query.variant == 14) && variable.is_first_person && !query.is_moving && variable.attack_time > 0" },
          { "cannonbolt.controller.ball": "(query.variant == 10 || query.variant == 14) && !variable.is_first_person" },
          { "cannonbolt.controller.ball_move": "(query.variant == 10 || query.variant == 14) && variable.cannonbolt_ball == 1 && !variable.is_first_person" },
          {
            "cannonbolt.smoke_particles": "(query.variant == 10 || query.variant == 14) && variable.cannonbolt_ball == 1 && query.is_sprinting && query.is_on_ground && !variable.is_first_person"
          },
          //Humungousaur
          { "humungousaur.controller.move": "query.variant == 7 && !variable.is_first_person" },
          { "humungousaur.controller.attack": "query.variant == 7 && !variable.is_first_person" },
          { "humungousaur.controller.first_person": "query.variant == 7 && variable.is_first_person" },
          { "humungousaur.arm.offset": "query.variant == 7 && variable.is_first_person" },
          { "humungousaur.arm.attack_noise": "query.variant == 7 && variable.is_first_person && !query.is_moving && variable.attack_time > 0" },
          { "humungousaur.scale": "query.variant == 7" },
          //Shock Rock
          { "shockrock.controller.move": "query.variant == 9 && !variable.is_first_person" },
          { "shockrock.controller.attack": "query.variant == 9 && !variable.is_first_person" },
          { "shockrock.controller.first_person": "query.variant == 9 && variable.is_first_person" },
          { "shockrock.arm.offset": "query.variant == 9 && variable.is_first_person" },
          { "shockrock.arm.attack_noise": "query.variant == 9 && variable.is_first_person && !query.is_moving && variable.attack_time > 0" },
          { "shockrock.scale": "query.variant == 9" },
          //Diamondhead and Crystalfist
          { "diamondhead.controller.move": "(query.variant == 3 || query.variant == 13) && !variable.is_first_person" },
          { "diamondhead.controller.attack": "(query.variant == 3 || query.variant == 13) && !variable.is_first_person" },
          { "diamondhead.controller.first_person": "(query.variant == 3 || query.variant == 13) && variable.is_first_person" },
          { "diamondhead.arm.offset": "(query.variant == 3 || query.variant == 13) && variable.is_first_person" },
          {
            "diamondhead.arm.attack_noise": "(query.variant == 3 || query.variant == 13) && variable.is_first_person && !query.is_moving && variable.attack_time > 0"
          },
          { "diamondhead.scale": "query.variant == 3 || query.variant == 13" },
          //Heatblast
          { "heatblast.scale": "query.variant == 1" },
          { "heatblast.controller.move": "query.variant == 1 && !variable.is_first_person" },
          { "heatblast.smoke_particles": "query.variant == 1 && !variable.is_first_person" },
          { "heatblast.controller.attack": "query.variant == 1 && !variable.is_first_person" },
          { "heatblast.controller.flames": "query.variant == 1 && !variable.is_first_person" },
          { "heatblast.controller.first_person": "query.variant == 1 && variable.is_first_person" },
          { "heatblast.arm.offset": "query.variant == 1 && variable.is_first_person" },
          { "heatblast.arm.attack_noise": "query.variant == 1 && variable.is_first_person && !query.is_moving && variable.attack_time > 0" },
          //Jetray
          { "jetray.controller.move": "query.variant == 8 && !variable.is_first_person && !query.is_riding" },
          { "jetray.controller.attack": "query.variant == 8 && !variable.is_first_person && !query.is_riding" },
          { "jetray.controller.first_person": "query.variant == 8 && variable.is_first_person" },
          { "jetray.arm.offset": "query.variant == 8 && variable.is_first_person" },
          { "jetray.arm.attack_noise": "query.variant == 8 && variable.is_first_person && !query.is_moving && variable.attack_time > 0" },
          { "jetray.controller.flying": "query.variant == 8 && query.is_riding && !variable.is_first_person" },
          { "jetray.controller.flying_legs": "query.variant == 8 && query.is_riding && !variable.is_first_person" },
          { "jetray.controller.flying_head": "query.variant == 8 && query.is_riding && !variable.is_first_person" },
          { "jetray.scale": "query.variant == 8" },
          
          //Gax
          { "gax.controller.move": "query.variant == 15 && !variable.is_first_person" },
          { "humungousaur.controller.attack": "query.variant == 15 && !variable.is_first_person" },
          { "humungousaur.controller.first_person": "query.variant == 15 && variable.is_first_person" },
          { "humungousaur.arm.offset": "query.variant == 15 && variable.is_first_person" },
          { "humungousaur.arm.attack_noise": "query.variant == 15 && variable.is_first_person && !query.is_moving && variable.attack_time > 0" },
          { "gax.scale": "query.variant == 15" }
        ]
      },
      "animations": {
        "first_person_test": "animation.player.first_person.test",
        //Vanilla
        "root": "controller.animation.player.root",
        "root_first_person": "controller.animation.player.root_first_person",
        "base_controller": "controller.animation.player.base",
        "hudplayer": "controller.animation.player.hudplayer",
        "humanoid_base_pose": "animation.humanoid.base_pose",
        "look_at_target": "controller.animation.humanoid.look_at_target",
        "look_at_target_ui": "animation.player.look_at_target.ui",
        "look_at_target_default": "animation.humanoid.look_at_target.default",
        "look_at_target_gliding": "animation.humanoid.look_at_target.gliding",
        "look_at_target_swimming": "animation.humanoid.look_at_target.swimming",
        "look_at_target_inverted": "animation.player.look_at_target.inverted",
        "cape": "animation.player.cape",
        "move.arms": "animation.player.move.arms",
        "move.legs": "animation.player.move.legs",
        "swimming": "animation.player.swim",
        "swimming.legs": "animation.player.swim.legs",
        "riding.arms": "animation.player.riding.arms",
        "riding.legs": "animation.player.riding.legs",
        "holding": "animation.player.holding",
        "brandish_spear": "animation.humanoid.brandish_spear",
        "charging": "animation.humanoid.charging",
        "attack.positions": "animation.player.attack.positions",
        "attack.rotations": "animation.player.attack.rotations",
        "sneaking": "animation.player.sneaking",
        "bob": "animation.player.bob",
        "damage_nearby_mobs": "animation.humanoid.damage_nearby_mobs",
        "bow_and_arrow": "animation.humanoid.bow_and_arrow",
        "fishing_rod": "animation.humanoid.fishing_rod",
        "use_item_progress": "animation.humanoid.use_item_progress",
        "skeleton_attack": "animation.skeleton.attack",
        "sleeping": "animation.player.sleeping",
        "first_person_base_pose": "animation.player.first_person.base_pose",
        "first_person_empty_hand": "animation.player.first_person.empty_hand",
        "first_person_swap_item": "animation.player.first_person.swap_item",
        "first_person_attack_controller": "controller.animation.player.first_person_attack",
        "first_person_attack_rotation": "animation.player.first_person.attack_rotation",
        "first_person_vr_attack_rotation": "animation.player.first_person.vr_attack_rotation",
        "first_person_walk": "animation.player.first_person.walk",
        "first_person_map_controller": "controller.animation.player.first_person_map",
        "first_person_map_hold": "animation.player.first_person.map_hold",
        "first_person_map_hold_attack": "animation.player.first_person.map_hold_attack",
        "first_person_map_hold_off_hand": "animation.player.first_person.map_hold_off_hand",
        "first_person_map_hold_main_hand": "animation.player.first_person.map_hold_main_hand",
        "first_person_crossbow_equipped": "animation.player.first_person.crossbow_equipped",
        "third_person_crossbow_equipped": "animation.player.crossbow_equipped",
        "third_person_bow_equipped": "animation.player.bow_equipped",
        "crossbow_hold": "animation.player.crossbow_hold",
        "crossbow_controller": "controller.animation.player.crossbow",
        "shield_block_main_hand": "animation.player.shield_block_main_hand",
        "shield_block_off_hand": "animation.player.shield_block_off_hand",
        "blink": "controller.animation.persona.blink",

        "look_at_target_alien": "animation.alien.look_at_target",
        "look_at_target_fourarms": "animation.four_arms.look_at_target",

        //Fourarms
        "fourarms.scale": "animation.fourarms.scale",
        "fourarms.controller.move": "controller.animation.fourarms.move",
        "fourarms.controller.arms": "controller.animation.fourarms.arms",
        "fourarms.breathe": "animation.fourarms.breathe",
        "fourarms.base_pose": "animation.fourarms.base_pose",
        "fourarms.jump_start": "animation.fourarms.jump_start",
        "fourarms.jump_mid": "animation.fourarms.jump_mid",
        "fourarms.jump_end": "animation.fourarms.jump_end",
        "fourarms.walk": "animation.fourarms.walk2",
        "fourarms.sneak": "animation.fourarms.sneak",
        "fourarms.sneak_pose": "animation.fourarms.sneak_pose",
        "fourarms.sneak_move": "animation.fourarms.sneak_move",
        "fourarms.sprint_start": "animation.fourarms.run_start",
        "fourarms.sprint_mid": "animation.fourarms.run_loop",
        "fourarms.sprint_end": "animation.fourarms.run_end",
        "fourarms.fall_start": "animation.fourarms.fall_start",
        "fourarms.fall_mid": "animation.fourarms.fall_loop",
        "fourarms.fall_end": "animation.fourarms.fall_end",
        "fourarms.clap": "animation.fourarms.seismic_clap",
        "fourarms.get_rock": "animation.fourarms.rock_pickup",
        "fourarms.throw_rock": "animation.fourarms.rock_throw",
        "fourarms.pickup_arms": "animation.fourarms.rock_hold_arms",
        "fourarms.punch_full": "animation.fourarms.punch_full",
        "fourarms.punch_move": "animation.fourarms.punch_move",
        //First Person
        "fourarms.controller.first_person": "controller.animation.fourarms.first_person",
        "fourarms.arm.offset": "animation.fourarms_arm.offset",
        "fourarms.arm.attack_noise": "animation.fourarms_arm.attack",
        "fourarms.first_person.base_pose": "animation.fourarms_arm.breathe",
        "fourarms.first_person.seismic_clap": "animation.fourarms_arm.seismic_clap",
        "fourarms.first_person.get_debris": "animation.fourarms_arm.rock_pickup",
        "fourarms.first_person.throw_debris": "animation.fourarms_arm.rock_throw",

        //XLR8
        "xlr8.controller.move": "controller.animation.xlr8.move",
        "xlr8.controller.tail": "controller.animation.xlr8.tail",
        "xlr8.breathe": "animation.xlr8.breathe",
        "xlr8.base_pose": "animation.xlr8.base_pose",
        "xlr8.walk": "animation.xlr8.walk2",
        "xlr8.run": "animation.xlr8.run2",
        "xlr8.swim": "animation.xlr8.swim2",
        "xlr8.fall_start": "animation.xlr8.fall1",
        "xlr8.fall_mid": "animation.xlr8.fall2",
        "xlr8.fall_end": "animation.xlr8.fall3",
        "xlr8.jump_start": "animation.xlr8.jump1",
        "xlr8.jump_mid": "animation.xlr8.jump2",
        "xlr8.jump_end": "animation.xlr8.jump3",
        "xlr8.attack_full": "animation.xlr8.kick_full",
        "xlr8.scale": "animation.xlr8.scale",
        "xlr8.sneak": "animation.xlr8.sneak1",
        "xlr8.sneak_pose": "animation.xlr8.sneak_pose",
        "xlr8.sneak_move": "animation.xlr8.sneak2",
        "xlr8.tornado": "animation.xlr8.tornado_throw",
        "xlr8.tornado_tail": "animation.xlr8.tornado_throw_tail",
        "xlr8.dodge_right": "animation.xlr8.strafe_right",
        "xlr8.dodge_left": "animation.xlr8.strafe_left",
        "xlr8.smoke_particles": "animation.xlr8.smoke_particle",
        //First Person
        "xlr8.controller.first_person": "controller.animation.xlr8.first_person",
        "xlr8.arm.offset": "animation.xlr8_arm.offset",
        "xlr8.arm.attack_noise": "animation.xlr8_arm.attack",
        "xlr8.first_person.base_pose": "animation.xlr8_arm.breathe",
        "xlr8.first_person.tornado": "animation.xlr8_arm.tornado_throw",

        //Rath
        "rath.controller.move": "controller.animation.rath.move",
        "rath.controller.attack": "controller.animation.rath.attack",
        "rath.scale": "animation.rath.scale",
        "rath.punch": "animation.rath.attack_full",
        "rath.attack_moving": "animation.rath.attack_moving",
        "rath.base_pose": "animation.rath.base_pose",
        "rath.breathe": "animation.rath.breathe",
        "rath.climb1": "animation.rath.climb1",
        "rath.climb1_reverse": "animation.rath.climb1_reverse",
        "rath.climb2": "animation.rath.climb2",
        "rath.climb2_reverse": "animation.rath.climb2_reverse",
        "rath.climb1.idle": "animation.rath.climb1_idle",
        "rath.climb2.idle": "animation.rath.climb2_idle",
        "rath.fall": "animation.rath.fall",
        "rath.jump": "animation.rath.jump_loop",
        "rath.roar": "animation.rath.roar",
        "rath.slash": "animation.rath.slash_mater",
        "rath.sneak": "animation.rath.sneak",
        "rath.swimming": "animation.rath.base_walk",
        "rath.sneak_pose": "animation.rath.sneak",
        "rath.sneak_move": "animation.rath.sneak",
        "rath.run": "animation.rath.sprint",
        "rath.walk": "animation.rath.base_walk",
        //First Person
        "rath.controller.first_person": "controller.animation.rath.first_person",
        "rath.arm.offset": "animation.rath_arm.offset",
        "rath.arm.attack_noise": "animation.rath_arm.attack",
        "rath.first_person.base_pose": "animation.rath_arm.breathe",
        "rath.first_person.roar": "animation.rath_arm.roar",
        "rath.first_person.roar_offset": "animation.rath_arm.roar_offset",
        "rath.first_person.slash": "animation.rath_arm.slash_mater",

        //Slapback
        "slapback.controller.move": "controller.animation.slapback.move",
        "slapback.controller.arms": "controller.animation.slapback.arms",
        "slapback.breathe": "animation.slapback.breathe",
        "slapback.base_pose": "animation.slapback.base_pose",
        "slapback.walk": "animation.slapback.walk",
        "slapback.run": "animation.slapback.run",
        "slapback.swim": "animation.slapback.swim",
        "slapback.fall_start": "animation.slapback.fall_start",
        "slapback.fall_mid": "animation.slapback.fall_mid",
        "slapback.fall_end": "animation.slapback.fall_end",
        "slapback.landing": "animation.slapback.landing",
        "slapback.jump_start": "animation.slapback.jump_start",
        "slapback.jump_mid": "animation.slapback.jump_mid",
        "slapback.jump_end": "animation.slapback.jump_end",
        "slapback.punch_full": "animation.slapback.punch_full",
        "slapback.punch_moving": "animation.slapback.punch_moving",
        "slapback.punch_combo": "animation.slapback.punch_combo",
        "slapback.sneak": "animation.slapback.sneak",
        "slapback.sneak_pose": "animation.slapback.sneak_pose",
        "slapback.sneak_move": "animation.slapback.sneak_move",
        "slapback.pickup": "animation.slapback.clone_pickup",
        "slapback.pickup_arms": "animation.slapback.clone_pickup_arms",
        "slapback.drop": "animation.slapback.clone_drop",
        "slapback.throw": "animation.slapback.clone_throw",
        "slapback.merge": "animation.slapback.merge",
        "slapback.split": "animation.slapback.split",
        "slapback.direct": "animation.slapback.direct",
        //First Person
        "slapback.controller.first_person": "controller.animation.slapback.first_person",
        "slapback.arm.offset": "animation.slapback_arm.offset",
        "slapback.arm.attack_noise": "animation.slapback_arm.attack",
        "slapback.first_person.base_pose": "animation.slapback_arm.breathe",
        "slapback.first_person.direct": "animation.slapback_arm.direct",
        "slapback.first_person.throw": "animation.slapback_arm.clone_throw",
        "slapback.first_person.drop": "animation.slapback_arm.clone_drop",
        "slapback.first_person.pickup": "animation.slapback_arm.clone_pickup",
        "slapback.first_person.picked_up": "animation.slapback_arm.clone_pickup_arms",

        //Cannonbolt
        "cannonbolt.controller.move": "controller.animation.cannonbolt.move",
        "cannonbolt.controller.attack": "controller.animation.cannonbolt.attack",
        "cannonbolt.controller.ball": "controller.animation.cannonbolt.ball",
        "cannonbolt.controller.smoke": "controller.animation.cannonbolt.smoke",
        "cannonbolt.controller.ball_move": "controller.animation.cannonbolt.ball_move",
        "cannonbolt.attack_full": "animation.cannonbolt.attack",
        "cannonbolt.attack_moving": "animation.cannonbolt.attack_moving",
        "cannonbolt.base_pose": "animation.cannonbolt.base_pose",
        "cannonbolt.breathe": "animation.cannonbolt.breathe",
        "cannonbolt.falling": "animation.cannonbolt.falling",
        "cannonbolt.jump": "animation.cannonbolt.jump",
        "cannonbolt.run": "animation.cannonbolt.run",
        "cannonbolt.sneak": "animation.cannonbolt.sneak_start",
        "cannonbolt.sneak_pose": "animation.cannonbolt.sneak_pose",
        "cannonbolt.sneak_move": "animation.cannonbolt.sneak_loop",
        "cannonbolt.walk": "animation.cannonbolt.walk",
        "cannonbolt.roll_start": "animation.cannonbolt.roll_start",
        "cannonbolt.ball_pose": "animation.cannonbolt.ball_pose",
        "cannonbolt.ball_still": "animation.cannonbolt.ball_still",
        "cannonbolt.roll_loop": "animation.cannonbolt.roll_loop",
        "cannonbolt.roll_end": "animation.cannonbolt.roll_end",
        "cannonbolt.treading_water": "animation.cannonbolt.roll_end",
        "cannonbolt.jump_end": "animation.cannonbolt.jump_end",
        "cannonbolt.jump_start": "animation.cannonbolt.jump_start",
        "cannonbolt.piledriver": "animation.cannonbolt.piledriver",
        "cannonbolt.wall_slam": "animation.cannonbolt.wall_slam",
        "cannonbolt.smoke_particles": "animation.cannonbolt.smoke_particle",
        //First Person
        "cannonbolt.controller.first_person": "controller.animation.cannonbolt.first_person",
        "cannonbolt.arm.offset": "animation.cannonbolt_arm.offset",
        "cannonbolt.arm.attack_noise": "animation.cannonbolt_arm.attack",
        "cannonbolt.first_person.base_pose": "animation.cannonbolt_arm.breathe",

        //Humungousaur
        "humungousaur.controller.move": "controller.animation.humungousaur.move",
        "humungousaur.controller.attack": "controller.animation.humungousaur.attack",
        "humungousaur.scale": "animation.humungousaur.scale",
        "humungousaur.breathe": "animation.humungousaur.breathe",
        "humungousaur.tailwhip": "animation.humungousaur.tailwhip",
        "humungousaur.laser_start": "animation.humungousaur.laser_start",
        "humungousaur.laser_loop": "animation.humungousaur.laser_loop",
        "humungousaur.laser_end": "animation.humungousaur.laser_end",
        "humungousaur.punch": "animation.humungousaur.punch",
        "humungousaur.attack_moving": "animation.humungousaur.punch_arm",
        "humungousaur.stomp": "animation.humungousaur.stomp",
        "humungousaur.jump": "animation.humungousaur.jump",
        "humungousaur.fall": "animation.humungousaur.falling",
        "humungousaur.treading_water": "animation.humungousaur.swim_treading",
        "humungousaur.swimming": "animation.humungousaur.swimming",
        "humungousaur.walk": "animation.humungousaur.walk",
        "humungousaur.run": "animation.humungousaur.run",
        //First Person
        "humungousaur.controller.first_person": "controller.animation.humungousaur.first_person",
        "humungousaur.arm.offset": "animation.humungousaur_arm.offset",
        "humungousaur.arm.attack_noise": "animation.humungousaur_arm.attack",
        "humungousaur.first_person.base_pose": "animation.humungousaur_arm.breathe",
        "humungousaur.first_person.stomp": "animation.humungousaur_arm.stomp",
        "humungousaur.first_person.tail_whip": "animation.humungousaur_arm.tail_whip",

        //Shock Rock
        "shockrock.controller.move": "controller.animation.shockrock.move",
        "shockrock.controller.attack": "controller.animation.shockrock.attack",
        "shockrock.scale": "animation.shockrock.scale",
        "shockrock.attack_combo": "animation.shockrock.attack_combo",
        "shockrock.attack_full": "animation.shockrock.attack_full",
        "shockrock.attack_moving": "animation.shockrock.attack_moving",
        "shockrock.base_pose": "animation.shockrock.base_pose",
        "shockrock.breathe": "animation.shockrock.breathe",
        "shockrock.charge": "animation.shockrock.charge_machine",
        "shockrock.blast": "animation.shockrock.energy_blast",
        "shockrock.fall_start": "animation.shockrock.fall1",
        "shockrock.fall_mid": "animation.shockrock.fall2",
        "shockrock.fall_end": "animation.shockrock.fall3",
        "shockrock.forcefield": "animation.shockrock.forcefield",
        "shockrock.jump_start": "animation.shockrock.jump1",
        "shockrock.jump_mid": "animation.shockrock.jump2",
        "shockrock.jump_end": "animation.shockrock.jump3",
        "shockrock.run1": "animation.shockrock.run1",
        "shockrock.run": "animation.shockrock.run2",
        "shockrock.run3": "animation.shockrock.run3",
        "shockrock.sneak": "animation.shockrock.sneak1",
        "shockrock.sneak_pose": "animation.shockrock.sneak_pose",
        "shockrock.sneak_move": "animation.shockrock.sneak2",
        "shockrock.sneak3": "animation.shockrock.sneak3",
        "shockrock.bluemerang": "animation.shockrock.throw_bluemerang",
        "shockrock.walk1": "animation.shockrock.walk1",
        "shockrock.walk": "animation.shockrock.walk2",
        "shockrock.walk3": "animation.shockrock.walk3",
        //First Person
        "shockrock.controller.first_person": "controller.animation.shockrock.first_person",
        "shockrock.arm.offset": "animation.shockrock_arm.offset",
        "shockrock.arm.attack_noise": "animation.shockrock_arm.attack",
        "shockrock.first_person.base_pose": "animation.shockrock_arm.breathe",
        "shockrock.first_person.blast": "animation.shockrock_arm.energy_blast",
        "shockrock.first_person.charge": "animation.shockrock_arm.charge_machine",
        "shockrock.first_person.bluemerang": "animation.shockrock_arm.throw_bluemerang",

        //Diamondhead
        "diamondhead.scale": "animation.diamondhead.scale",
        "diamondhead.controller.move": "controller.animation.diamondhead.move",
        "diamondhead.controller.attack": "controller.animation.diamondhead.attack",
        "diamondhead.breathe": "animation.diamondhead.breathe",
        "diamondhead.base_pose": "animation.diamondhead.base_pose",
        "diamondhead.walk": "animation.diamondhead.walk2",
        "diamondhead.run": "animation.diamondhead.sprint2",
        "diamondhead.swim": "animation.diamondhead.swim2",
        "diamondhead.fall_start": "animation.diamondhead.fall1",
        "diamondhead.fall_mid": "animation.diamondhead.fall2",
        "diamondhead.fall_end": "animation.diamondhead.fall3",
        "diamondhead.jump_start": "animation.diamondhead.jump1",
        "diamondhead.jump_mid": "animation.diamondhead.jump2",
        "diamondhead.jump_end": "animation.diamondhead.jump3",
        "diamondhead.punch_full": "animation.diamondhead.attack_full",
        "diamondhead.attack_moving": "animation.diamondhead.attack_moving",
        "diamondhead.sneak": "animation.diamondhead.sneak1",
        "diamondhead.sneak_pose": "animation.diamondhead.sneak_pose",
        "diamondhead.sneak_move": "animation.diamondhead.sneak2",
        "diamondhead.spike_summon": "animation.diamondhead.spike_summon",
        "diamondhead.spike_throw": "animation.diamondhead.spike_throw",
        //First Person
        "diamondhead.controller.first_person": "controller.animation.diamondhead.first_person",
        "diamondhead.arm.offset": "animation.diamondhead_arm.offset",
        "diamondhead.arm.attack_noise": "animation.diamondhead_arm.attack",
        "diamondhead.first_person.base_pose": "animation.diamondhead_arm.breathe",
        "diamondhead.first_person.darts": "animation.diamondhead_arm.spike_throw",
        "diamondhead.first_person.crystals": "animation.diamondhead_arm.spike_summon",

        //Heatblast
        "heatblast.scale": "animation.heatblast.scale",
        "heatblast.controller.move": "controller.animation.heatblast.move",
        "heatblast.controller.attack": "controller.animation.heatblast.attack",
        "heatblast.controller.flames": "controller.animation.heatblast.flames",
        "heatblast.breathe": "animation.heatblast.breathe",
        "heatblast.walk": "animation.heatblast.walk",
        "heatblast.treading_water": "animation.heatblast.treading_water",
        "heatblast.swimming": "animation.heatblast.swim",
        "heatblast.jump": "animation.heatblast.jump",
        "heatblast.run": "animation.heatblast.run",
        "heatblast.sneak": "animation.heatblast.sneak_breathe",
        "heatblast.sneak_move": "animation.heatblast.sneaking",
        "heatblast.fall": "animation.heatblast.falling",
        "heatblast.punch": "animation.heatblast.attack",
        "heatblast.fireball": "animation.heatblast.throw_fireball",
        "heatblast.flamethrower_start": "animation.heatblast.flamethrower_start",
        "heatblast.flamethrower_loop": "animation.heatblast.flamethrower_loop",
        "heatblast.flamethrower_end": "animation.heatblast.flamethrower_end",
        "heatblast.take_off": "animation.heatblast.superjump_takeoff",
        "heatblast.take_off_glide": "animation.heatblast.superjump_loop",
        "heatblast.flames.take_off": "animation.heatblast.flames.superjump_takeoff",
        "heatblast.flames.take_off_glide": "animation.heatblast.flames.superjump_loop",
        "heatblast.land": "animation.heatblast.land",
        "heatblast.attack_moving": "animation.heatblast.attack_moving",
        "heatblast.smoke_particles": "animation.heatblast.smoke_head",
        //First Person
        "heatblast.controller.first_person": "controller.animation.heatblast.first_person",
        "heatblast.arm.offset": "animation.heatblast_arm.offset",
        "heatblast.arm.attack_noise": "animation.heatblast_arm.attack",
        "heatblast.first_person.base_pose": "animation.heatblast_arm.breathe",
        "heatblast.first_person.fireball": "animation.heatblast_arm.throw_fireball",
        "heatblast.first_person.flamethrower_offset": "animation.heatblast_arm.flamethrower_offset",
        "heatblast.first_person.flamethrower_start": "animation.heatblast_arm.flamethrower_start",
        "heatblast.first_person.flamethrower_loop": "animation.heatblast_arm.flamethrower_loop",
        "heatblast.first_person.flamethrower_end": "animation.heatblast_arm.flamethrower_end",

        //Jetray
        "jetray.scale": "animation.jetray.scale",
        "jetray.controller.move": "controller.animation.jetray.move",
        "jetray.controller.attack": "controller.animation.jetray.attack",
        "jetray.controller.flying": "controller.animation.jetray.flying",
        "jetray.controller.flying_legs": "controller.animation.jetray.flying_legs",
        "jetray.controller.flying_head": "controller.animation.jetray.flying_head",
        "jetray.breathe": "animation.jetray.breathe",
        "jetray.walk": "animation.jetray.walk2",
        "jetray.treading_water": "animation.jetray.swim_tread",
        "jetray.swimming": "animation.jetray.swim2",
        "jetray.jump": "animation.jetray.jump_full",
        "jetray.run": "animation.jetray.sprint2",
        "jetray.sneak": "animation.jetray.sneak1",
        "jetray.sneak_pose": "animation.jetray.sneak_still",
        "jetray.sneak_move": "animation.jetray.sneak2",
        "jetray.fall": "animation.jetray.jump_fall_loop",
        "jetray.punch": "animation.jetray.attack_full",
        "jetray.lasers": "animation.jetray.attack_laser_full",
        "jetray.attack_moving": "animation.jetray.attack_moving",
        "jetray.fly": "animation.jetray.jump_fly",
        "jetray.pickup_legs": "animation.jetray.leg_pickup",
        "jetray.pickup_still": "animation.jetray.leg_pickup_still",
        "jetray.drop_legs": "animation.jetray.leg_drop",
        "jetray.flying_lasers": "animation.jetray.attack_laser_fly",
        "jetray.flight_direction": "animation.jetray.flight_direction",
        //First Person
        "jetray.controller.first_person": "controller.animation.jetray.first_person",
        "jetray.arm.offset": "animation.jetray_arm.offset",
        "jetray.arm.attack_noise": "animation.jetray_arm.attack",
        "jetray.first_person.base_pose": "animation.jetray_arm.breathe",
        
        //Gax
        "gax.scale": "animation.gax.scale",
        "gax.controller.move": "controller.animation.gax.move",
        "gax.walk": "animation.gax.walk",
        "gax.run": "animation.gax.run",
        "gax.controller.attack": "controller.animation.gax.attack",
        "gax.attack_moving": "animation.gax.punch",
        "gax.punch": "animation.gax.punch",
        "gax.breathe": "animation.gax.breathe",
        "gax.jump": "animation.gax.jump"
      },
      "particle_effects": {
        "cannonbolt_smoke": "blockception:cannonbolt_smoke",
        "xlr8_smoke": "blockception:xlr8_smoke",
        "fire_jet": "blockception:fire_jet",
        "fire_jet_glide": "blockception:fire_jet_glide",
        "fire_step": "blockception:fire_step",
        "heatblast_smoke": "blockception:heatblast_smoke"
      },
      //Animation SFX
      //four-arms
      "sound_effects": {
        "fa-seismic": "fa-seismic",
        "fa-pickup": "fa-pickup",
        "fa-smash": "fa-smash",
        "fa-smash1": "fa-smash",
        "fa-throw": "fa-throw",
        "fa-running": "fa-running",
        "fa-land": "fa-land",
        "fa-attack": "fa-attack",
        //Jetray
        "jr-attack": "jr-attack",
        "jr-jump": "jr-jump",
        "jr-land": "jr-land",
        "jr-laser": "jr-laser",
        "jr-takeoff": "jr-takeoff",
        "jr-jumpfull": "jr-jumpfull",
        //Heatblast
        "hb-flame": "hb-flame",
        "hb-attack": "hb-attack",
        "hb-throw": "hb-throw",
        "hb-jump": "hb-jump",
        "hb-takeoff": "hb-takeoff",
        //Shockrock
        "sr-attack": "sr-attack",
        "sr-blast": "sr-blast",
        "sr-charge": "sr-charge",
        "sr-throw": "sr-throw",
        "sr-fall": "sr-fall",
        "sr-jump": "sr-jump",
        "sr-field": "sr-field",
        //Slapback
        "sb-attack": "sb-attack",
        "sb-direct": "sb-direct",
        "sb-jump": "sb-jump",
        "sb-drop": "sb-drop",
        "sb-fall": "sb-fall",
        "sb-land": "sb-land",
        "sb-throw": "sb-throw",
        "sb-pickup": "sb-pickup",
        //Cannonbolt
        "cb-piledriver": "cb-piledriver",
        "cb-rollend": "cb-rollend",
        "cb-rollstart": "cb-rollstart",
        "cb-attack": "cb-attack",
        "cb-jump": "cb-jump",
        "cb-wallslam": "cb-wallslam",
        "cb-loop": "cb-loop",
        //Diamondhead
        "dh-spike": "dh-spike",
        "dh-dart": "dh-dart",
        "dh-jump": "dh-jump",
        "dh-attack": "dh-attack",
        //Rath
        "rt-attack": "rt-attack",
        "rt-climb": "rt-climb",
        "rt-jump": "rt-jump",
        "rt-roar": "rt-roar",
        "rt-slash": "rt-slash",
        //Humungoursaur
        "hg-laser": "hg-laser",
        "hg-jump": "hg-jump",
        "hg-punch": "hg-punch",
        "hg-stomp": "hg-stomp",
        "hg-whip": "hg-whip",
        //XLR8
        "xr-kick": "xr-kick",
        "xr-throw": "xr-throw",
        "xr-select": "xr-select",
        "xr-jump": "xr-jump",
        "xr-dodge": "xr-dodge",
        "xr-boost": "xr-boost",

        //Omnitrix UI
        "omnitrix-ui-select": "omnitrix-ui-select"
      },
      "render_controllers": [
        { "controller.render.player.first_person": "variable.is_first_person && query.variant == 0" },
        { "controller.render.player.third_person": "!variable.is_first_person && !variable.map_face_icon && query.variant == 0" },
        { "controller.render.player.map": "variable.map_face_icon" },

        { "controller.render.fourarms": "query.variant == 6" },
        { "controller.render.fourarms.rock": "query.variant == 6 || query.variant == 11" },
        { "controller.render.xlr8": "query.variant == 4" },
        { "controller.render.rath": "query.variant == 5" },
        { "controller.render.slapback": "query.variant == 2" },
        { "controller.render.cannonbolt": "query.variant == 10" },
        { "controller.render.humungousaur": "query.variant == 7" },
        { "controller.render.shockrock": "query.variant == 9" },
        { "controller.render.diamondhead": "query.variant == 3" },
        { "controller.render.heatblast": "query.variant == 1" },
        { "controller.render.heatblast.head": "query.variant == 1" },
        { "controller.render.heatblast.flames": "query.variant == 1" },
        { "controller.render.heatblast.hand_flames": "query.variant == 1" },
        { "controller.render.jetray": "query.variant == 8" },

        { "controller.render.quadsmack": "query.variant == 11" },
        { "controller.render.rush": "query.variant == 12" },
        { "controller.render.crystalfist": "query.variant == 13" },
        { "controller.render.wreckingbolt": "query.variant == 14" },
        { "controller.render.gax": "query.variant == 15" },

        { "controller.render.ben.normal": "query.variant == 20" },
        { "controller.render.ben.alien_force": "query.variant == 21" },
        { "controller.render.ben.omniverse": "query.variant == 22" },
        { "controller.render.ben.reboot": "query.variant == 23" },
        { "controller.render.gwen.normal": "query.variant == 24" },
        { "controller.render.kevin.normal": "query.variant == 25" }
      ]
    }
  }
}
