{
  "format_version": "1.10.0",
  "minecraft:client_entity": {
    "description": {
      "identifier": "blockception:token",
      "materials": { "default": "entity", "alpha": "entity_alphatest" },
      "textures": { "default": "textures/entity/assets/token" },
      "render_controllers": ["controller.render.default"],
      "geometry": { "default": "geometry.token" },
      "animations": {
        "spin": "animation.token.spin",
        "collect": "animation.dna.collect"
      },
      "scripts": {
        "animate": ["spin", { "collect": "query.is_sheared" }]
      },
      "spawn_egg": {
        "base_color": "#00FF00",
        "overlay_color": "#000000"
      }
    }
  }
}
