{
  "format_version": "1.10.0",
  "render_controllers": {
    "controller.render.heatblast": {
      "geometry": "Geometry.heatblast",
      "materials": [{ "*": "Material.heatblast" }, { "Alpha_*": "Material.default" }],
      "textures": ["Texture.heatblast"],
      "part_visibility": [
        { "*": "!variable.is_first_person" },
        { "rightArm": "variable.heatblast_right_render" },
        { "rightArmA": "variable.heatblast_right_render" },
        { "rightArmB": "variable.heatblast_right_render" },
        { "rightHand": "variable.heatblast_right_render" },
        { "rightHandA": "variable.heatblast_right_render" },
        { "rightHandB": "variable.heatblast_right_render" },
        { "Alpha_fire2": "variable.heatblast_right_render" },
        { "leftArm": "variable.heatblast_left_render" },
        { "leftArmA": "variable.heatblast_left_render" },
        { "leftArmB": "variable.heatblast_left_render" },
        { "leftHand": "variable.heatblast_left_render" },
        { "leftHandA": "variable.heatblast_left_render" },
        { "leftHandB": "variable.heatblast_left_render" },
        { "Alpha_fire1": "variable.heatblast_left_render" }
      ]
    },
    "controller.render.heatblast.head": {
      "geometry": "Geometry.heatblast_head",
      "materials": [{ "*": "Material.glow_uv_anim" }],
      "textures": ["Texture.heatblast_head"],
      "part_visibility": [{ "*": "!variable.is_first_person" }],
      "uv_anim": {
        "offset": [
          "(Math.floor(query.life_time * (100 / variable.heatblast_loop_time)) + query.frame_alpha) * 0.005",
          "(Math.floor(query.life_time * (100 / variable.heatblast_loop_time)) + query.frame_alpha) * 0.005"
        ],
        "scale": [1.0, 1.0]
      }
    },
    "controller.render.heatblast.flames": {
      "geometry": "Geometry.heatblast_flames",
      "materials": [{ "Alpha_flameC_A": "Material.uv_anim" }],
      "textures": ["Texture.heatblast_flames"],
      "part_visibility": [{ "*": "!variable.is_first_person" }],
      "uv_anim": {
        "offset": [0.0, "Math.floor(query.life_time * variable.heatblast_fps) * (1/variable.heatblast_max_frames)"],
        "scale": [1.0, 1.0]
      }
    },
    "controller.render.heatblast.hand_flames": {
      "geometry": "Geometry.heatblast_hand_flames",
      "materials": [{ "*": "Material.uv_anim" }],
      "textures": ["Texture.heatblast_flames"],
      "part_visibility": [{ "*": "!variable.is_first_person" }],
      "uv_anim": {
        "offset": [0.0, "Math.floor(query.life_time * variable.heatblast_fps) * (1/variable.heatblast_max_frames)"],
        "scale": [1.0, 1.0]
      }
    },
    "controller.render.slapback": {
      "geometry": "Geometry.slapback",
      "materials": [{ "*": "Material.default" }],
      "textures": ["Texture.slapback"],
      "part_visibility": [
        { "*": "!variable.is_first_person" },
        { "rightArm": "variable.slapback_right_render" },
        { "rightArmA": "variable.slapback_right_render" },
        { "rightArmB": "variable.slapback_right_render" },
        { "rightHand": "variable.slapback_right_render" },
        { "rightElbow": "variable.slapback_right_render" },
        { "rightThumb": "variable.slapback_right_render" },
        { "rightDigA": "variable.slapback_right_render" },
        { "rightDigB": "variable.slapback_right_render" },
        { "leftArm": "variable.slapback_left_render" },
        { "leftArmA": "variable.slapback_left_render" },
        { "leftArmB": "variable.slapback_left_render" },
        { "leftHand": "variable.slapback_left_render" },
        { "leftElbow": "variable.slapback_left_render" },
        { "leftThumb": "variable.slapback_left_render" },
        { "leftDigA": "variable.slapback_left_render" },
        { "leftDigB": "variable.slapback_left_render" }
      ]
    },
    "controller.render.diamondhead": {
      "geometry": "Geometry.diamondhead",
      "materials": [{ "*": "Material.default" }],
      "textures": ["Texture.diamondhead"],
      "part_visibility": [
        { "*": "!variable.is_first_person" },
        { "rightArm": "variable.diamondhead_right_render" },
        { "rightArmA": "variable.diamondhead_right_render" },
        { "rightShoulder": "variable.diamondhead_right_render" },
        { "rightShoulder_rot": "variable.diamondhead_right_render" },
        { "rightArmB": "variable.diamondhead_right_render" },
        { "rightElbow": "variable.diamondhead_right_render" },
        { "rightWrist": "variable.diamondhead_right_render" },
        { "rightWeapon": "variable.diamondhead_right_render" },
        { "rightWeaponA": "variable.diamondhead_right_render" },
        { "rightWeaponB": "variable.diamondhead_right_render" },
        { "rightHand": "variable.diamondhead_right_render" },
        { "rightThumb": "variable.diamondhead_right_render" },
        { "rightDigs": "variable.diamondhead_right_render" },
        { "leftArm": "variable.diamondhead_left_render" },
        { "leftArmA": "variable.diamondhead_left_render" },
        { "leftShoulder": "variable.diamondhead_left_render" },
        { "leftShoulder_rot": "variable.diamondhead_left_render" },
        { "leftArmB": "variable.diamondhead_left_render" },
        { "leftElbow": "variable.diamondhead_left_render" },
        { "leftWrist": "variable.diamondhead_left_render" },
        { "leftWeapon": "variable.diamondhead_left_render" },
        { "leftWeaponA": "variable.diamondhead_left_render" },
        { "leftWeaponB": "variable.diamondhead_left_render" },
        { "leftHand": "variable.diamondhead_left_render" },
        { "leftThumb": "variable.diamondhead_left_render" },
        { "leftDigs": "variable.diamondhead_left_render" }
      ]
    },
    "controller.render.xlr8": {
      "geometry": "Geometry.xlr8",
      "materials": [{ "*": "Material.default" }],
      "textures": ["Texture.xlr8"],
      "part_visibility": [
        { "*": "!variable.is_first_person" },
        { "rightArm": "variable.xlr8_right_render" },
        { "rightArmA": "variable.xlr8_right_render" },
        { "rightClaw": "variable.xlr8_right_render" },
        { "leftArm": "variable.xlr8_left_render" },
        { "leftArmA": "variable.xlr8_left_render" },
        { "leftClaw": "variable.xlr8_left_render" }
      ]
    },
    "controller.render.rath": {
      "geometry": "Geometry.rath",
      "materials": [{ "*": "Material.default" }],
      "textures": ["Texture.rath"],
      "part_visibility": [
        { "*": "!variable.is_first_person" },
        { "rightArm": "variable.rath_right_render" },
        { "rightShoulder": "variable.rath_right_render" },
        { "rightArmA": "variable.rath_right_render" },
        { "rightArmB": "variable.rath_right_render" },
        { "rightClaw": "variable.rath_right_render" },
        { "rightClaw_arm": "variable.rath_right_render" },
        { "rightClaw_rot": "variable.rath_right_render" },
        { "rightClawA": "variable.rath_right_render" },
        { "rightClawA_rot": "variable.rath_right_render" },
        { "rightClawB": "variable.rath_right_render" },
        { "rightClawB_rot": "variable.rath_right_render" },
        { "rightClawC": "variable.rath_right_render" },
        { "rightClawC_rot": "variable.rath_right_render" },
        { "rightHand": "variable.rath_right_render" },
        { "rightThumb": "variable.rath_right_render" },
        { "rightThumb_A": "variable.rath_right_render" },
        { "rightDigA": "variable.rath_right_render" },
        { "rightDigA_A": "variable.rath_right_render" },
        { "rightDigB": "variable.rath_right_render" },
        { "rightDigB_A": "variable.rath_right_render" },
        { "rightDigC": "variable.rath_right_render" },
        { "rightDigC_A": "variable.rath_right_render" },
        { "leftArm": "variable.rath_left_render" },
        { "leftShoulder": "variable.rath_left_render" },
        { "leftArmA": "variable.rath_left_render" },
        { "leftArmB": "variable.rath_left_render" },
        { "leftClaw": "variable.rath_left_render" },
        { "leftClaw_arm": "variable.rath_left_render" },
        { "leftClaw_rot": "variable.rath_left_render" },
        { "leftClawA": "variable.rath_left_render" },
        { "leftClawA_rot": "variable.rath_left_render" },
        { "leftClawB": "variable.rath_left_render" },
        { "leftClawB_rot": "variable.rath_left_render" },
        { "leftClawC": "variable.rath_left_render" },
        { "leftClawC_rot": "variable.rath_left_render" },
        { "leftHand": "variable.rath_left_render" },
        { "leftThumb": "variable.rath_left_render" },
        { "leftThumb_A": "variable.rath_left_render" },
        { "leftDigA": "variable.rath_left_render" },
        { "leftDigA_A": "variable.rath_left_render" },
        { "leftDigB": "variable.rath_left_render" },
        { "leftDigB_A": "variable.rath_left_render" },
        { "leftDigC": "variable.rath_left_render" },
        { "leftDigC_A": "variable.rath_left_render" }
      ]
    },
    "controller.render.fourarms": {
      "geometry": "Geometry.fourarms",
      "materials": [{ "*": "Material.default" }],
      "textures": ["Texture.fourarms"],
      "part_visibility": [
        { "*": "!variable.is_first_person" },
        { "rightArm": "variable.fourarms_right_render" },
        { "rightArmA": "variable.fourarms_right_render" },
        { "rightSBladeA": "variable.fourarms_right_render" },
        { "rightArmA_A": "variable.fourarms_right_render" },
        { "rightArmA_B": "variable.fourarms_right_render" },
        { "rightSpikeA_A": "variable.fourarms_right_render" },
        { "rightSpikeA_B": "variable.fourarms_right_render" },
        { "rightSpikeA_C": "variable.fourarms_right_render" },
        { "rightSpikeA_D": "variable.fourarms_right_render" },
        { "rightAHand": "variable.fourarms_right_render" },
        { "rightADigA": "variable.fourarms_right_render" },
        { "rightADigB": "variable.fourarms_right_render" },
        { "rightADigC": "variable.fourarms_right_render" },
        { "rightAThumb": "variable.fourarms_right_render" },
        { "leftArm": "variable.fourarms_left_render" },
        { "leftArmA": "variable.fourarms_left_render" },
        { "leftSBladeA": "variable.fourarms_left_render" },
        { "leftArmA_A": "variable.fourarms_left_render" },
        { "leftArmA_B": "variable.fourarms_left_render" },
        { "leftSpikeA_A": "variable.fourarms_left_render" },
        { "leftSpikeA_B": "variable.fourarms_left_render" },
        { "leftSpikeA_C": "variable.fourarms_left_render" },
        { "leftSpikeA_D": "variable.fourarms_left_render" },
        { "leftAHand": "variable.fourarms_left_render" },
        { "leftADigA": "variable.fourarms_left_render" },
        { "leftADigB": "variable.fourarms_left_render" },
        { "leftADigC": "variable.fourarms_left_render" },
        { "leftAThumb": "variable.fourarms_left_render" }
      ]
    },
    "controller.render.fourarms.rock": {
      "materials": [{ "*": "Material.default" }],
      "geometry": "Geometry.fourarms_rock",
      "textures": ["Texture.fourarms_rock"],
      "part_visibility": [{ "*": "!variable.is_first_person" }]
    },
    "controller.render.humungousaur": {
      "geometry": "Geometry.humungousaur",
      "materials": [{ "*": "Material.default" }],
      "textures": ["Texture.humungousaur"],
      "part_visibility": [
        { "*": "!variable.is_first_person" },
        { "rightArm": "variable.humungousaur_right_render" },
        { "rightShoulder": "variable.humungousaur_right_render" },
        { "rightArmA": "variable.humungousaur_right_render" },
        { "rightArmB": "variable.humungousaur_right_render" },
        { "rightHand": "variable.humungousaur_right_render" },
        { "rightDigA": "variable.humungousaur_right_render" },
        { "rightDigA_A": "variable.humungousaur_right_render" },
        { "rightThumb": "variable.humungousaur_right_render" },
        { "rightThumb_A": "variable.humungousaur_right_render" },
        { "rightDigB": "variable.humungousaur_right_render" },
        { "rightDigB_A": "variable.humungousaur_right_render" },
        { "rightDigC": "variable.humungousaur_right_render" },
        { "rightDigC_A": "variable.humungousaur_right_render" },
        { "leftArm": "variable.humungousaur_left_render" },
        { "leftShoulder": "variable.humungousaur_left_render" },
        { "leftArmA": "variable.humungousaur_left_render" },
        { "leftArmB": "variable.humungousaur_left_render" },
        { "leftHand": "variable.humungousaur_left_render" },
        { "leftDigA": "variable.humungousaur_left_render" },
        { "leftDigA_A": "variable.humungousaur_left_render" },
        { "leftThumb": "variable.humungousaur_left_render" },
        { "leftThumb_A": "variable.humungousaur_left_render" },
        { "leftDigB": "variable.humungousaur_left_render" },
        { "leftDigB_A": "variable.humungousaur_left_render" },
        { "leftDigC": "variable.humungousaur_left_render" },
        { "leftDigC_A": "variable.humungousaur_left_render" },
        { "tailA": "variable.humungousaur_tail_render" },
        { "tailB": "variable.humungousaur_tail_render" },
        { "tailC": "variable.humungousaur_tail_render" },
        { "tailD": "variable.humungousaur_tail_render" },
        { "tailE": "variable.humungousaur_tail_render" }
      ]
    },
    "controller.render.jetray": {
      "geometry": "Geometry.jetray",
      "materials": [{ "*": "Material.default" }],
      "textures": ["Texture.jetray"],
      "part_visibility": [
        { "*": "!variable.is_first_person" },
        { "rightArm": "variable.jetray_right_render" },
        { "rightArmA": "variable.jetray_right_render" },
        { "rightShoulder": "variable.jetray_right_render" },
        { "rightArmB": "variable.jetray_right_render" },
        { "rightHand": "variable.jetray_right_render" },
        { "rightThumb": "variable.jetray_right_render" },
        { "rightThumbA": "variable.jetray_right_render" },
        { "rightDigA": "variable.jetray_right_render" },
        { "rightDigA_A": "variable.jetray_right_render" },
        { "rightDigB": "variable.jetray_right_render" },
        { "rightDigB_B": "variable.jetray_right_render" },
        { "leftArm": "variable.jetray_left_render" },
        { "leftArmA": "variable.jetray_left_render" },
        { "leftShoulder": "variable.jetray_left_render" },
        { "leftArmB": "variable.jetray_left_render" },
        { "leftHand": "variable.jetray_left_render" },
        { "leftThumb": "variable.jetray_left_render" },
        { "leftThumbA": "variable.jetray_left_render" },
        { "leftDigA": "variable.jetray_left_render" },
        { "leftDigA_A": "variable.jetray_left_render" },
        { "leftDigB": "variable.jetray_left_render" },
        { "leftDigB_B": "variable.jetray_left_render" }
      ]
    },
    "controller.render.shockrock": {
      "geometry": "Geometry.shockrock",
      "materials": [{ "*": "Material.uv_anim" }],
      "textures": ["Texture.shockrock"],
      "part_visibility": [
        { "*": "!variable.is_first_person" },
        { "rightArm": "variable.shockrock_right_render" },
        { "rightArmA": "variable.shockrock_right_render" },
        { "rightArmShoulder": "variable.shockrock_right_render" },
        { "rightArmB": "variable.shockrock_right_render" },
        { "rightHand": "variable.shockrock_right_render" },
        { "rightThumb": "variable.shockrock_right_render" },
        { "rightDigA": "variable.shockrock_right_render" },
        { "rightDigB": "variable.shockrock_right_render" },
        { "rightDigC": "variable.shockrock_right_render" },
        { "leftArm": "variable.shockrock_left_render" },
        { "leftArmA": "variable.shockrock_left_render" },
        { "leftArmShoulder": "variable.shockrock_left_render" },
        { "leftArmB": "variable.shockrock_left_render" },
        { "leftHand": "variable.shockrock_left_render" },
        { "leftThumb": "variable.shockrock_left_render" },
        { "leftDigA": "variable.shockrock_left_render" },
        { "leftDigB": "variable.shockrock_left_render" },
        { "leftDigC": "variable.shockrock_left_render" }
      ],
      "uv_anim": {
        "offset": [0.0, "Math.floor(query.life_time * variable.shockrock_fps) * (1/variable.shockrock_max_frames)"],
        "scale": [1.0, 1.0]
      }
    },
    "controller.render.cannonbolt": {
      "geometry": "Geometry.cannonbolt",
      "materials": [{ "*": "Material.default" }],
      "textures": ["Texture.cannonbolt"],
      "part_visibility": [
        { "*": "!variable.is_first_person" },
        { "rightArm": "variable.cannonbolt_right_render" },
        { "rightArmA": "variable.cannonbolt_right_render" },
        { "rightShoulder": "variable.cannonbolt_right_render" },
        { "rightArmA_A": "variable.cannonbolt_right_render" },
        { "rightArmA_B": "variable.cannonbolt_right_render" },
        { "rightArmB": "variable.cannonbolt_right_render" },
        { "rightHandOrbA": "variable.cannonbolt_right_render" },
        { "rightHandOrbB": "variable.cannonbolt_right_render" },
        { "rightClawA": "variable.cannonbolt_right_render" },
        { "rightClawB": "variable.cannonbolt_right_render" },
        { "rightClawC": "variable.cannonbolt_right_render" },
        { "rightClawD": "variable.cannonbolt_right_render" },
        { "leftArm": "variable.cannonbolt_left_render" },
        { "leftArmA": "variable.cannonbolt_left_render" },
        { "leftShoulder": "variable.cannonbolt_left_render" },
        { "leftArmA_A": "variable.cannonbolt_left_render" },
        { "leftArmA_B": "variable.cannonbolt_left_render" },
        { "leftArmB": "variable.cannonbolt_left_render" },
        { "leftHandOrbA": "variable.cannonbolt_left_render" },
        { "leftHandOrbB": "variable.cannonbolt_left_render" },
        { "leftClawA": "variable.cannonbolt_left_render" },
        { "leftClawB": "variable.cannonbolt_left_render" },
        { "leftClawC": "variable.cannonbolt_left_render" },
        { "leftClawD": "variable.cannonbolt_left_render" }
      ]
    },
    "controller.render.quadsmack": {
      "geometry": "Geometry.quadsmack",
      "materials": [{ "*": "Material.default" }],
      "textures": ["Texture.quadsmack"],
      "part_visibility": [
        { "*": "!variable.is_first_person" },
        { "rightArm": "variable.quadsmack_right_render" },
        { "rightArmA": "variable.quadsmack_right_render" },
        { "rightSBladeA": "variable.quadsmack_right_render" },
        { "rightArmA_A": "variable.quadsmack_right_render" },
        { "rightArmA_B": "variable.quadsmack_right_render" },
        { "rightSpikeA_A": "variable.quadsmack_right_render" },
        { "rightSpikeA_B": "variable.quadsmack_right_render" },
        { "rightSpikeA_C": "variable.quadsmack_right_render" },
        { "rightAHand": "variable.quadsmack_right_render" },
        { "rightADigA": "variable.quadsmack_right_render" },
        { "rightADigB": "variable.quadsmack_right_render" },
        { "rightADigC": "variable.quadsmack_right_render" },
        { "rightAThumb": "variable.quadsmack_right_render" },
        { "leftArm": "variable.quadsmack_left_render" },
        { "leftArmA": "variable.quadsmack_left_render" },
        { "leftSBladeA": "variable.quadsmack_left_render" },
        { "leftArmA_A": "variable.quadsmack_left_render" },
        { "leftArmA_B": "variable.quadsmack_left_render" },
        { "leftSpikeA_A": "variable.quadsmack_left_render" },
        { "leftSpikeA_B": "variable.quadsmack_left_render" },
        { "leftSpikeA_C": "variable.quadsmack_left_render" },
        { "leftAHand": "variable.quadsmack_left_render" },
        { "leftADigA": "variable.quadsmack_left_render" },
        { "leftADigB": "variable.quadsmack_left_render" },
        { "leftADigC": "variable.quadsmack_left_render" },
        { "leftAThumb": "variable.quadsmack_left_render" }
      ]
    },
    "controller.render.crystalfist": {
      "geometry": "Geometry.crystalfist",
      "materials": [{ "*": "Material.default" }],
      "textures": ["Texture.crystalfist"],
      "part_visibility": [
        { "*": "!variable.is_first_person" },
        { "rightArm": "variable.crystalfist_right_render" },
        { "rightArmA": "variable.crystalfist_right_render" },
        { "rightShoulder": "variable.crystalfist_right_render" },
        { "rightShoulder_rot": "variable.crystalfist_right_render" },
        { "rightArmB": "variable.crystalfist_right_render" },
        { "rightElbow": "variable.crystalfist_right_render" },
        { "rightWrist": "variable.crystalfist_right_render" },
        { "rightBrace": "variable.crystalfist_right_render" },
        { "rightWeapon": "variable.crystalfist_right_render" },
        { "rightHand": "variable.crystalfist_right_render" },
        { "rightThumb": "variable.crystalfist_right_render" },
        { "rightDigs": "variable.crystalfist_right_render" },
        { "leftArm": "variable.crystalfist_left_render" },
        { "leftArmA": "variable.crystalfist_left_render" },
        { "leftShoulder": "variable.crystalfist_left_render" },
        { "leftShoulder_rot": "variable.crystalfist_left_render" },
        { "leftArmB": "variable.crystalfist_left_render" },
        { "leftElbow": "variable.crystalfist_left_render" },
        { "leftWrist": "variable.crystalfist_left_render" },
        { "leftBrace": "variable.crystalfist_left_render" },
        { "leftWeapon": "variable.crystalfist_left_render" },
        { "leftHand": "variable.crystalfist_left_render" },
        { "leftThumb": "variable.crystalfist_left_render" },
        { "leftDigs": "variable.crystalfist_left_render" }
      ]
    },
    "controller.render.rush": {
      "geometry": "Geometry.rush",
      "materials": [{ "*": "Material.default" }],
      "textures": ["Texture.rush"],
      "part_visibility": [
        { "*": "!variable.is_first_person" },
        { "rightArmA": "variable.rush_right_render" },
        { "Alpha_rightArmA": "variable.rush_right_render" },
        { "rightClawA": "variable.rush_right_render" },
        { "rightClawA_A": "variable.rush_right_render" },
        { "rightClawB": "variable.rush_right_render" },
        { "rightClawB_A": "variable.rush_right_render" },
        { "rightClawC": "variable.rush_right_render" },
        { "rightClawC_A": "variable.rush_right_render" },
        { "leftArmA": "variable.rush_left_render" },
        { "Alpha_leftArmA": "variable.rush_left_render" },
        { "leftClawA": "variable.rush_left_render" },
        { "leftClawA_A": "variable.rush_left_render" },
        { "leftClawB": "variable.rush_left_render" },
        { "leftClawB_A": "variable.rush_left_render" },
        { "leftClawC": "variable.rush_left_render" },
        { "leftClawC_A": "variable.rush_left_render" }
      ]
    },
    "controller.render.wreckingbolt": {
      "geometry": "Geometry.wreckingbolt",
      "materials": [{ "*": "Material.default" }],
      "textures": ["Texture.wreckingbolt"],
      "part_visibility": [
        { "*": "!variable.is_first_person" },
        { "rightArm": "variable.cannonbolt_right_render" },
        { "rightArmA": "variable.cannonbolt_right_render" },
        { "rightShoulder": "variable.cannonbolt_right_render" },
        { "rightArmA_A": "variable.cannonbolt_right_render" },
        { "rightArmA_B": "variable.cannonbolt_right_render" },
        { "rightArmB": "variable.cannonbolt_right_render" },
        { "rightHandOrbA": "variable.cannonbolt_right_render" },
        { "rightHandOrbB": "variable.cannonbolt_right_render" },
        { "rightClawA": "variable.cannonbolt_right_render" },
        { "rightClawB": "variable.cannonbolt_right_render" },
        { "rightClawC": "variable.cannonbolt_right_render" },
        { "rightClawD": "variable.cannonbolt_right_render" },
        { "leftArm": "variable.cannonbolt_left_render" },
        { "leftArmA": "variable.cannonbolt_left_render" },
        { "leftShoulder": "variable.cannonbolt_left_render" },
        { "leftArmA_A": "variable.cannonbolt_left_render" },
        { "leftArmA_B": "variable.cannonbolt_left_render" },
        { "leftArmB": "variable.cannonbolt_left_render" },
        { "leftHandOrbA": "variable.cannonbolt_left_render" },
        { "leftHandOrbB": "variable.cannonbolt_left_render" },
        { "leftClawA": "variable.cannonbolt_left_render" },
        { "leftClawB": "variable.cannonbolt_left_render" },
        { "leftClawC": "variable.cannonbolt_left_render" },
        { "leftClawD": "variable.cannonbolt_left_render" }
      ]
    },
    "controller.render.gax": {
      "geometry": "Geometry.gax",
      "materials": [{ "*": "Material.default" }],
      "textures": ["Texture.gax"],
      "part_visibility": [
        { "*": "!variable.is_first_person" },
        { "rightArm": "variable.cannonbolt_right_render" },
        { "rightArmA": "variable.cannonbolt_right_render" },
        { "rightShoulder": "variable.cannonbolt_right_render" },
        { "rightArmA_A": "variable.cannonbolt_right_render" },
        { "rightArmA_B": "variable.cannonbolt_right_render" },
        { "rightArmB": "variable.cannonbolt_right_render" },
        { "rightHandOrbA": "variable.cannonbolt_right_render" },
        { "rightHandOrbB": "variable.cannonbolt_right_render" },
        { "rightClawA": "variable.cannonbolt_right_render" },
        { "rightClawB": "variable.cannonbolt_right_render" },
        { "rightClawC": "variable.cannonbolt_right_render" },
        { "rightClawD": "variable.cannonbolt_right_render" },
        { "leftArm": "variable.cannonbolt_left_render" },
        { "leftArmA": "variable.cannonbolt_left_render" },
        { "leftShoulder": "variable.cannonbolt_left_render" },
        { "leftArmA_A": "variable.cannonbolt_left_render" },
        { "leftArmA_B": "variable.cannonbolt_left_render" },
        { "leftArmB": "variable.cannonbolt_left_render" },
        { "leftHandOrbA": "variable.cannonbolt_left_render" },
        { "leftHandOrbB": "variable.cannonbolt_left_render" },
        { "leftClawA": "variable.cannonbolt_left_render" },
        { "leftClawB": "variable.cannonbolt_left_render" },
        { "leftClawC": "variable.cannonbolt_left_render" },
        { "leftClawD": "variable.cannonbolt_left_render" }
      ]
    }
  }
}
