{
  "format_version": "1.8.0",
  "render_controllers": {
    "controller.render.animated_smooth_y": {
      "materials": [{ "*": "Material.animated" }],
      "geometry": "Geometry.animated_y",
      "textures": ["Texture.animated_y"],
      "uv_anim": {
        "offset": [0.0, "(Math.floor(query.life_time * (100 / variable.loop_time_y)) + query.frame_alpha) * 0.005"], //Offset is a ratio, so 1 means it's all the way looped (using uv loop anim material)
        "scale": [1.0, 1.0]
      }
    },
    "controller.render.animated_smooth_x": {
      "materials": [{ "*": "Material.animated" }],
      "geometry": "Geometry.animated_x",
      "textures": ["Texture.animated_x"],
      "uv_anim": {
        "offset": ["(Math.floor(query.life_time * (100 / variable.loop_time_x)) + query.frame_alpha) * 0.005", 0.0],
        "scale": [1.0, 1.0]
      }
    },
    "controller.render.animated_step": {
      "materials": [{ "*": "Material.animated" }],
      "geometry": "Geometry.animated",
      "textures": ["Texture.animated"],
      "uv_anim": {
        "offset": [0.0, "Math.floor(query.life_time * variable.fps) * (1/variable.max_frames)"],
        "scale": [1.0, 1.0]
      }
    },
    "controller.render.animated_step2": {
      "materials": [{ "*": "Material.animated" }],
      "geometry": "Geometry.animated2",
      "textures": ["Texture.animated2"],
      "uv_anim": {
        "offset": [0.0, "Math.floor(query.life_time * variable.fps2) * (1/variable.max_frames2)"],
        "scale": [1.0, 1.0]
      }
    }
  }
}
