{
  "format_version": "1.8.0",
  "render_controllers": {
    "controller.render.alarm": {
      "arrays": { "textures": { "Array.skins": ["Texture.default", "Texture.on"] } },
      "materials": [{ "*": "Material.default" }, { "Alpha_*": "Material.alpha" }],
      "geometry": "Geometry.default",
      "textures": ["Array.skins[query.variant]"]
    },
    "controller.render.cellphone": {
      "part_visibility": [{ "dynamite": "query.is_chested" }],
      "materials": [{ "*": "Material.default" }, { "Alpha_*": "Material.alpha" }],
      "geometry": "Geometry.default",
      "textures": ["Texture.default"]
    },
    "controller.render.dna": {
      "arrays": {
        "textures": {
          "Array.skins": [
            "Texture.fourarms",
            "Texture.xlr8",
            "Texture.rath",
            "Texture.slapback",
            "Texture.cannonbolt",
            "Texture.humungousaur",
            "Texture.shockrock",
            "Texture.diamondhead",
            "Texture.heatblast",
            "Texture.jetray"
          ]
        }
      },
      "materials": [{ "*": "Material.default" }, { "Alpha_*": "Material.alpha" }],
      "geometry": "Geometry.default",
      "textures": ["query.is_baby ? Array.skins[query.variant-1] :  Texture.default"]
    }
  }
}
