{
  "format_version": "1.10.0",
  "render_controllers": {
    "controller.render.ben.normal": {
      "geometry": "Geometry.ben_normal",
      "materials": [{ "*": "Material.default" }],
      "textures": ["Texture.ben_normal"],
      "part_visibility": [{ "*": "!variable.is_first_person" }, { "rightArm": true }]
    },
    "controller.render.ben.alien_force": {
      "geometry": "Geometry.ben_alien_force",
      "materials": [{ "*": "Material.default" }],
      "textures": ["Texture.ben_alien_force"],
      "part_visibility": [{ "*": "!variable.is_first_person" }, { "rightArm": true }]
    },
    "controller.render.ben.omniverse": {
      "geometry": "Geometry.ben_omniverse",
      "materials": [{ "*": "Material.default" }],
      "textures": ["Texture.ben_omniverse"],
      "part_visibility": [{ "*": "!variable.is_first_person" }, { "rightArm": true }]
    },
    "controller.render.ben.reboot": {
      "geometry": "Geometry.ben_reboot",
      "materials": [{ "*": "Material.default" }],
      "textures": ["Texture.ben_reboot"],
      "part_visibility": [{ "*": "!variable.is_first_person" }, { "rightArm": true }]
    },
    "controller.render.gwen.normal": {
      "geometry": "Geometry.gwen_normal",
      "materials": [{ "*": "Material.default" }],
      "textures": ["Texture.gwen_normal"],
      "part_visibility": [{ "*": "!variable.is_first_person" }, { "rightArm": true }]
    },
    "controller.render.kevin.normal": {
      "geometry": "Geometry.kevin_normal",
      "materials": [{ "*": "Material.default" }],
      "textures": ["Texture.kevin_normal"],
      "part_visibility": [{ "*": "!variable.is_first_person" }, { "rightArm": true }]
    }
  }
}
