{
  "format_version": "1.8.0",
  "render_controllers": {
    "controller.render.blockception_car": {
      "arrays": {
        "geometries": {
          "Array.geos": ["Geometry.car1", "Geometry.car2", "Geometry.car3", "Geometry.car4"]
        },
        "textures": {
          "Array.car1": [
            "Texture.car1_blackblack",
            "Texture.car1_blackorange",
            "Texture.car1_blueblack",
            "Texture.car1_blueblue",
            "Texture.car1_blueorange",
            "Texture.car1_bluewhite",
            "Texture.car1_blueyellow",
            "Texture.car1_graygray",
            "Texture.car1_greenblack",
            "Texture.car1_greenblue",
            "Texture.car1_greengreen",
            "Texture.car1_greenwhite",
            "Texture.car1_orangeorange",
            "Texture.car1_redblue",
            "Texture.car1_redgray",
            "Texture.car1_redred",
            "Texture.car1_yellowblack",
            "Texture.car1_yellowyellow"
          ],
          "Array.car2": ["Texture.car2_blue", "Texture.car2_gray", "Texture.car2_green", "Texture.car2_orange", "Texture.car2_purple", "Texture.car2_red", "Texture.car2_yellow"],
          "Array.car3": ["Texture.car3_blue", "Texture.car3_gray", "Texture.car3_green", "Texture.car3_orange", "Texture.car3_purple", "Texture.car3_red", "Texture.car3_yellow"],
          "Array.car4": ["Texture.car4_blue", "Texture.car4_gray", "Texture.car4_green", "Texture.car4_orange", "Texture.car4_purple", "Texture.car4_red", "Texture.car4_yellow"]
        }
      },
      "geometry": "Array.geos[query.variant]",
      "textures": [
        "query.variant == 3 ? Array.car4[query.mark_variant] : (query.variant == 2 ? Array.car3[query.mark_variant] : (query.variant == 1 ? Array.car2[query.mark_variant] : Array.car1[query.mark_variant]))"
      ],
      "materials": [{ "*": "Material.default" }, { "Alpha_*": "Material.alpha" }]
    }
  }
}
