{
  "format_version": "1.8.0",
  "render_controllers": {
    "controller.render.charge_box": {
      "arrays": {
        "textures": { "Array.skins": ["Texture.uncharged", "Texture.charged"] },
        "geometries": { "Array.geos": ["Geometry.uncharged", "Geometry.charged"] }
      },
      "geometry": "Array.geos[query.variant]",
      "materials": [{ "*": "query.variant == 1 ? Material.animated : Material.default" }, { "Alpha_*": "Material.alpha" }],
      "textures": ["Array.skins[query.variant]"],
      "uv_anim": {
        "offset": [0.0, "query.variant == 1 ? Math.floor(query.life_time * variable.fps) * (1/variable.max_frames)"],
        "scale": [1.0, 1.0]
      }
    }
  }
}
