{
  "format_version": "1.10.0",
  "render_controllers": {
    "controller.render.default": {
      "materials": [{ "*": "Material.default" }, { "Alpha_*": "Material.alpha" }],
      "geometry": "Geometry.default",
      "textures": ["Texture.default"]
    },
    "controller.render.default.translucant": {
      "materials": [{ "*": "Material.default" }, { "Alpha_*": "Material.alpha" }, { "Trans_*": "Material.trans" }],
      "geometry": "Geometry.default",
      "textures": ["Texture.default"]
    },
    "controller.render.default_lightend": {
      "materials": [{ "*": "Material.default" }, { "Alpha_*": "Material.alpha" }],
      "geometry": "Geometry.default",
      "textures": ["Texture.default"],
      "light_color_multiplier": 1
    },
    "controller.render.default.translucant_lightend": {
      "materials": [{ "*": "Material.default" }, { "Alpha_*": "Material.alpha" }, { "Trans_*": "Material.trans" }],
      "geometry": "Geometry.default",
      "textures": ["Texture.default"],
      "light_color_multiplier": 1
    },
    "controller.render.boss_default": {
      "materials": [{ "*": "Material.default" }, { "Alpha_*": "Material.alpha" }],
      "geometry": "Geometry.default",
      "textures": ["Texture.default"],
      "overlay_color": {
        "a": "query.is_stunned ? 0.75 : 0",
        "b": 0,
        "g": 0,
        "r": 1
      }
    },
    "controller.render.boss_default.translucant": {
      "materials": [{ "*": "Material.default" }, { "Alpha_*": "Material.alpha" }, { "Trans_*": "Material.trans" }],
      "geometry": "Geometry.default",
      "textures": ["Texture.default"],
      "overlay_color": {
        "a": "query.is_stunned ? 0.75 : 0",
        "b": 0,
        "g": 0,
        "r": 1
      }
    },
    "controller.render.ice_wall": {
      "materials": [{ "*": "Material.default" }, { "Alpha_*": "Material.alpha" }],
      "geometry": "Geometry.default",
      "textures": ["Texture.default"],
      "light_color_multiplier": 1,
      "on_fire_color": { "a": 0, "b": 0, "g": 1, "r": 0 },
      "is_hurt_color": { "a": 0, "b": 0, "g": 0, "r": 0 }
    }
  }
}
