{
  "format_version": "1.8.0",
  "render_controllers": {
    "controller.render.help": {
      "arrays": {
        "textures": {
          "array.aliens": [
            "texture.default",
            "texture.help1_alien",
            "texture.help2_alien",
            "texture.help3_alien",
            "texture.help4_alien",
            "texture.help5_alien",
            "texture.help6_alien"
          ],
          "array.ability": [
            "texture.default",
            "texture.help1_ability",
            "texture.help2_ability",
            "texture.help3_ability",
            "texture.help4_ability",
            "texture.help5_ability",
            "texture.help6_ability"
          ]
        }
      },
      "geometry": "Geometry.default",
      "materials": [{ "*": "Material.default", "Alpha_*": "Material.alpha" }],
      "textures": ["variable.alien ? array.aliens[query.variant] : array.ability[query.variant]"]
    }
  }
}
