{
  "format_version": "1.8.0",
  "render_controllers": {
    "controller.render.npc.four": {
      "arrays": {
        "geometries": {
          "array.geos": ["geometry.default", "geometry.geo1", "geometry.default", "geometry.geo1"]
        },
        "textures": {
          "array.skins": ["texture.default", "texture.skin1", "texture.skin2", "texture.skin3"]
        }
      },
      "materials": [{ "*": "Material.default" }, { "Alpha_*": "Material.alpha" }],
      "geometry": "array.geos[Geometry.default]",
      "textures": ["array.skins[query.variant]"]
    },
    "controller.render.npc.firefighter": {
      "arrays": {
        "geometries": {
          "array.geos": ["geometry.male", "geometry.female"]
        },
        "textures": {
          "array.skins": ["texture.firefighter1", "texture.firefighter2", "texture.firefighter3", "texture.firefighter4", "texture.firefighter5", "texture.firefighter6"]
        }
      },
      "materials": [{ "*": "Material.default" }, { "Alpha_*": "Material.alpha" }],
      "geometry": "array.geos[query.mark_variant]",
      "textures": ["array.skins[query.variant]"]
    },
    "controller.render.npc.citizen": {
      "arrays": {
        "textures": {
          "array.skins": [
            "texture.skin1",
            "texture.skin2",
            "texture.skin3",
            "texture.skin4",
            "texture.skin5",
            "texture.skin6",
            "texture.skin7",
            "texture.skin8",
            "texture.skin9",
            "texture.skin10",
            "texture.skin11",
            "texture.skin12",
            "texture.skin13",
            "texture.skin14",
            "texture.skin15",
            "texture.skin16",
            "texture.skin17",
            "texture.skin18",
            "texture.skin19",
            "texture.skin20",
            "texture.doctor1",
            "texture.doctor2",
            "texture.doctor3",
            "texture.doctor4",
            "texture.officer1",
            "texture.officer2",
            "texture.officer3",
            "texture.officer4"
          ]
        }
      },
      "materials": [{ "*": "Material.default" }, { "Alpha_*": "Material.alpha" }],
      "geometry": "Geometry.default",
      "textures": ["array.skins[query.variant]"]
    },
    "controller.render.citizen": {
      "arrays": { "textures": { "array.skins": ["texture.skin1", "texture.skin2", "texture.skin3"] } },
      "materials": [{ "*": "Material.default" }, { "Alpha_*": "Material.alpha" }],
      "geometry": "Geometry.default",
      "textures": ["array.skins[query.skin_id]"]
    }
  }
}
