{
  "format_version": "1.8.0",
  "render_controllers": {
    "controller.render.omnitrix_card.heatblast": {
      "arrays": {
        "textures": { "Array.skins": ["Texture.heatblast"] }
      },
      "materials": [{ "*": "Material.alpha" }],
      "geometry": "Geometry.heatblast_card",
      "textures": ["variable.heatblast >= 1 ? Array.skins[query.skin_id] : Texture.heatblast_locked"]
    },

    "controller.render.omnitrix_card.slapback": {
      "arrays": {
        "textures": { "Array.skins": ["Texture.slapback"] }
      },
      "materials": [{ "*": "Material.alpha" }],
      "geometry": "Geometry.slapback_card",
      "textures": ["variable.slapback >= 1 ? Array.skins[query.skin_id] : Texture.slapback_locked"]
    },

    "controller.render.omnitrix_card.diamondhead": {
      "arrays": {
        "textures": { "Array.skins": ["Texture.diamondhead"] }
      },
      "materials": [{ "*": "Material.alpha" }],
      "geometry": "Geometry.diamondhead_card",
      "textures": ["variable.diamondhead >= 1 ? Array.skins[query.skin_id] : Texture.diamondhead_locked"]
    },

    "controller.render.omnitrix_card.xlr8": {
      "arrays": {
        "textures": { "Array.skins": ["Texture.xlr8"] }
      },
      "materials": [{ "*": "Material.alpha" }],
      "geometry": "Geometry.xlr8_card",
      "textures": ["variable.xlr8 >= 1 ? Array.skins[query.skin_id] : Texture.xlr8_locked"]
    },

    "controller.render.omnitrix_card.rath": {
      "arrays": {
        "textures": { "Array.skins": ["Texture.rath"] }
      },
      "materials": [{ "*": "Material.alpha" }],
      "geometry": "Geometry.rath_card",
      "textures": ["variable.rath >= 1 ? Array.skins[query.skin_id] : Texture.rath_locked"]
    },

    "controller.render.omnitrix_card.fourarms": {
      "arrays": {
        "textures": { "Array.skins": ["Texture.fourarms"] }
      },
      "materials": [{ "*": "Material.alpha" }],
      "geometry": "Geometry.fourarms_card",
      "textures": ["variable.fourarms >= 1 ? Array.skins[query.skin_id] : Texture.fourarms_locked"]
    },

    "controller.render.omnitrix_card.humungousaur": {
      "arrays": {
        "textures": { "Array.skins": ["Texture.humungousaur"] }
      },
      "materials": [{ "*": "Material.alpha" }],
      "geometry": "Geometry.humungousaur_card",
      "textures": ["variable.humungousaur >= 1 ? Array.skins[query.skin_id] : Texture.humungousaur_locked"]
    },

    "controller.render.omnitrix_card.jetray": {
      "arrays": {
        "textures": { "Array.skins": ["Texture.jetray"] }
      },
      "materials": [{ "*": "Material.alpha" }],
      "geometry": "Geometry.jetray_card",
      "textures": ["variable.jetray >= 1 ? Array.skins[query.skin_id] : Texture.jetray_locked"]
    },

    "controller.render.omnitrix_card.shockrock": {
      "arrays": {
        "textures": { "Array.skins": ["Texture.shockrock"] }
      },
      "materials": [{ "*": "Material.alpha" }],
      "geometry": "Geometry.shockrock_card",
      "textures": ["variable.shockrock >= 1 ? Array.skins[query.skin_id] : Texture.shockrock_locked"]
    },

    "controller.render.omnitrix_card.cannonbolt": {
      "arrays": {
        "textures": { "Array.skins": ["Texture.cannonbolt"] }
      },
      "materials": [{ "*": "Material.alpha" }],
      "geometry": "Geometry.cannonbolt_card",
      "textures": ["variable.cannonbolt >= 1 ? Array.skins[query.skin_id] : Texture.cannonbolt_locked"]
    },

    "controller.render.omnitrix_card.quadsmack": {
      "arrays": {
        "textures": { "Array.skins": ["Texture.quadsmack"] }
      },
      "materials": [{ "*": "Material.alpha" }],
      "geometry": "Geometry.quadsmack_card",
      "textures": ["variable.quadsmack >= 1 ? Array.skins[query.skin_id] : Texture.quadsmack_locked"]
    },

    "controller.render.omnitrix_card.crystalfist": {
      "arrays": {
        "textures": { "Array.skins": ["Texture.crystalfist"] }
      },
      "materials": [{ "*": "Material.alpha" }],
      "geometry": "Geometry.crystalfist_card",
      "textures": ["variable.crystalfist >= 1 ? Array.skins[query.skin_id] : Texture.crystalfist_locked"]
    },

    "controller.render.omnitrix_card.rush": {
      "arrays": {
        "textures": { "Array.skins": ["Texture.rush"] }
      },
      "materials": [{ "*": "Material.alpha" }],
      "geometry": "Geometry.rush_card",
      "textures": ["variable.rush >= 1 ? Array.skins[query.skin_id] : Texture.rush_locked"]
    }
  }
}
