{
  "format_version": "1.8.0",
  "render_controllers": {
    "controller.render.omnitrix": {
      "materials": [{ "*": "Material.default" }, { "Alpha_*": "Material.alpha" }, { "Blend_*": "Material.blend" }],
      "geometry": "Geometry.default",
      "textures": ["Texture.default"]
    },
    "controller.render.omnitrix.button": {
      "materials": [{ "*": "Material.default" }, { "Alpha_*": "Material.alpha" }],
      "geometry": "Geometry.default",
      "part_visibility": [{ "*": "variable.active" }],
      "textures": ["Texture.default"]
    }
  }
}
