{
  "format_version": "1.8.0",
  "render_controllers": {
    "controller.render.rath_obstacle": {
      "arrays": {
        "geometries": { "Array.geos": ["Geometry.cloth", "Geometry.vines", "Geometry.web"] },
        "textures": { "Array.skins": ["Texture.cloth", "Texture.vines", "Texture.web"] }
      },
      "materials": [{ "*": "Material.default" }, { "Alpha_*": "Material.alpha" }],
      "geometry": "Array.geos[query.skin_id]",
      "textures": ["Array.skins[query.skin_id]"],
      "ignore_lighting": true
    },
    "controller.render.rath_climbpoint": {
      "arrays": {
        "geometries": { "Array.geos": ["Geometry.brick", "Geometry.debris"] },
        "textures": { "Array.skins": ["Texture.brick", "Texture.debris"] }
      },
      "materials": [{ "*": "Material.default" }, { "Alpha_*": "Material.alpha" }],
      "geometry": "Array.geos[query.variant]",
      "textures": ["Array.skins[query.variant]"],
      "ignore_lighting": true
    }
  }
}
