{
  "minecraft:entity" : {
    "components" : {
      "minecraft:behavior.random_look_around" : {
        "priority" : 6
      },
      "minecraft:behavior.random_stroll" : {
        "speed_multiplier" : 1,
        "priority" : 5
      },
      "minecraft:jump.static" : {

      },
      "minecraft:behavior.ranged_attack" : {
        "burst_interval" : 2,
        "burst_shots" : 10,
        "speed_multiplier" : 3,
        "attack_interval_min" : 3,
        "attack_interval_max" : 5,
        "attack_radius" : 15
      },
      "minecraft:health" : {
        "max" : 18,
        "value" : 18
      },
      "minecraft:behavior.melee_attack" : {
        "track_target" : true,
        "speed_multiplier" : 1
      },
      "minecraft:movement" : {
        "max" : 0.32000000000000001,
        "value" : 0.32000000000000001
      },
      "minecraft:breathable" : {
        "totalSupply" : 15,
        "breathesWater" : true,
        "generatesBubbles" : false,
        "breathesAir" : true,
        "suffocateTime" : -1
      },
      "minecraft:shooter" : {
        "auxVal" : 0,
        "def" : "ben:power2",
        "type" : "Arrow"
      },
      "minecraft:behavior.look_at_player" : {
        "look_distance" : 8,
        "priority" : 6
      },
      "minecraft:environment_sensor" : {
        "on_environment" : {
          "filters" : {
            "test" : "is_underwater",
            "subject" : "self",
            "value" : true,
            "operator" : "=="
          },
          "event" : "minecraft:melee_mode"
        }
      },
      "minecraft:attack" : {
        "damage" : 6
      },
      "minecraft:can_climb" : {

      },
      "minecraft:physics" : {

      },
      "minecraft:nameable" : {

      },
      "minecraft:equipment" : {
        "table" : "loot_tables\/entities\/skeleton_gear.json"
      },
      "minecraft:loot" : {
        "table" : "loot_tables\/entities\/wolf.json"
      },
      "minecraft:movement.basic" : {

      },
      "minecraft:behavior.hurt_by_target" : {
        "priority" : 1
      },
      "minecraft:navigation.walk" : {
        "avoid_water" : true,
        "avoid_sun" : true,
        "is_amphibious" : true
      },
      "minecraft:behavior.nearest_attackable_target" : {
        "speed_multiplier" : 1,
        "entity_types" : [
          {
            "filters" : {
              "other_with_families" : [
                "stray",
                "hoglin",
                "guardian",
                "zombie",
                "ender_dragon",
                "spider",
                "vindicator",
                "enderman",
                "evocation_illager",
                "ghast",
                "pillager",
                "zombie_villager",
                "husk",
                "piglin",
                "elder_guardian",
                "shulker",
                "zombie_pigman",
                "phantom",
                "silverfish",
                "vex",
                "magma_cube",
                "zombie_villager_v2",
                "witch",
                "zoglin",
                "wither_skeleton",
                "strider",
                "wither",
                "skeleton",
                "endermite",
                "slime",
                "ravager",
                "cave_spider",
                "drowned",
                "blaze"
              ]
            },
            "max_dist" : 35,
            "must_see" : false
          }
        ],
        "within_radius" : 0
      },
      "minecraft:type_family" : {
        "family" : [
          "wolf"
        ]
      },
      "minecraft:scale" : {
        "max" : 1,
        "value" : 1
      },
      "minecraft:collision_box" : {
        "width" : 0.59999999999999998,
        "height" : 1.95
      }
    },
    "component_groups" : {
      "minecraft:ranged_attack" : {
        "minecraft:environment_sensor" : {
          "on_environment" : {
            "filters" : {
              "test" : "is_underwater",
              "subject" : "self",
              "value" : true,
              "operator" : "=="
            },
            "event" : "minecraft:melee_mode"
          }
        },
        "minecraft:behavior.ranged_attack" : {
          "attack_interval_max" : 3,
          "attack_radius" : 15,
          "attack_interval_min" : 1
        },
        "minecraft:shooter" : {
          "type" : "Arrow",
          "def" : "ben:power3",
          "auxVal" : 19
        }
      },
      "minecraft:revert_to_skeleton" : {
        "minecraft:transformation" : {
          "into" : "minecraft:skeleton",
          "delay" : 0.5
        }
      },
      "minecraft:melee_attack" : {
        "minecraft:environment_sensor" : {
          "on_environment" : {
            "filters" : {
              "test" : "in_water",
              "subject" : "self",
              "value" : false,
              "operator" : "=="
            },
            "event" : "minecraft:ranged_mode"
          }
        },
        "minecraft:behavior.melee_attack" : {
          "speed_multiplier" : 1.25,
          "priority" : 4,
          "target_dist" : 1.2,
          "track_target" : true
        },
        "minecraft:attack" : {
          "effect_name" : "slowness",
          "effect_duration" : 10,
          "damage" : 3
        }
      }
    },
    "description" : {
      "is_spawnable" : true,
      "is_summonable" : true,
      "identifier" : "ben:acl",
      "is_experimental" : false
    },
    "events" : {
      "change_to_skeleton" : {
        "sequence" : [
          {
            "filters" : {
              "value" : true,
              "test" : "is_underground"
            },
            "remove" : {

            },
            "add" : {
              "component_groups" : [
                "minecraft:revert_to_skeleton"
              ]
            }
          },
          {
            "randomize" : [
              {
                "add" : {
                  "component_groups" : [
                    "minecraft:revert_to_skeleton"
                  ]
                },
                "remove" : {

                },
                "weight" : 20
              },
              {
                "add" : {

                },
                "remove" : {

                },
                "weight" : 80
              }
            ]
          }
        ]
      },
      "minecraft:entity_spawned" : {
        "add" : {
          "component_groups" : [
            "minecraft:ranged_attack"
          ]
        }
      },
      "minecraft:ranged_mode" : {
        "add" : {
          "component_groups" : [
            "minecraft:ranged_attack"
          ]
        },
        "remove" : {
          "component_groups" : [
            "minecraft:melee_attack"
          ]
        }
      },
      "minecraft:melee_mode" : {
        "add" : {
          "component_groups" : [
            "minecraft:melee_attack"
          ]
        },
        "remove" : {
          "component_groups" : [
            "minecraft:ranged_attack"
          ]
        }
      }
    }
  },
  "format_version" : "1.8.0"
}