{
  "format_version": "1.13.0",
  "minecraft:entity": {
    "description": {
      "identifier": "ben:bese",
      "is_spawnable": true,
      "is_summonable": true,
      "is_experimental": false
    },
    "component_groups": {
      "minecraft:despawn": {
        "minecraft:despawn": {}
      }
    },
    "components": {
      "minecraft:timer": {
        "time": [
          1000000,
          1000000
        ],
        "looping": false,
        "time_down_event": {
          "event": "minecraft:despawn",
          "target": "self"
        }
      },
      "minecraft:type_family": {
        "family": [
          "ax"
        ]
      },
        "minecraft:trade_table": {
          "display_name": "Alien X",
          "table": "trading/ax.json",
          "convert_trades_economy": true
      },
        "minecraft:scale": {
          "value": 5.0
        },
      "minecraft:collision_box": {
        "width": 0.6,
        "height": 1.8
      },
	"minecraft:health": {
	   "value": 1000000,
	   "max": 1000000
	},
      "minecraft:is_stackable": {},
      "minecraft:knockback_resistance": {
        "value": 2.0
      },
      "minecraft:physics": {
        "has_collision": false,
        "has_gravity": false
      },
      "minecraft:pushable": {
        "is_pushable": false,
        "is_pushable_by_piston": false
      }
    },
    "events": {
      "minecraft:despawn": {
        "add": {
          "component_groups": [
            "minecraft:despawn"
          ]
        }
      }
    }
  }
}