{"format_version":"1.8.0","minecraft:entity":{"description":{"identifier":"minecraft:egg","is_spawnable":false,"is_summonable":true,"is_experimental":false},"component_groups":{"summon ice":{"summon ice":{"fuseLength":0,"fuseLit":true,"power":0,"causesFire":false,"fireAffectedByGriefing":true,"destroyAffectedByGriefing":true}}},"components":{"minecraft:collision_box":{"width":0.00,"height":0.00},"minecraft:projectile":{"onHit":{"definition_event":{"affectProjectile":true,"eventTrigger":{"event":"summon ice","target":"self"}}},"power":1.5,"gravity":0.03,"angleoffset":0.0},"minecraft:physics":{}},"events":{"summon ice":{"add":{"component_groups":["summon ice"]}}}}}