{
	"format_version": "1.10.0",
	"minecraft:entity": {
		"description": {
			"identifier": "ben:knb",
			"is_spawnable": false,
			"is_summonable": true,
			"is_experimental": false,
			"runtime_identifier":
			"minecraft:snowball"
		},
		"components": {
			"minecraft:type_family": {
				"family": ["thunder"]
			},
			"minecraft:collision_box": {
				"width": 0.1,
				"height": 0.1
			},
            "minecraft:scale": {
              "value":0.7
            },
      "minecraft:explode": {
        "fuseLength": 1.0,
        "fuseLit": true,
        "power": 3,
        "breaks_blocks": false
      },
			"minecraft:projectile": {
				"onHit": {
					"impact_damage": {
	    				"damage": 1000,
						"knockback": true
                    }
				},
				"power": 6,
				"gravity": 0
			},
            "minecraft:pushable": {
              "is_pushable": false,
              "is_pushable_by_piston": true
            },
			"minecraft:physics": {}
		}
	}
}
