{
  "format_version": "1.12.0",
  "minecraft:entity": {
    "description": {
      "identifier": "ben:power17",
      "is_spawnable": false,
      "is_summonable": true,
      "is_experimental": false,
      "runtime_identifier": "minecraft:snowball"
    },
/*......*/
    "components": {
      "minecraft:collision_box": {
        "width": 0.05,
        "height": 0.05
      },
             "minecraft:explode": {
     "fuse_length": 0.5,
     "fuse_lit": true,
     "power": 0,
     "causes_fire": true,
         "breaks_blocks": false,
     "fire_affected_by_griefing": true,
     "destroy_affected_by_griefing": true
    },
      "minecraft:projectile": {
        "on_hit": {
            "impact_damage": {
        "damage": 10,
        "knockback": false,
        "semi_random_diff_damage": false
      },
          "spawn_chance": {
            "first_spawn_chance": 1,
            "second_spawn_chance": 99,
            "first_spawn_count": 1,
            "second_spawn_count": 0,
            "spawn_definition": "minecraft:lightning_bolt"
          },
          "remove_on_hit": {}
        },
        "power": 4,
        "gravity": 0,
        "angle_offset": 0.0
      },
	    "minecraft:physics": {
      },
      "minecraft:pushable": {
        "is_pushable": true,
        "is_pushable_by_piston": true
      }
    }
  }
}
/*看什么?没什么好看的*/