{
	"format_version": "1.10.0",
	"minecraft:entity": {
		"description": {
			"identifier": "ben:power15",
			"is_spawnable": false,
			"is_summonable": true,
			"is_experimental": false,
			"runtime_identifier": "minecraft:egg"
		},

  "component_groups": {
   "minecraft:exploding": {
    "minecraft:explode": {
     "fuseLength": 0,
     "fuseLit": true,
     "breaks_blocks": true,
     "power": 1,
     "fireAffectedByGriefing": true,
     "destroyAffectedByGriefing": true
    }
   }
  },

		"components": {
			"minecraft:type_family": {
				"family": ["power5"]
			},
			"minecraft:collision_box": {
				"width": 0.10,
				"height": 0.10
			},
            "minecraft:spawn_entity": [
              {
                "min_wait_time": 0.25,
                "max_wait_time": 0,
                "single_use": true,
                "spawn_entity": "xx:xx",
                "spawn_sound": "purr",
                "num_to_spawn": 1
              }
            ],
			"minecraft:projectile": {
				"onHit": {
					"impact_damage": {
	    				"damage": 7,
						"knockback": true
					},
     "definition_event": {
      "affectProjectile": true,
      "eventTrigger": {
            "event": "minecraft:explode",
            "target": "self"
      }
     }
				},
                "power": 3.8,
                "gravity": 0.015,
                "angleoffset": 0.0
			},
   "minecraft:pushable": {
      "is_pushable": false,
      "is_pushable_by_piston": true
   },
			"minecraft:physics": {}
		},

  "events": {
   "minecraft:explode": {
    "add": {
     "component_groups": [
      "minecraft:exploding"
     ]
    }
   }
  }
	}
}