{
  "format_version": "1.8.0",
  "minecraft:entity": {
    "description": {
      "identifier": "ben:uafwaybig",
      "is_spawnable": false,
      "is_summonable": true,
      "is_experimental": false
    },
    "components": {
      "minecraft:type_family": {
        "family": [ "ben" ]
      },
      "minecraft:breathable": {
        "totalSupply": 1,
        "suffocateTime": 0
      },
      "minecraft:collision_box": {
        "width": 0.4,
        "height": 1.8
      },
     "minecraft:movement": {
        "value": 0.1
        },
        "minecraft:scale": {
          "value": 12.0
        },
        "minecraft:movement.basic": {

        },
        "minecraft:jump.static": {
        },
      "minecraft:horse.jump_strength": {
        "value": 1.0
      },
      "minecraft:leashable": {
        "soft_distance": 4.0,
        "hard_distance": 6.0,
        "max_distance": 10.0
      },
      "minecraft:health": {
        "value": 100,
        "max": 100
      },
      "minecraft:nameable": {
      },
        "minecraft:knockback_resistance": {
        "value": 0.0
      },
      "minecraft:fall_damage": {
        "value": 0.0
      },
	  "minecraft:rideable": {
        "priority": 0,
		"seat_count": 1,
		"crouching_skip_interact": true,
		"interact_text": "Ride",
        "family_types": [
          "player"
        ],
        "seats": [
          {
                      "position": [0, 1.5, 0.3],
            "min_rider_count": 0,
            "max_rider_count": 0
          }
        ]
      },
      "minecraft:input_ground_controlled": {
      },
      "minecraft:can_power_jump": {
      },

      "minecraft:physics": {
      }
    }
  }
}
