{
  "format_version": "1.10.0",
  "particle_effect": {
    "description": {
      "identifier": "blockception:basic_smoke_particle",
      "basic_render_parameters": {
        "material": "particles_alpha",
        "texture": "textures/particle/particles"
      }
    },
    "components": {
      "minecraft:emitter_rate_steady": {
        "spawn_rate": 60,
        "max_particles": 600
      },
      "minecraft:emitter_lifetime_once": {
        "active_time": 1
      },
      "minecraft:emitter_shape_box": {
        "half_dimensions": [1, 0, 1],
        "surface_only": true,
        "direction": ["Math.random(-1, 1)", 1, "Math.random(-1, 1)"]
      },
      "minecraft:particle_lifetime_expression": {
        "max_lifetime": "Math.random(3.4, 4.4)"
      },
      "minecraft:particle_initial_speed": 1,
      "minecraft:particle_motion_dynamic": {
        "linear_acceleration": [0, 0.4, 0]
      },
      "minecraft:particle_appearance_billboard": {
        "size": ["variable.particle_random_1 * 0.5 + 0.5", "variable.particle_random_1 * 0.5 + 0.5"],
        "facing_camera_mode": "lookat_xyz",
        "uv": {
          "texture_width": 128,
          "texture_height": 128,
          "flipbook": {
            "base_UV": [56, 0],
            "size_UV": [8, 8],
            "step_UV": [-8, 0],
            "frames_per_second": 8,
            "max_frame": 8,
            "stretch_to_lifetime": true
          }
        }
      },
      "minecraft:particle_appearance_lighting": {},
      "minecraft:particle_appearance_tinting": {
        "color": ["Math.clamp(variable.particle_random_1*0.5, 0, 1)", "Math.clamp(variable.particle_random_1*0.5, 0, 1)", "Math.clamp(variable.particle_random_1*0.5, 0, 1)", 1]
      }
    }
  }
}
