{
  "format_version": "1.10.0",
  "particle_effect": {
    "description": {
      "identifier": "blockception:electric_spark",
      "basic_render_parameters": {
        "material": "particles_alpha",
        "texture": "textures/particle/particles"
      }
    },
    "components": {
      "minecraft:emitter_rate_instant": {
        "num_particles": 25
      },
      "minecraft:emitter_lifetime_once": {
        "active_time": 1
      },
      "minecraft:emitter_shape_sphere": {
        "offset": [0, 0.5, 0],
        "radius": 0.2,
        "surface_only": true,
        "direction": "outwards"
      },
      "minecraft:particle_lifetime_expression": {
        "max_lifetime": 2
      },
      "minecraft:particle_expire_if_not_in_blocks": ["minecraft:air"],
      "minecraft:particle_initial_spin": {
        "rotation": "variable.particle_random_2 * 360"
      },
      "minecraft:particle_initial_speed": 2,
      "minecraft:particle_motion_dynamic": {
        "linear_acceleration": [0, -2, 0]
      },
      "minecraft:particle_appearance_billboard": {
        "size": [0.2, 0.2],
        "facing_camera_mode": "rotate_xyz",
        "uv": {
          "texture_width": 16,
          "texture_height": 16,
          "uv": ["8.3+math.floor(variable.particle_random_1 * 3)*0.9", 13],
          "uv_size": [1, 1]
        }
      },
      "minecraft:particle_appearance_lighting": {},
      "minecraft:particle_appearance_tinting": {
        "color": {
          "interpolant": "variable.particle_random_2",
          "gradient": {
            "0.0": "#ffffffff",
            "1.0": "#FF00D4FF"
          }
        }
      }
    }
  }
}
