{
  "format_version": "1.10.0",
  "particle_effect": {
    "description": {
      "identifier": "blockception:fire_aura",
      "basic_render_parameters": {
        "material": "particles_alpha",
        "texture": "textures/particle/particles"
      }
    },
    "curves": {
      "variable.age": {
        "type": "linear",
        "input": "variable.particle_age",
        "horizontal_range": "variable.particle_lifetime",
        "nodes": [0, 1, 0]
      }
    },
    "components": {
      "minecraft:emitter_local_space": {
        "position": true,
        "rotation": true,
        "velocity": true
      },
      "minecraft:emitter_rate_steady": {
        "spawn_rate": 50,
        "max_particles": 100
      },
      "minecraft:emitter_lifetime_once": {
        "active_time": 5
      },
      "minecraft:emitter_shape_disc": {
        "radius": 5,
        "plane_normal": "y",
        "surface_only": true,
        "direction": "outwards"
      },
      "minecraft:particle_lifetime_expression": {
        "max_lifetime": "1 + variable.particle_random_1 * 4"
      },
      "minecraft:particle_initial_speed": 0,
      "minecraft:particle_motion_dynamic": {},
      "minecraft:particle_appearance_billboard": {
        "size": ["variable.age * 0.2", "variable.age * 0.2"],
        "facing_camera_mode": "rotate_xyz",
        "uv": { "texture_width": 16, "texture_height": 16, "uv": [0, 3], "uv_size": [1, 1] }
      }
    }
  }
}
