{
  "format_version": "1.10.0",
  "particle_effect": {
    "description": {
      "identifier": "blockception:heatblast_flamethrower",
      "basic_render_parameters": {
        "material": "particles_alpha",
        "texture": "textures/particle/particles"
      }
    },
    "curves": {
      "variable.size": {
        "type": "catmull_rom",
        "input": "variable.particle_age",
        "horizontal_range": "variable.particle_lifetime",
        "nodes": [1, 0.8, 1, 0, 0]
      }
    },
    "components": {
      "minecraft:emitter_rate_steady": { "spawn_rate": 75, "max_particles": 500 },
      "minecraft:emitter_lifetime_looping": { "active_time": 1 },
      "minecraft:emitter_shape_sphere": {
        "radius": 0.15,
        "surface_only": true,
        "direction": "outwards"
      },
      "minecraft:particle_lifetime_expression": { "max_lifetime": "variable.particle_random_1 * 0.4 + 0.9" },
      "minecraft:particle_expire_if_not_in_blocks": ["minecraft:air"],
      "minecraft:particle_initial_speed": 1,
      "minecraft:particle_motion_dynamic": {
        "linear_drag_coefficient": 1.5
      },
      "minecraft:particle_appearance_billboard": {
        "size": ["0.2*variable.size", "0.2*variable.size"],
        "facing_camera_mode": "rotate_xyz",
        "uv": {
          "texture_width": 16,
          "texture_height": 16,
          "uv": [0, 3],
          "uv_size": [1, 1]
        }
      },
      "minecraft:particle_motion_collision": {
        "collision_radius": 0.2,
        "expire_on_contact": true
      },
      "minecraft:particle_appearance_lighting": {}
    }
  }
}
