{
  "format_version": "1.10.0",
  "particle_effect": {
    "description": {
      "identifier": "blockception:heatblast_smoke",
      "basic_render_parameters": {
        "material": "particles_alpha",
        "texture": "textures/particle/particles"
      }
    },
    "components": {
      "minecraft:emitter_rate_steady": {
        "spawn_rate": "Math.random(3,6)",
        "max_particles": 11
      },
      "minecraft:emitter_lifetime_once": {
        "active_time": "Math.random(0.9,1.1)"
      },
      "minecraft:emitter_shape_sphere": {
        "radius": 0.3,
        "surface_only": true,
        "direction": ["Math.random(-0.5,0.5)", -1, "Math.random(-0.5,0.5)"]
      },
      "minecraft:particle_lifetime_expression": {
        "max_lifetime": "1 + variable.particle_random_1 * 0.3"
      },
      "minecraft:particle_initial_speed": 1,
      "minecraft:particle_motion_dynamic": {
        "linear_drag_coefficient": 0.2
      },
      "minecraft:particle_initial_spin": {
        "rotation": "Math.random(-10,10)"
      },
      "minecraft:particle_appearance_billboard": {
        "size": ["0.1 + (0.05*variable.particle_random_2)", "0.1 + (0.05*variable.particle_random_2)"],
        "facing_camera_mode": "rotate_xyz",
        "uv": {
          "texture_width": 16,
          "texture_height": 16,
          "flipbook": {
            "base_UV": [7, 0],
            "size_UV": [1, 1],
            "step_UV": [-1, 0],
            "frames_per_second": 7,
            "max_frame": 7,
            "stretch_to_lifetime": true
          }
        }
      },
      "minecraft:particle_appearance_lighting": {},
      "minecraft:particle_appearance_tinting": {
        "color": ["Math.clamp(variable.particle_random_1*0.5, 0, 1)", "Math.clamp(variable.particle_random_1*0.5, 0, 1)", "Math.clamp(variable.particle_random_1*0.5, 0, 1)", 1]
      }
    }
  }
}
