{
  "format_version": "1.10.0",
  "particle_effect": {
    "description": {
      "identifier": "blockception:magnet",
      "basic_render_parameters": {
        "material": "particles_alpha",
        "texture": "textures/particle/particles"
      }
    },
    "components": {
      "minecraft:emitter_local_space": {
        "position": true,
        "rotation": true,
        "velocity": true
      },
      "minecraft:emitter_rate_instant": {
        "num_particles": 50
      },
      "minecraft:emitter_lifetime_once": {
        "active_time": 1
      },
      "minecraft:emitter_shape_point": {
        "offset": ["math.cos(variable.particle_random_4 * 360) * 0.1", 0, "math.sin(variable.particle_random_4 * 360) * 0.1"],
        "direction": ["math.cos(variable.particle_random_4 * 360)", -0.5, "math.sin(variable.particle_random_4 * 360)"]
      },
      "minecraft:particle_lifetime_expression": {
        "max_lifetime": 3.14
      },
      "minecraft:particle_initial_speed": 1,
      "minecraft:particle_motion_dynamic": {
        "linear_acceleration": ["math.cos(variable.particle_random_4 * 360 + 180)*0.5", -0.2, "math.sin(variable.particle_random_4 * 360 + 180)*0.5"]
      },
      "minecraft:particle_appearance_billboard": {
        "size": [0.2, 0.2],
        "facing_camera_mode": "rotate_xyz",
        "uv": {
          "texture_width": 16,
          "texture_height": 16,
          "uv": [0, 0],
          "uv_size": [1, 1]
        }
      },
      "minecraft:particle_appearance_tinting": {
        "color": [0, 0.85098, 1, 1]
      }
    }
  }
}
