{
  "format_version": "1.10.0",
  "particle_effect": {
    "description": {
      "identifier": "blockception:null_void",
      "basic_render_parameters": {
        "material": "particles_alpha",
        "texture": "textures/particle/particles"
      }
    },
    "components": {
      "minecraft:emitter_local_space": {
        "position": false,
        "rotation": false,
        "velocity": true
      },
      "minecraft:emitter_rate_steady": {
        "spawn_rate": 25,
        "max_particles": 1000
      },
      "minecraft:emitter_lifetime_once": {
        "active_time": 20
      },
      "minecraft:emitter_shape_disc": {
        "radius": 0.5,
        "plane_normal": "z",
        "surface_only": true,
        "direction": "outwards"
      },
      "minecraft:particle_lifetime_expression": {
        "max_lifetime": "7 + variable.particle_random_3 * 3"
      },
      "minecraft:particle_initial_spin": {
        "rotation_rate": "(variable.particle_random_4 - 0.5) * 360"
      },
      "minecraft:particle_initial_speed": 1,
      "minecraft:particle_motion_dynamic": {
        "linear_drag_coefficient": 0.05
      },
      "minecraft:particle_appearance_billboard": {
        "size": [0.4, 0.4],
        "facing_camera_mode": "rotate_xyz",
        "uv": {
          "texture_width": 16,
          "texture_height": 16,
          "uv": ["5 + math.floor(variable.particle_random_1 * 3)", 0],
          "uv_size": [1, 1]
        }
      },
      "minecraft:particle_appearance_lighting": {},
      "minecraft:particle_appearance_tinting": {
        "color": {
          "interpolant": "variable.particle_random_4",
          "gradient": {
            "0.0": "#DDFF00E7",
            "1.0": "#CF4E007C"
          }
        }
      }
    }
  }
}
