{
  "format_version": "1.10.0",
  "particle_effect": {
    "description": {
      "identifier": "blockception:obj_cir_5",
      "basic_render_parameters": {
        "material": "particles_blend",
        "texture": "textures/particle/particles"
      }
    },
    "components": {
      "minecraft:emitter_initialization": {
        "creation_expression": "variable.radius = 5;"
      },
      "minecraft:emitter_rate_steady": {
        "spawn_rate": "math.max(variable.radius * 25, 150)",
        "max_particles": "math.max(variable.radius * 400, 1000)"
      },
      "minecraft:emitter_lifetime_looping": {
        "active_time": 0.5
      },
      "minecraft:emitter_shape_disc": {
        "offset": [0, 1.5, 0],
        "radius": "variable.radius",
        "surface_only": true,
        "direction": [0, 1, 0]
      },
      "minecraft:particle_lifetime_expression": {
        "max_lifetime": "1 + variable.particle_random_4 * 1.2"
      },
      "minecraft:particle_initial_speed": -0.8,
      "minecraft:particle_motion_dynamic": {
        "linear_drag_coefficient": 0.15
      },
      "minecraft:particle_motion_collision": {
        "coefficient_of_restitution": 1,
        "collision_radius": 0.1
      },
      "minecraft:particle_appearance_billboard": {
        "size": [0.1, 0.1],
        "facing_camera_mode": "rotate_xyz",
        "uv": {
          "texture_width": 16,
          "texture_height": 16,
          "uv": [1, 11],
          "uv_size": [1, 1]
        }
      },
      "minecraft:particle_appearance_tinting": {
        "color": {
          "interpolant": "variable.particle_random_3",
          "gradient": {
            "0.0": "#DDDDFF46",
            "0.5": "#FFDDFF8E",
            "1.0": "#DDDDFF79"
          }
        }
      }
    }
  }
}
