{
  "format_version": "1.10.0",
  "particle_effect": {
    "description": {
      "identifier": "blockception:obj_plane_yz_3_3",
      "basic_render_parameters": {
        "material": "particles_alpha",
        "texture": "textures/particle/particles"
      }
    },
    "components": {
      "minecraft:emitter_initialization": {
        "creation_expression": "variable.size_y = 3;variable.size_z = 3;variable.sum = (variable.size_y + variable.size_z);variable.ratio = (variable.size_z/variable.sum);",
        "per_update_expression": "variable.random = math.random(0, 1);"
      },
      "minecraft:emitter_rate_steady": {
        "spawn_rate": "variable.sum * 3.75",
        "max_particles": "variable.sum * 15"
      },
      "minecraft:emitter_lifetime_looping": {
        "active_time": 1
      },
      "minecraft:emitter_shape_point": {
        "offset": [
          0,
          "(variable.random <= variable.ratio ? math.random(0, variable.size_y) : math.round(math.random(0, 1))*variable.size_y) - 0.5",
          "(variable.random > variable.ratio ? math.random(0, variable.size_z) : math.round(math.random(0, 1))*variable.size_z) - 0.5"
        ],
        "direction": [0, 1, 0]
      },
      "minecraft:particle_lifetime_expression": {
        "max_lifetime": "1 + variable.particle_random_4"
      },
      "minecraft:particle_initial_spin": {
        "rotation": "math.floor(variable.particle_random_2 * 24) * 15",
        "rotation_rate": -90
      },
      "minecraft:particle_initial_speed": 0.1,
      "minecraft:particle_motion_dynamic": {
        "linear_acceleration": [0, 1, 0],
        "linear_drag_coefficient": 0.1
      },
      "minecraft:particle_appearance_billboard": {
        "size": [0.1, 0.1],
        "facing_camera_mode": "rotate_xyz",
        "uv": {
          "texture_width": 16,
          "texture_height": 16,
          "uv": [1, 11],
          "uv_size": [1, 1]
        }
      },
      "minecraft:particle_appearance_tinting": {
        "color": {
          "interpolant": "variable.particle_random_3",
          "gradient": {
            "0.0": "#DDDDFF46",
            "0.5": "#FFDDFF8E",
            "1.0": "#DDDDFF79"
          }
        }
      },
      "minecraft:particle_appearance_lighting": {}
    }
  }
}
