{
  "format_version": "1.10.0",
  "particle_effect": {
    "description": {
      "identifier": "blockception:passive_smoke",
      "basic_render_parameters": {
        "material": "particles_alpha",
        "texture": "textures/particle/particles"
      }
    },
    "components": {
      "minecraft:emitter_local_space": {
        "position": true,
        "rotation": true,
        "velocity": true
      },
      "minecraft:emitter_rate_steady": {
        "spawn_rate": 1,
        "max_particles": 100
      },
      "minecraft:emitter_lifetime_once": {
        "active_time": 1
      },
      "minecraft:emitter_shape_point": {
        "direction": [0, 1, 0]
      },
      "minecraft:particle_lifetime_expression": {
        "max_lifetime": "1 + variable.particle_random_1 * 2"
      },
      "minecraft:particle_initial_speed": -0.5,
      "minecraft:particle_motion_dynamic": {},
      "minecraft:particle_appearance_billboard": {
        "size": [0.2, 0.2],
        "facing_camera_mode": "rotate_xyz",
        "uv": {
          "texture_width": 16,
          "texture_height": 16,
          "flipbook": {
            "base_UV": [7, 0],
            "size_UV": [1, 1],
            "step_UV": [-1, 0],
            "frames_per_second": 7,
            "max_frame": 7,
            "stretch_to_lifetime": true
          }
        }
      },
      "minecraft:particle_appearance_tinting": {
        "color": {
          "interpolant": "variable.particle_random_2",
          "gradient": {
            "0.0": "#FF464646",
            "1.0": "#FF343434"
          }
        }
      }
    }
  }
}
