{
  "format_version": "1.10.0",
  "particle_effect": {
    "description": {
      "identifier": "blockception:poof",
      "basic_render_parameters": {
        "material": "particles_alpha",
        "texture": "textures/particle/particles"
      }
    },
    "curves": {
      "variable.size": {
        "type": "linear",
        "input": "variable.particle_age",
        "horizontal_range": "variable.particle_lifetime",
        "nodes": [0, 1, 0.66, 0.33, 0]
      }
    },
    "components": {
      "minecraft:emitter_rate_instant": {
        "num_particles": 250
      },
      "minecraft:emitter_lifetime_once": {
        "active_time": 1
      },
      "minecraft:emitter_shape_disc": {
        "offset": [0, "variable.particle_random_4", 0],
        "radius": "1 + variable.particle_random_3 * 0.1",
        "plane_normal": "y",
        "surface_only": true,
        "direction": "outwards"
      },
      "minecraft:particle_lifetime_expression": {
        "max_lifetime": "1 + variable.particle_random_1"
      },
      "minecraft:particle_initial_speed": 0.1,
      "minecraft:particle_motion_dynamic": {
        "linear_acceleration": [0, "1 + variable.particle_random_2", 0],
        "linear_drag_coefficient": 0.1
      },
      "minecraft:particle_appearance_billboard": {
        "size": ["0.2 * variable.size", "0.2 * variable.size"],
        "facing_camera_mode": "rotate_xyz",
        "uv": {
          "texture_width": 16,
          "texture_height": 16,
          "flipbook": {
            "base_UV": [7, 0],
            "size_UV": [1, 1],
            "step_UV": [-1, 0],
            "frames_per_second": 7,
            "stretch_to_lifetime": true,
            "max_frame": 7
          }
        }
      },
      "minecraft:particle_appearance_tinting": {
        "color": {
          "interpolant": "variable.particle_random_2",
          "gradient": {
            "0.0": "#FFDEDEDE",
            "1.0": "#FF9D9D9D"
          }
        }
      }
    }
  }
}
