{
  "format_version": "1.10.0",
  "particle_effect": {
    "description": {
      "identifier": "blockception:portal_pull",
      "basic_render_parameters": {
        "material": "particles_alpha",
        "texture": "textures/particle/particles"
      }
    },
    "components": {
      "minecraft:emitter_rate_steady": {
        "spawn_rate": 2,
        "max_particles": 100
      },
      "minecraft:emitter_lifetime_once": {
        "active_time": 1
      },
      "minecraft:emitter_shape_box": {
        "offset": [0, 1, 0],
        "half_dimensions": [1, 2, 1],
        "direction": [0, 1, 0]
      },
      "minecraft:particle_lifetime_expression": {
        "max_lifetime": "2 + variable.particle_random_3 * 2"
      },
      "minecraft:particle_initial_spin": {
        "rotation": 45
      },
      "minecraft:particle_initial_speed": 0.2,
      "minecraft:particle_motion_dynamic": {
        "linear_acceleration": [0, 1, 0]
      },
      "minecraft:particle_appearance_billboard": {
        "size": [0.1, 0.1],
        "facing_camera_mode": "rotate_xyz",
        "uv": {
          "texture_width": 16,
          "texture_height": 16,
          "uv": ["math.floor(variable.particle_random_4 * 8)", 9],
          "uv_size": [1, 1]
        }
      },
      "minecraft:particle_appearance_tinting": {
        "color": {
          "interpolant": "variable.particle_random_2",
          "gradient": {
            "0.0": "#FF8F00FF",
            "1.0": "#FFF600FF"
          }
        }
      }
    }
  }
}
