{
  "format_version": "1.10.0",
  "particle_effect": {
    "description": {
      "identifier": "blockception:smoke_bomb",
      "basic_render_parameters": {
        "material": "particles_alpha",
        "texture": "textures/particle/particles"
      }
    },
    "components": {
      "minecraft:emitter_rate_instant": {
        "num_particles": 500
      },
      "minecraft:emitter_lifetime_once": {
        "active_time": 1
      },
      "minecraft:emitter_shape_point": {
        "direction": ["variable.particle_random_1 - 0.5", "variable.particle_random_2", "variable.particle_random_3 - 0.5"]
      },
      "minecraft:particle_lifetime_expression": {
        "max_lifetime": "1 + variable.particle_random_4"
      },
      "minecraft:particle_initial_speed": 5,
      "minecraft:particle_motion_dynamic": {
        "linear_drag_coefficient": 1
      },
      "minecraft:particle_appearance_billboard": {
        "size": [0.2, 0.2],
        "facing_camera_mode": "rotate_xyz",
        "uv": {
          "texture_width": 16,
          "texture_height": 16,
          "flipbook": {
            "base_UV": [7, 0],
            "size_UV": [1, 1],
            "step_UV": [-1, 0],
            "max_frame": 7,
            "stretch_to_lifetime": true
          }
        }
      },
      "minecraft:particle_appearance_tinting": {
        "color": {
          "interpolant": "variable.particle_age/variable.particle_lifetime",
          "gradient": {
            "0.0": "#FFFFF55B",
            "0.06": "#ffffffff",
            "0.17": "#FFD5D5D5",
            "1.0": "#FF393939"
          }
        }
      }
    }
  }
}
