{
  "format_version": "1.10.0",
  "particle_effect": {
    "description": {
      "identifier": "blockception:spell_large",
      "basic_render_parameters": {
        "material": "particles_alpha",
        "texture": "textures/particle/particles"
      }
    },
    "components": {
      "minecraft:emitter_rate_steady": {
        "spawn_rate": 30,
        "max_particles": 500
      },
      "minecraft:emitter_lifetime_once": {
        "active_time": 1
      },
      "minecraft:emitter_shape_disc": {
        "offset": [0, 0.3, 0],
        "radius": 5,
        "plane_normal": "y",
        "surface_only": true,
        "direction": "outwards"
      },
      "minecraft:particle_lifetime_expression": {
        "max_lifetime": "1 + variable.particle_random_2 * 2"
      },
      "minecraft:particle_initial_speed": 0,
      "minecraft:particle_motion_dynamic": {
        "linear_acceleration": [0, "variable.particle_random_1 + 0.2", 0]
      },
      "minecraft:particle_appearance_billboard": {
        "size": [0.2, 0.2],
        "facing_camera_mode": "rotate_xyz",
        "uv": {
          "texture_width": 16,
          "texture_height": 16,
          "uv": ["1 + Math.floor(variable.particle_random_3*14)", 14],
          "uv_size": [1, 1]
        }
      },
      "minecraft:particle_appearance_tinting": {
        "color": {
          "interpolant": "variable.particle_random_4",
          "gradient": {
            "0.0": "#FFFF0000",
            "0.42": "#FF7A00B9",
            "0.68": "#FF650000",
            "1.0": "#FF300057"
          }
        }
      }
    }
  }
}
