{
  "format_version": "1.10.0",
  "particle_effect": {
    "description": {
      "identifier": "blockception:tp",
      "basic_render_parameters": {
        "material": "particles_blend",
        "texture": "textures/particle/particles"
      }
    },
    "components": {
      "minecraft:emitter_rate_steady": {
        "spawn_rate": 100,
        "max_particles": 500
      },
      "minecraft:emitter_lifetime_once": {
        "active_time": 1
      },
      "minecraft:emitter_shape_box": {
        "surface_only": true,
        "direction": "outwards",
        "half_dimensions": [0.5, 2, 0.5]
      },
      "minecraft:particle_lifetime_expression": {
        "max_lifetime": 2
      },
      "minecraft:particle_initial_spin": {
        "rotation": "variable.particle_random_2 * 360 - 180",
        "rotation_rate": "variable.particle_random_3 * 360 - 180"
      },
      "minecraft:particle_initial_speed": 1,
      "minecraft:particle_motion_dynamic": {
        "linear_acceleration": [0, 0.2, 0],
        "linear_drag_coefficient": 0.2
      },
      "minecraft:particle_appearance_billboard": {
        "size": [0.1, 0.1],
        "facing_camera_mode": "rotate_xyz",
        "uv": {
          "texture_width": 16,
          "texture_height": 16,
          "flipbook": {
            "base_UV": [0, 9],
            "size_UV": [1, 1],
            "step_UV": [1, 0],
            "max_frame": 4,
            "stretch_to_lifetime": true
          }
        }
      },
      "minecraft:particle_motion_collision": {
        "coefficient_of_restitution": 1,
        "collision_radius": 0.1
      },
      "minecraft:particle_appearance_tinting": {
        "color": {
          "interpolant": "variable.particle_random_1",
          "gradient": {
            "0.0": "#DD7C00FF",
            "1.0": "#DDBA00FF"
          }
        }
      }
    }
  }
}
