{
  "format_version": "1.10.0",
  "particle_effect": {
    "description": {
      "identifier": "blockception:tp_steam",
      "basic_render_parameters": {
        "material": "particles_alpha",
        "texture": "textures/particle/particles"
      }
    },
    "components": {
      "minecraft:emitter_rate_steady": {
        "spawn_rate": 200,
        "max_particles": 1200
      },
      "minecraft:emitter_lifetime_looping": {
        "active_time": 7
      },
      "minecraft:emitter_shape_disc": {
        "radius": 1,
        "plane_normal": "y",
        "surface_only": true,
        "direction": "outwards"
      },
      "minecraft:particle_lifetime_expression": {
        "max_lifetime": "3 + variable.particle_random_1 * 2"
      },
      "minecraft:particle_initial_speed": 1,
      "minecraft:particle_motion_dynamic": {
        "linear_acceleration": [0, "(variable.particle_lifetime - variable.particle_age) / 2", 0],
        "linear_drag_coefficient": 1
      },
      "minecraft:particle_appearance_billboard": {
        "size": [0.3, 0.3],
        "facing_camera_mode": "rotate_xyz",
        "uv": {
          "texture_width": 16,
          "texture_height": 16,
          "flipbook": {
            "base_UV": [5, 0],
            "size_UV": [1, 1],
            "step_UV": [1, 0],
            "max_frame": 3,
            "stretch_to_lifetime": true,
            "loop": true
          }
        }
      },
      "minecraft:particle_appearance_tinting": {
        "color": {
          "interpolant": "variable.particle_random_2",
          "gradient": {
            "0.0": "#ffffffff",
            "1.0": "#FFB2B2B2"
          }
        }
      }
    }
  }
}
