{
  "format_version": "1.10.0",
  "particle_effect": {
    "description": {
      "identifier": "blockception:transform",
      "basic_render_parameters": {
        "material": "particles_blend",
        "texture": "textures/particle/particles"
      }
    },
    "components": {
      "minecraft:emitter_rate_instant": {
        "num_particles": 150
      },
      "minecraft:emitter_lifetime_once": {
        "active_time": 1
      },
      "minecraft:emitter_shape_sphere": {
        "offset": [0, 1, 0],
        "radius": 0.2,
        "direction": "outwards"
      },
      "minecraft:particle_lifetime_expression": {
        "max_lifetime": "1 + variable.particle_random_3 * 0.2"
      },
      "minecraft:particle_initial_spin": {
        "rotation": "variable.particle_random_4 * 360"
      },
      "minecraft:particle_initial_speed": 5,
      "minecraft:particle_motion_dynamic": {
        "linear_drag_coefficient": 1
      },
      "minecraft:particle_appearance_billboard": {
        "size": [
          "0.2 * (1 - (variable.particle_age / variable.particle_lifetime))",
          "0.2 * (1 - (variable.particle_age / variable.particle_lifetime))"
        ],
        "facing_camera_mode": "rotate_xyz",
        "uv": {
          "texture_width": 16,
          "texture_height": 16,
          "uv": ["1 + Math.floor(variable.particle_random_2 * 2)", 4],
          "uv_size": [1, 1]
        }
      },
      "minecraft:particle_motion_collision": {
        "coefficient_of_restitution": 1,
        "collision_radius": 0.2
      },
      "minecraft:particle_appearance_tinting": {
        "color": {
          "interpolant": "variable.particle_age/variable.particle_lifetime",
          "gradient": {
            "0.0": "#FF00FF00",
            "0.17": "#FF00FF00",
            "0.26": "#ffffffff",
            "0.38": "#FF00FF00",
            "0.62": "#FF00FF00",
            "1.0": "#FF000000"
          }
        }
      }
    }
  }
}
