{
  "format_version": "1.10.0",
  "particle_effect": {
    "description": {
      "identifier": "blockception:xlr8_smoke",
      "basic_render_parameters": {
        "material": "particles_alpha",
        "texture": "textures/particle/campfire_smoke"
      }
    },
    "curves": {
      "variable.size": {
        "type": "catmull_rom",
        "input": "variable.particle_age",
        "horizontal_range": "variable.particle_lifetime",
        "nodes": [0, 1, 0, 1]
      }
    },
    "components": {
      "minecraft:emitter_rate_steady": {
        "spawn_rate": "Math.round(Math.random(8,10))",
        "max_particles": 100
      },
      "minecraft:emitter_lifetime_once": {
        "active_time": 1
      },
      "minecraft:emitter_shape_point": {
        "offset": ["Math.random(-1,1)", -0.25, 0],
        "direction": [0, 0, 1]
      },
      "minecraft:particle_lifetime_expression": {
        "max_lifetime": "Math.random(1.25,1.75)"
      },
      "minecraft:particle_initial_speed": 3,
      "minecraft:particle_motion_dynamic": {
        "linear_acceleration": [0, 1, 0]
      },
      "minecraft:particle_appearance_billboard": {
        "size": ["variable.size", "variable.size"],
        "facing_camera_mode": "rotate_xyz",
        "uv": {
          "texture_width": 16,
          "texture_height": 192,
          "flipbook": {
            "base_UV": [0, 48],
            "size_UV": [16, 16],
            "step_UV": [0, 16],
            "frames_per_second": 10,
            "max_frame": 9,
            "stretch_to_lifetime": true
          }
        }
      },
      "minecraft:particle_appearance_lighting": {}
    }
  }
}
