{
  "format_version": "1.10.0",
  "minecraft:client_entity": {
    "description": {
      "identifier": "blockception:alarm",
      "geometry": { "default": "geometry.alarm" },
      "materials": { "default": "entity", "alpha": "entity_alphatest" },
      "textures": {
        "default": "textures/entity/lab/alarm_off",
        "on": "textures/entity/lab/alarm_on"
      },
      "render_controllers": ["controller.render.alarm"],
      "spawn_egg": {
        "base_color": "#00FF00",
        "overlay_color": "#000000"
      }
    }
  }
}
