{
  "format_version": "1.10.0",
  "minecraft:client_entity": {
    "description": {
      "identifier": "blockception:bunsenburnerset2",
      "materials": { "default": "entity", "alpha": "entity_alphatest", "trans": "entity_alphablend" },
      "render_controllers": ["controller.render.default.translucant"],
      "textures": { "default": "textures/entity/assets/bunsenburnerset2" },
      "geometry": { "default": "geometry.bunsenburnerset2" },
      "spawn_egg": {
        "base_color": "#00FF00",
        "overlay_color": "#000000"
      }
    }
  }
}
