{
  "format_version": "1.10.0",
  "minecraft:client_entity": {
    "description": {
      "identifier": "blockception:cellphone_box",
      "materials": { "default": "entity", "alpha": "entity_alphatest" },
      "textures": { "default": "textures/entity/villains/steam/electricalbox" },
      "render_controllers": ["controller.render.cellphone"],
      "geometry": { "default": "geometry.radio_electrical_box" },
      "animations": {
        "anim.fire": "animation.cellphone.fire"
      },
      "particle_effects": {
        "fire": "minecraft:basic_flame_particle"
      },
      "scripts": {
        "animate": [{ "anim.fire": "query.is_chested" }]
      },
      "spawn_egg": {
        "base_color": "#00FF00",
        "overlay_color": "#000000"
      }
    }
  }
}
