{
  "format_version": "1.10.0",
  "minecraft:client_entity": {
    "description": {
      "identifier": "blockception:console_3",
      "geometry": { "default": "geometry.console_3" },
      "render_controllers": ["controller.render.default"],
      "textures": { "default": "textures/entity/lab/console_3" },
      "materials": {
        "default": "entity",
        "alpha": "entity_alphatest"
      },
      "spawn_egg": {
        "base_color": "#00FF00",
        "overlay_color": "#000000"
      }
    }
  }
}
