{
  "format_version": "1.10.0",
  "minecraft:client_entity": {
    "description": {
      "identifier": "blockception:dna",
      "materials": { "default": "entity", "alpha": "entity_alphatest" },
      "render_controllers": ["controller.render.dna"],
      "textures": {
        "default": "textures/entity/assets/dna",

        "fourarms": "textures/entity/assets/dna/dna_fourarms",
        "xlr8": "textures/entity/assets/dna/dna_xlr8",
        "rath": "textures/entity/assets/dna/dna_rath",
        "slapback": "textures/entity/assets/dna/dna_slapback",
        "cannonbolt": "textures/entity/assets/dna/dna_cannonbolt",
        "humungousaur": "textures/entity/assets/dna/dna_humungousaur",
        "shockrock": "textures/entity/assets/dna/dna_shockrock",
        "diamondhead": "textures/entity/assets/dna/dna_diamondhead",
        "heatblast": "textures/entity/assets/dna/dna_heatblast",
        "jetray": "textures/entity/assets/dna/dna_jetray"
      },
      "geometry": { "default": "geometry.dna" },
      "animations": {
        "scale": "animation.dna.scale",
        "hover": "animation.dna.hover",
        "collect": "animation.dna.collect",
        "spin": "animation.default.bouncespin_slow",
        "particles": "animation.default.interest"
      },
      "particle_effects": {
        "interest": "blockception:obj_interest"
      },
      "scripts": {
        "pre_animation": ["variable.hover = (Math.cos(query.modified_distance_moved * 38.17) * query.modified_move_speed / variable.gliding_speed_value) * 57.3;"],
        "animate": [
          { "spin": "!query.is_baby" },
          { "scale": "query.is_baby" },
          { "hover": "query.is_baby" },
          { "collect": "query.is_sheared && query.is_baby" },
          { "particles": "query.variant >= 1 && !query.is_sheared" }
        ]
      },
      "spawn_egg": {
        "base_color": "#00FF00",
        "overlay_color": "#000000"
      }
    }
  }
}
