{
  "format_version": "1.10.0",
  "minecraft:client_entity": {
    "description": {
      "identifier": "blockception:dummy",
      "materials": { "default": "entity", "alpha": "entity_alphatest", "animated": "uv_loop_anim_blend" },
      "textures": {
        "default": "textures/entity/aliens/dummy",
        "animated": "textures/entity/aliens/shockrock/forcefield"
      },
      "geometry": {
        "default": "geometry.dummy",
        "animated": "geometry.shockrock_forcefield"
      },
      "scripts": {
        "initialize": ["variable.fps = 10;", "variable.max_frames = 10;"]
      },
      "animations": {
        "forcefield.build": "animation.forcefield.build",
        "forcefield.destroy": "animation.forcefield.destroy"
      },
      "render_controllers": [{ "controller.render.default": "query.variant != 3" }, { "controller.render.animated_step": "query.variant == 3" }],
      "spawn_egg": {
        "base_color": "#00FF00",
        "overlay_color": "#000000"
      }
    }
  }
}
