{
  "format_version": "1.10.0",
  "minecraft:client_entity": {
    "description": {
      "identifier": "blockception:generator",
      "materials": { "default": "entity", "alpha": "entity_alphatest" },
      "textures": { "default": "textures/entity/assets/generator" },
      "render_controllers": ["controller.render.default"],
      "geometry": { "default": "geometry.generator" },
      "animations": {
        "alive": "animation.generator.idle",
        "dead": "animation.generator.dead",

        "controller.state": "controller.animation.generator.state"
      },
      "sound_effects": {
        "explode": "cauldron.explode"
      },
      "particle_effects": {
        "magnet": "blockception:magnet",
        "active_smoke": "blockception:active_smoke",
        "passive_smoke": "blockception:passive_smoke",

        "broke_smoke": "blockception:broke_smoke"
      },
      "scripts": {
        "animate": ["controller.state"]
      },
      "spawn_egg": {
        "base_color": "#00FF00",
        "overlay_color": "#000000"
      }
    }
  }
}
