{
  "format_version": "1.10.0",
  "minecraft:client_entity": {
    "description": {
      "identifier": "blockception:help_projector",
      "materials": { "default": "entity", "alpha": "entity_alphatest" },
      "render_controllers": ["controller.render.help"],
      "geometry": { "default": "geometry.help_projector" },

      "animations": {
        "loop": "animation.help_screen.loop"
      },

      "scripts": {
        "variables": {
          "variable.alien": "public",
          "variable.ability": "public"
        },
        "initialize": ["variable.alien = 1;"],
        "animate": ["loop"]
      },

      "sound_effects": {
        "ping": "omnitrix-ui"
      },

      "textures": {
        "default": "textures/entity/help/screen",

        //Cannonbolt slam
        "help1_alien": "textures/entity/help/screen/canbolt1",
        "help1_ability": "textures/entity/help/screen/canbolt2",

        //Heatblast fire
        "help2_alien": "textures/entity/help/screen/heat1",
        "help2_ability": "textures/entity/help/screen/heat2",

        //Rath climb
        "help3_alien": "textures/entity/help/screen/rath1",
        "help3_ability": "textures/entity/help/screen/rath2",

        //Rath Slash
        "help4_alien": "textures/entity/help/screen/rath1",
        "help4_ability": "textures/entity/help/screen/rath3",

        //Shockrock Charge
        "help5_alien": "textures/entity/help/screen/shock1",
        "help5_ability": "textures/entity/help/screen/shock2",

        //slap direct
        "help6_alien": "textures/entity/help/screen/slap1",
        "help6_ability": "textures/entity/help/screen/slap2"
      }
    }
  }
}
