{
  "format_version": "1.10.0",
  "minecraft:client_entity": {
    "description": {
      "identifier": "blockception:lab_screen_1",
      "materials": { "default": "entity", "alpha": "entity_alphatest", "animated": "uv_loop_anim" }, //Had to make a custom material for this, just uv anim with loop
      "textures": {
        "default": "textures/entity/lab/screen_1_base", //Separate textures, geos and render controllers for base and animated parts
        "animated_y": "textures/entity/lab/screen_1_animated"
      },
      "scripts": {
        "initialize": ["variable.loop_time_y = 5;"] //Time in seconds it takes for the texture to loop
      },
      "geometry": {
        "default": "geometry.screen_1",
        "animated_y": "geometry.screen_1.animated"
      },
      "render_controllers": ["controller.render.default", "controller.render.animated_smooth_y"],
      "spawn_egg": {
        "base_color": "#00FF00",
        "overlay_color": "#000000"
      }
    }
  }
}
