{
  "format_version": "1.10.0",
  "minecraft:client_entity": {
    "description": {
      "identifier": "blockception:npc",
      "materials": { "default": "entity_alphatest", "alpha": "entity_alphatest" },
      "textures": {
        "skin1": "textures/entity/npc/citizens/skin1",
        "skin2": "textures/entity/npc/citizens/skin2",
        "skin3": "textures/entity/npc/citizens/skin3",
        "skin4": "textures/entity/npc/citizens/skin4",
        "skin5": "textures/entity/npc/citizens/skin5",
        "skin6": "textures/entity/npc/citizens/skin6",
        "skin7": "textures/entity/npc/citizens/skin7",
        "skin8": "textures/entity/npc/citizens/skin8",
        "skin9": "textures/entity/npc/citizens/skin9",
        "skin10": "textures/entity/npc/citizens/skin10",
        "skin11": "textures/entity/npc/citizens/skin11",
        "skin12": "textures/entity/npc/citizens/skin12",
        "skin13": "textures/entity/npc/citizens/skin13",
        "skin14": "textures/entity/npc/citizens/skin14",
        "skin15": "textures/entity/npc/citizens/skin15",
        "skin16": "textures/entity/npc/citizens/skin16",
        "skin17": "textures/entity/npc/citizens/skin17",
        "skin18": "textures/entity/npc/citizens/skin18",
        "skin19": "textures/entity/npc/citizens/skin19",
        "skin20": "textures/entity/npc/citizens/skin20",

        "doctor1": "textures/entity/npc/citizens/doctor1",
        "doctor2": "textures/entity/npc/citizens/doctor2",
        "doctor3": "textures/entity/npc/citizens/doctor3",
        "doctor4": "textures/entity/npc/citizens/doctor4",
        "officer1": "textures/entity/npc/citizens/officer1",
        "officer2": "textures/entity/npc/citizens/officer2",
        "officer3": "textures/entity/npc/citizens/officer3",
        "officer4": "textures/entity/npc/citizens/officer4"
      },
      "geometry": { "default": "geometry.npc" },
      "render_controllers": ["controller.render.npc.citizen"],
      "scripts": {
        "pre_animation": [
          "variable.tcos0 = (Math.cos(query.modified_distance_moved * 38.17) * query.modified_move_speed / variable.gliding_speed_value) * 57.3;",
          "variable.tcos1 = -variable.tcos0;",
          "variable.leftArm = (-(Math.cos(query.life_time * 103.2) * 2.865) - 2.865);",
          "variable.rightArm = ((Math.cos(query.life_time * 103.2) * 2.865) + 2.865);"
        ],
        "animate": ["controller.basic", "controller.move"]
      },
      "animations": {
        "controller.basic": "controller.animation.blockception_humanoid.basic",
        "controller.move": "controller.animation.blockception_humanoid.walk",
        "look_at_target": "animation.blockception_humanoid.look_at_target",
        "base_pose": "animation.blockception_humanoid.default_pose",
        "walk": "animation.blockception_humanoid.walk"
      },
      "spawn_egg": {
        "base_color": "#00FF00",
        "overlay_color": "#000000"
      }
    }
  }
}
