{
  "format_version": "1.10.0",
  "minecraft:client_entity": {
    "description": {
      "identifier": "blockception:nullvoid_portal",
      "materials": { "default": "entity", "alpha": "entity_alphatest" },
      "textures": { "default": "textures/entity/assets/nullvoid_portal" },
      "render_controllers": ["controller.render.default"],
      "geometry": { "default": "geometry.portal" },
      "animations": {
        "idle": "animation.nullvoid_portal.idle",
        "start": "animation.nullvoid_portal.start",
        "end": "animation.nullvoid_portal.end",

        "controller.state": "controller.animation.portal.state"
      },
      "particle_effects": {
        "portal": "blockception:null_void"
      },
      "scripts": {
        "animate": ["controller.state"]
      },
      "spawn_egg": {
        "base_color": "#00FF00",
        "overlay_color": "#000000"
      },
      "sound_effects": {
        "nr-portalend": "nr-portalend",
        "nr-portalstart": "nr-portalstart"
      }
    }
  }
}
