{
  "format_version": "1.10.0",
  "minecraft:client_entity": {
    "description": {
      "identifier": "blockception:rock_wall",
      "materials": { "default": "entity", "alpha": "entity_alphatest" },
      "textures": { "default": "textures/entity/assets/stonewall" },
      "render_controllers": ["controller.render.default_lightend"],
      "geometry": { "default": "geometry.stonewall" },
      "animations": {
        "destroy_half": "animation.rock_wall.destroy_half",
        "destroy_full": "animation.rock_wall.destroy_full",

        "controller.destroy": "controller.animation.rock_wall"
      },
      "scripts": {
        "animate": ["controller.destroy"]
      },
      "spawn_egg": {
        "base_color": "#00FF00",
        "overlay_color": "#000000"
      }
    }
  }
}
