{
  "format_version": "1.10.0",
  "minecraft:client_entity": {
    "description": {
      "identifier": "blockception:rustbucket",
      "materials": {
        "default": "entity",
        "alpha": "entity_alphatest"
      },
      "textures": {
        "default": "textures/entity/vehicles/rustbucket"
      },
      "geometry": {
        "default": "geometry.rustbucket"
      },
      "render_controllers": ["controller.render.default"],
      "spawn_egg": {
        "base_color": "#00FF00",
        "overlay_color": "#000000"
      }
    }
  }
}
