{
  "format_version": "1.10.0",
  "minecraft:client_entity": {
    "description": {
      "identifier": "blockception:screen_1",
      "materials": {
        "default": "entity",
        "alpha": "entity_alphatest",
        "animated": "uv_loop_anim"
      },
      "textures": {
        "default": "textures/entity/lab/screen_1_base",
        "animated": "textures/entity/lab/console_1_animated"
      },
      "scripts": {
        "initialize": ["variable.loop_time_y = 7;", "variable.loop_time_x = 3;", "variable.fps = 3;", "variable.max_frames = 8;"]
      },
      "geometry": {
        "default": "geometry.screen_1",
        "animated": "geometry.screen_1.animated"
      },
      "render_controllers": ["controller.render.default", "controller.render.animated_step"],
      "spawn_egg": {
        "base_color": "#00FF00",
        "overlay_color": "#000000"
      }
    }
  }
}
