{
  "format_version": "1.10.0",
  "minecraft:client_entity": {
    "description": {
      "identifier": "blockception:screen_2",
      "materials": {
        "default": "entity",
        "alpha": "entity_alphatest",
        "animated": "uv_loop_anim"
      },
      "textures": {
        "default": "textures/entity/lab/screen_2_base",
        "animated": "textures/entity/lab/screen_2_animated1",
        "animated2": "textures/entity/lab/screen_1_animated"
      },
      "scripts": {
        "initialize": ["variable.loop_time_y = 7;", "variable.loop_time_x = 3;", "variable.fps = 4;", "variable.max_frames = 8;", "variable.fps2 = 4;", "variable.max_frames2 = 8;"]
      },
      "geometry": {
        "default": "geometry.screen_2",
        "animated": "geometry.screen_2.animated1",
        "animated2": "geometry.screen_2.animated2"
      },
      "render_controllers": ["controller.render.default", "controller.render.animated_step", "controller.render.animated_step2"],
      "spawn_egg": {
        "base_color": "#00FF00",
        "overlay_color": "#000000"
      }
    }
  }
}
