{"format_version":"1.10.0","minecraft:client_entity":{"description":{"identifier":"minecrab:senator_armstrong","min_engine_version":"1.8.0","materials":{"default":"wiki_bedrock_dev"},"textures":{"default":"revengeance_i_realize"},"geometry":{"default":"geometry.anime_kok_2d"},"animations":{"anima":"animation.camera_rot_by_classixhali","nanomachineson":"controller.animation.senakangturu","arghsas":"controller.animation.arghsas","music":"animation.music.revengeance"},"scripts":{"animate":["anima","arghsas","nanomachineson","music"]},"render_controllers":["controller.render.revengeance"],"spawn_egg":{"texture":"minecrab:senator_armstrong","texture_index":0},"sound_effects":{"ithastobe":"ithastobe","sfxnanomachine":"sfx.nanomachineson.ogg","arghsas":"sfx.arghhhsas.ogg"}}}}