{"format_version":"1.10.0","animation_controllers":{"controller.animation.senakangturu":{"initial_state":"default","states":{"default":{"transitions":[{"nanomachineson":"!query.has_target"}]},"nanomachineson":{"sound_effects":[{"effect":"sfxnanomachine"}],"transitions":[{"default":"query.has_target"}]}}},"controller.animation.arghsas":{"initial_state":"default","states":{"default":{"transitions":[{"pamobile":"query.is_wall_climbing || query.vertical_speed \u003e 0"}]},"pamobile":{"sound_effects":[{"effect":"arghsas"}],"transitions":[{"default":"query.is_on_ground \u0026\u0026 query.vertical_speed \u003c\u003d 0 "}]}}}}}