{
  "format_version": "1.16.0",
  "minecraft:entity": {
    "description": {
      "identifier": "blockception:dummy",
      "is_spawnable": false,
      "is_summonable": true,
      "is_experimental": false,
      "animations": {
        "cleanup.anim": "animation.dummy.cleanup",
        "levitate.anim": "animation.dummy.takeoff",
        "forcefield.anim": "animation.shockrock.forcefield_build",
        "blast_aoe.anim": "animation.shockrock_aoe"
      },
      "scripts": {
        "animate": [
          { "cleanup.anim": "(query.variant == 1 || query.variant == 2) && ((query.is_on_ground && query.life_time > 1) || !query.has_rider)" },
          { "levitate.anim": "query.variant == 1 || query.variant == 2" },
          { "forcefield.anim": "query.variant == 3" },
          { "blast_aoe.anim": "query.variant == 4" }
        ]
      }
    },

    "component_groups": {
      "self:empty": {
        "minecraft:movement.basic": {},
        "minecraft:navigation.generic": {}
      },
      "self:despawn": { "minecraft:instant_despawn": {} },
      //Diamondhead
      "diamondhead:darts": {
        "minecraft:spawn_entity": { "entities": { "min_wait_time": 0, "max_wait_time": 0, "num_to_spawn": 1 } }
      },
      //Fourarms
      "fourarms:clap_knockback": {
        "minecraft:behavior.knockback_roar": {
          "priority": 1,
          "duration": 0.5,
          "attack_time": 0.25,
          "knockback_damage": 0,
          "knockback_strength": 2,
          "knockback_range": 2,
          "knockback_filters": {
            "all_of": [
              { "test": "is_family", "subject": "other", "operator": "!=", "value": "player" },
              { "test": "is_family", "subject": "other", "operator": "!=", "value": "player_alien" }
            ]
          },
          "damage_filters": {
            "all_of": [
              { "test": "is_family", "subject": "other", "operator": "!=", "value": "player" },
              { "test": "is_family", "subject": "other", "operator": "!=", "value": "player_alien" }
            ]
          },
          "on_roar_end": {
            "event": "self:despawn"
          },
          "cd_time": 0.1
        }
      },
      "fourarms:ground_slam": {
        "minecraft:explode": { "breaks_blocks": false, "causes_fire": false, "fuse_length": [0, 0], "fuse_lit": true, "power": 2.5 },
        "minecraft:type_family": { "family": ["friendly"] }
      },
      //Heatblast
      "heatblast:take_off": {
        "minecraft:explode": {
          "breaks_blocks": false,
          "causes_fire": true,
          "fuse_length": [0, 0],
          "fuse_lit": true,
          "power": 1.5,
          "fire_affected_by_griefing": false
        },
        "minecraft:type_family": { "family": ["friendly"] }
      },
      //Jetray
      "jetray:flight": {
        "minecraft:variant": { "value": 2 },
        "minecraft:water_movement": {},
        "minecraft:type_family": { "family": ["dummy_flight"] },
        "minecraft:rideable": {
          "controlling_seat": 1,
          "seat_count": 1,
          "seats": [{ "position": [0, 0, 0] }],
          "family_types": ["jetray", "player_alien"],
          "interact_text": "alien.interact.flight"
        },
        "minecraft:jump.static": {},
        "minecraft:input_ground_controlled": {},
        "minecraft:flying_speed": { "value": 0.7 },
        "minecraft:movement": { "value": 0.7 }
      },
      //Flight
      "flight:level": {
        "minecraft:navigation.generic": { "can_path_over_water": true, "can_path_from_air": true }
      },
      "flight:fall": {
        "minecraft:navigation.hover": { "can_path_over_water": true, "can_path_from_air": false }
      },
      //Shockrock
      "shockrock:forcefield": {
        "minecraft:variant": { "value": 3 }
      },
      "shockrock:blast": {
        "minecraft:explode": { "breaks_blocks": false, "causes_fire": false, "fuse_length": [0, 0], "fuse_lit": true, "power": 2.5 },
        "minecraft:type_family": { "family": ["friendly"] },
        "minecraft:spawn_entity": {
          "entities": {
            "min_wait_time": 0,
            "max_wait_time": 0,
            "num_to_spawn": 1,
            "single_use": true,
            "spawn_entity": "blockception:dummy",
            "spawn_event": "shockrock:blast_aoe"
          }
        }
      },
      "shockrock:blast_aoe": {
        "minecraft:variant": { "value": 4 },
        "minecraft:area_attack": {
          "cause": "lightning",
          "damage_per_tick": 1,
          "damage_range": 5,
          "entity_filter": { "test": "is_family", "subject": "other", "operator": "not", "value": "hero" }
        }
      },
      //Rath
      "rath:roar_knockback": {
        "minecraft:behavior.knockback_roar": {
          "priority": 1,
          "duration": 1,
          "attack_time": 0.25,
          "knockback_damage": 4,
          "knockback_strength": 3,
          "knockback_range": 4,
          "knockback_filters": { "test": "is_family", "subject": "other", "operator": "!=", "value": "hero" },
          "damage_filters": { "test": "is_family", "subject": "other", "operator": "!=", "value": "hero" },
          "on_roar_end": {
            "event": "self:despawn"
          },
          "cd_time": 0.1
        }
      },
      //Humungousaur
      "humungousaur:tail_whip": {
        "minecraft:behavior.knockback_roar": {
          "priority": 1,
          "duration": 1,
          "attack_time": 0.25,
          "knockback_damage": 4,
          "knockback_strength": 3,
          "knockback_range": 4,
          "knockback_filters": { "test": "is_family", "subject": "other", "operator": "!=", "value": "hero" },
          "damage_filters": { "test": "is_family", "subject": "other", "operator": "!=", "value": "hero" },
          "on_roar_end": {
            "event": "self:despawn"
          },
          "cd_time": 0.1
        }
      },
      "humungousaur:stomp": {
        "minecraft:explode": { "breaks_blocks": false, "causes_fire": false, "fuse_length": [0, 0], "fuse_lit": true, "power": 2 },
        "minecraft:type_family": { "family": ["friendly"] }
      },
      //Cannonbolt
      "cannonbolt:slam": {
        "minecraft:type_family": { "family": ["cannonbolt_wallslam", "friendly"] },
        "minecraft:behavior.knockback_roar": {
          "priority": 1,
          "duration": 1,
          "attack_time": 0.25,
          "knockback_damage": 3,
          "knockback_strength": 4,
          "knockback_range": 4,
          "knockback_filters": { "test": "is_family", "subject": "other", "operator": "!=", "value": "hero" },
          "damage_filters": { "test": "is_family", "subject": "other", "operator": "!=", "value": "hero" },
          "on_roar_end": {
            "event": "self:despawn"
          },
          "cd_time": 0.1
        }
      },
      "cannonbolt:piledriver": {
        "minecraft:explode": { "breaks_blocks": false, "causes_fire": false, "fuse_length": [0, 0], "fuse_lit": true, "power": 2.5 },
        "minecraft:type_family": { "family": ["cannonbolt_piledriver", "friendly"] }
      }
    },

    "components": {
      "minecraft:type_family": { "family": ["dummy"] },
      "minecraft:physics": {},
      "minecraft:collision_box": { "height": 0.1, "width": 0.1 },
      "minecraft:damage_sensor": {
        "triggers": [
          {
            "cause": "all",
            "deals_damage": false
          }
        ]
      },
      "minecraft:environment_sensor": {
        "triggers": [
          {
            "filters": {
              "all_of": [{ "test": "has_tag", "operator": "not", "value": "fly_down" }]
            },
            "event": "flight:add_level",
            "target": "self"
          },
          {
            "filters": {
              "all_of": [{ "test": "has_tag", "value": "fly_down" }]
            },
            "event": "flight:remove_level",
            "target": "self"
          }
        ]
      }
    },

    "events": {
      "self:despawn": { "add": { "component_groups": ["self:despawn"] } },
      "diamondhead:darts": { "add": { "component_groups": ["diamondhead:darts"] } },
      "fourarms:clap_knockback": { "add": { "component_groups": ["fourarms:clap_knockback"] } },
      "fourarms:ground_slam": { "add": { "component_groups": ["fourarms:ground_slam"] } },
      "heatblast:take_off": { "add": { "component_groups": ["heatblast:take_off"] } },
      "jetray:flight": { "add": { "component_groups": ["jetray:flight"] } },
      "flight:add_level": { "add": { "component_groups": ["flight:level"] }, "remove": { "component_groups": ["flight:fall"] } },
      "flight:remove_level": { "add": { "component_groups": ["flight:fall"] }, "remove": { "component_groups": ["flight:level"] } },
      "shockrock:forcefield": { "add": { "component_groups": ["shockrock:forcefield"] } },
      "shockrock:blast": { "add": { "component_groups": ["shockrock:blast"] } },
      "shockrock:blast_aoe": { "add": { "component_groups": ["shockrock:blast_aoe"] } },
      "humungousaur:stomp": { "add": { "component_groups": ["humungousaur:stomp"] } },
      "humungousaur:tail_whip": { "add": { "component_groups": ["humungousaur:tail_whip"] } },
      "rath:roar": { "add": { "component_groups": ["rath:roar_knockback"] } },
      "cannonbolt:piledriver": { "add": { "component_groups": ["cannonbolt:piledriver"] } },
      "cannonbolt:slam": { "add": { "component_groups": ["cannonbolt:slam"] } }
    }
  }
}
