{
  "format_version": "1.16.0",
  "minecraft:entity": {
    "description": {
      "identifier": "minecraft:player",
      "is_spawnable": false,
      "is_summonable": false,
      "is_experimental": false,
      "animations": {
        "walk": "controller.animation.walk",
        "controller.player.basic": "controller.animation.player.basic",
        "controller.omnitrix": "controller.animation.omnitrix_use",
        "controller.quest": "controller.animation.quest.show",
        //Player
        "player_power": "animation.player_power",
        "player.revert": "controller.animation.player.revert", //To return to human
        "revert.player.anim": "animation.player.revert",
        "controller.armour": "controller.animation.player.armour",

        //Four Arms
        "fourarms.seismic_clap": "controller.animation.fourarms.seismic_clap", //Controller
        "seismic_clap.fourarms.anim": "animation.fourarms.seismic_clap",
        "fourarms.get_debris": "controller.animation.fourarms.get_debris", //Controller
        "get_debris.fourarms.anim": "animation.fourarms.get_debris",
        "fourarms.throw_debris": "controller.animation.fourarms.throw_debris", //Controller
        "debris_throw.fourarms.anim": "animation.fourarms.debris_throw",
        "debris_throw_fail.fourarms.anim": "animation.fourarms.debris_throw_fail",
        "fourarms.ground_slam": "controller.animation.fourarms.ground_slam", //Passive - needs revising
        "sneaking.fourarms.anim": "animation.fourarms.sneaking", //Passive
        "cooldown.fourarms.anim": "animation.fourarms.cooldown", //Passive
        //Quad Smack
        "quadsmack.seismic_clap": "controller.animation.quadsmack.seismic_clap", //Controller
        "seismic_clap.quadsmack.anim": "animation.quadsmack.seismic_clap",
        "quadsmack.get_debris": "controller.animation.quadsmack.get_debris", //Controller
        "get_debris.quadsmack.anim": "animation.quadsmack.get_debris",
        "quadsmack.throw_debris": "controller.animation.quadsmack.throw_debris", //Controller
        "debris_throw.quadsmack.anim": "animation.quadsmack.debris_throw",
        "debris_throw_fail.quadsmack.anim": "animation.quadsmack.debris_throw_fail",
        //Slapback
        "slapback.direct": "controller.animation.slapback.direct", //Controller
        "direct.slapback.anim": "animation.slapback.direct",
        "slapback.split": "controller.animation.slapback.split", //Controller
        "split.slapback.anim": "animation.slapback.split",
        "slapback.merge": "controller.animation.slapback.merge", //Controller
        "merge.slapback.anim": "animation.slapback.merge",
        "slapback.pickup": "controller.animation.slapback.pickup", //Controller
        "pickup.slapback.anim": "animation.slapback.pickup",
        "slapback.drop": "controller.animation.slapback.drop", //Controller
        "drop.slapback.anim": "animation.slapback.drop",
        "drop_fail.slapback.anim": "animation.slapback.drop_fail",
        "slapback.throw": "controller.animation.slapback.throw", //Controller
        "throw.slapback.anim": "animation.slapback.throw",
        "throw_fail.slapback.anim": "animation.slapback.throw_fail",
        "slapback.strength": "animation.slapback.strength", //Effect
        //XLR8
        "xlr8.tornado_throw": "controller.animation.xlr8.tornado_throw", //Controller
        "tornado.xlr8.anim": "animation.xlr8.tornado_throw",
        "xlr8.boost": "controller.animation.xlr8.boost", //Controller
        "boost.xlr8.anim": "animation.xlr8.boost",
        "xlr8.dodge": "controller.animation.xlr8.dodge", //Controller
        "dodge_left.xlr8.anim": "animation.xlr8.dodge_left",
        "dodge_right.xlr8.anim": "animation.xlr8.dodge_right",
        "xlr8.speed": "animation.xlr8.speed", //Effect
        //Rush
        "rush.tornado_throw": "controller.animation.rush.tornado_throw", //Controller
        "tornado.rush.anim": "animation.rush.tornado_throw",
        "rush.boost": "controller.animation.rush.boost", //Controller
        "boost.rush.anim": "animation.rush.boost",
        "rush.dodge": "controller.animation.rush.dodge", //Controller
        "dodge_left.rush.anim": "animation.rush.dodge_left",
        "dodge_right.rush.anim": "animation.rush.dodge_right",
        "rush.speed": "animation.rush.speed", //Effect
        //Jetray
        "jetray.lasers": "controller.animation.jetray.lasers", //Controller
        "lasers.jetray.anim": "animation.jetray.lasers",
        "jetray.drop_pickup": "controller.animation.jetray.drop_pickup", //Controller
        "drop.jetray.anim": "animation.jetray.drop",
        "drop_fail.jetray.anim": "animation.jetray.drop_fail",
        "pickup.jetray.anim": "animation.jetray.pickup",
        "pickup_fail.jetray.anim": "animation.jetray.pickup_fail",
        "jetray.flight": "controller.animation.jetray.flight", //Controller
        "flight.jetray.anim": "animation.jetray.flight",
        "flight_fail.jetray.anim": "animation.jetray.flight_fail",
        //Shock Rock
        "shockrock.forcefield": "controller.animation.shockrock.forcefield", //Controller
        "forcefield.shockrock.anim": "animation.shockrock.forcefield",
        "shockrock.blast": "controller.animation.shockrock.blast", //Controller
        "blast.shockrock.anim": "animation.shockrock.blast",
        "shockrock.charge": "controller.animation.shockrock.charge", //Controller
        "charge.shockrock.anim": "animation.shockrock.charge",
        "shockrock.bluemerang": "controller.animation.shockrock.bluemerang", //Controller
        "bluemerang.shockrock.anim": "animation.shockrock.bluemerang",
        //Diamondhead
        "diamondhead.darts": "controller.animation.diamondhead.darts", //Controller
        "darts.diamondhead.anim": "animation.diamondhead.darts",
        "diamondhead.line": "controller.animation.diamondhead.spikes_line", //Controller
        "spikes_line.diamondhead.anim": "animation.diamondhead.spikes_line",
        "diamondhead.circle": "controller.animation.diamondhead.spikes_circle", //Controller
        "spikes_circle.diamondhead.anim": "animation.diamondhead.spikes_circle",
        //Crystalfist
        "crystalfist.darts": "controller.animation.crystalfist.darts", //Controller
        "darts.crystalfist.anim": "animation.crystalfist.darts",
        "crystalfist.line": "controller.animation.crystalfist.spikes_line", //Controller
        "spikes_line.crystalfist.anim": "animation.crystalfist.spikes_line",
        "crystalfist.circle": "controller.animation.crystalfist.spikes_circle", //Controller
        "spikes_circle.crystalfist.anim": "animation.crystalfist.spikes_circle",
        //Heatblast
        "heatblast.fireball": "controller.animation.heatblast.fireball", //Controller
        "fireball.heatblast.anim": "animation.heatblast.fireball",
        "heatblast.flamethrower": "controller.animation.heatblast.flamethrower", //Controller
        "flamethrower.heatblast.anim": "animation.heatblast.flamethrower",
        "heatblast.take_off": "controller.animation.heatblast.take_off", //Controller
        "take_off.heatblast.anim": "animation.heatblast.take_off",
        "take_off_fail.heatblast.anim": "animation.heatblast.take_off_fail",
        //Cannonbolt
        "cannonbolt.transform": "controller.animation.cannonbolt.transform", //Controller
        "transform_stand.cannonbolt.anim": "animation.cannonbolt.transform_standing",
        "transform_ball.cannonbolt.anim": "animation.cannonbolt.transform_ball",
        "transform.cannonbolt.anim": "animation.cannonbolt.transform_item",
        "cannonbolt.piledriver": "controller.animation.cannonbolt.piledriver", //Controller
        "piledriver.cannonbolt.anim": "animation.cannonbolt.piledriver",
        "piledriver_fail.cannonbolt.anim": "animation.cannonbolt.piledriver_fail",
        "cannonbolt.slam": "controller.animation.cannonbolt.slam", //Controller
        "slam.cannonbolt.anim": "animation.cannonbolt.slam",
        "slam_fail.cannonbolt.anim": "animation.cannonbolt.slam_fail",
        "cannonbolt.tag": "controller.animation.cannonbolt.damage_tag", //Controller
        "ball_speed.cannonbolt.anim": "animation.cannonbolt.ball_speed", //Effect
        //Humungousaur
        "humungousaur.sonar_beam": "controller.animation.humungousaur.sonar_beam", //Controller
        "sonar.humungousaur.anim": "animation.humungousaur.sonar_beam",
        "humungousaur.stomp": "controller.animation.humungousaur.stomp", //Controller
        "stomp.humungousaur.anim": "animation.humungousaur.stomp",
        "humungousaur.tail_whip": "controller.animation.humungousaur.tail_whip", //Controller
        "tail_whip.humungousaur.anim": "animation.humungousaur.tail_whip",
        //Rath
        "rath.climb": "controller.animation.rath.climb", //Controller
        "climb.rath.anim": "animation.rath.climb",
        "rath.roar": "controller.animation.rath.roar", //Controller
        "roar.rath.anim": "animation.rath.roar",
        "rath.slash": "controller.animation.rath.slash", //Controller
        "slash.rath.anim": "animation.rath.slash",
        "rath.jump": "animation.rath.jump", //Effect
        "rath.double_jump": "controller.animation.rath.double_jump", //Passive
        "double_jump.rath.anim": "animation.rath.double_jump", //Passive
        //Flight
        "controller.flying": "controller.animation.flying",
        "fly.down": "animation.flying.down",
        "fly.up": "animation.flying.up",
        "fly.level": "animation.flying.level",
        //Gax
        "gax.lasers": "controller.animation.gax.lasers", //Controller
        "lasers.gax.anim": "animation.gax.lasers",
        "gax.jump": "animation.gax.jump", //Effect
        //Cooldown Refresh
        "controller.refresh": "controller.animation.player.login",
        "player.login": "animation.player.login",
        "refresh.heatblast.anim": "animation.heatblast.refresh",
        "refresh.slapback.anim": "animation.slapback.refresh",
        "refresh.diamondhead.anim": "animation.diamondhead.refresh",
        "refresh.xlr8.anim": "animation.xlr8.refresh",
        "refresh.rath.anim": "animation.rath.refresh",
        "refresh.fourarms.anim": "animation.fourarms.refresh",
        "refresh.humungousaur.anim": "animation.humungousaur.refresh",
        "refresh.jetray.anim": "animation.jetray.refresh",
        "refresh.shockrock.anim": "animation.shockrock.refresh",
        "refresh.cannonbolt.anim": "animation.cannonbolt.refresh",
        "refresh.gax.anim": "animation.gax.refresh",
        "refresh.quadsmack.anim": "animation.quadsmack.refresh",
        "refresh.rush.anim": "animation.rush.refresh",
        "refresh.crystalfist.anim": "animation.crystalfist.refresh",
        "refresh.gax.anim": "animation.gax.refresh"
      },
      "scripts": {
        "animate": [
          "walk",
          "controller.player.basic",
          "controller.omnitrix",
          "controller.quest",
          "controller.refresh",
          "player.revert",
          { "controller.armour": "query.variant != 0" },
          { "player_power": "query.variant == 0" },
          //Four Arms
          { "fourarms.seismic_clap": "query.variant == 6" },
          { "fourarms.get_debris": "query.variant == 6" },
          { "fourarms.throw_debris": "query.variant == 6" },
          { "fourarms.ground_slam": "query.variant == 6" },
          //XLR8
          { "xlr8.tornado_throw": "query.variant == 4" },
          { "xlr8.boost": "query.variant == 4" },
          { "xlr8.dodge": "query.variant == 4" },
          { "xlr8.speed": "query.variant == 4" },
          //Rath
          { "rath.jump": "query.variant == 5" },
          { "rath.double_jump": "query.variant == 5" },
          { "rath.roar": "query.variant == 5" },
          { "rath.slash": "query.variant == 5" },
          { "rath.climb": "query.variant == 5" },
          //Slapback
          { "slapback.direct": "query.variant == 2" },
          { "slapback.split": "query.variant == 2" },
          { "slapback.merge": "query.variant == 2" },
          { "slapback.pickup": "query.variant == 2" },
          { "slapback.throw": "query.variant == 2" },
          { "slapback.drop": "query.variant == 2" },
          { "slapback.strength": "query.variant == 2" },
          //Cannonbolt
          { "cannonbolt.transform": "query.variant == 10 || query.variant >= 14  || query.variant != 15" },
          { "cannonbolt.piledriver": "query.variant == 10 || query.variant >= 14" },
          { "cannonbolt.slam": "query.variant == 10 || query.variant >= 14" },
          { "cannonbolt.tag": "query.variant == 10 || query.variant >= 14" },
          //Humungousaur
          { "humungousaur.stomp": "query.variant == 7" },
          { "humungousaur.tail_whip": "query.variant == 7" },
          { "humungousaur.sonar_beam": "query.variant == 7" },
          //Shock Rock
          { "shockrock.bluemerang": "query.variant == 9" },
          { "shockrock.charge": "query.variant == 9" },
          { "shockrock.forcefield": "query.variant == 9" },
          { "shockrock.blast": "query.variant == 9" },
          //Diamondhead
          { "diamondhead.circle": "query.variant == 3" },
          { "diamondhead.line": "query.variant == 3" },
          { "diamondhead.darts": "query.variant == 3" },
          //Jetray
          { "jetray.lasers": "query.variant == 8  || query.variant != 15" },
          { "jetray.flight": "query.variant == 8" },
          { "jetray.drop_pickup": "query.variant == 8" },
          { "controller.flying": "query.variant == 8" },
          //Heatblast
          { "heatblast.fireball": "query.variant == 1" },
          { "heatblast.flamethrower": "query.variant == 1" },
          { "heatblast.take_off": "query.variant == 1" },
          //Quad Smack
          { "quadsmack.seismic_clap": "query.variant == 11" },
          { "quadsmack.get_debris": "query.variant == 11" },
          { "quadsmack.throw_debris": "query.variant == 11" },
          { "fourarms.ground_slam": "query.variant == 11" },
          //Rush
          { "rush.tornado_throw": "query.variant == 12" },
          { "rush.boost": "query.variant == 12" },
          { "rush.dodge": "query.variant == 12" },
          { "rush.speed": "query.variant == 12" },
          //Crystalfist
          { "crystalfist.circle": "query.variant == 13" },
          { "crystalfist.line": "query.variant == 13" },
          { "crystalfist.darts": "query.variant == 13" },
          //Gax
          { "gax.jump": "query.variant == 15" }
        ]
      }
    },

    "component_groups": {
      "minecraft:add_bad_omen": {
        "minecraft:spell_effects": {
          "add_effects": [
            {
              "effect": "bad_omen",
              "duration": 6000,
              "display_on_screen_animation": true
            }
          ]
        },
        "minecraft:timer": {
          "time": [0.0, 0.0],
          "looping": false,
          "time_down_event": {
            "event": "minecraft:clear_add_bad_omen",
            "target": "self"
          }
        }
      },
      "minecraft:clear_bad_omen_spell_effect": {
        "minecraft:spell_effects": {}
      },
      "minecraft:raid_trigger": {
        "minecraft:raid_trigger": { "triggered_event": { "event": "minecraft:remove_raid_trigger", "target": "self" } },
        "minecraft:spell_effects": { "remove_effects": "bad_omen" }
      },
      "blockception:no_alien": {
        "minecraft:variant": { "value": 0 },
        "minecraft:type_family": { "family": ["player", "hero", "no_alien"] },
        "minecraft:rideable": {
          "seat_count": 2,
          "family_types": ["parrot_tame"],
          "pull_in_entities": true,
          "seats": [
            {
              "position": [0.4, -0.2, -0.1],
              "min_rider_count": 0,
              "max_rider_count": 0,
              "lock_rider_rotation": 0
            },
            {
              "position": [-0.4, -0.2, -0.1],
              "min_rider_count": 1,
              "max_rider_count": 2,
              "lock_rider_rotation": 0
            }
          ]
        }
      },
      //Heatblast
      "blockception:heatblast": {
        "minecraft:variant": { "value": 1 },
        "minecraft:type_family": { "family": ["heatblast", "player_alien", "hero"] }
      },
      //Slapback
      "blockception:slapback": {
        "minecraft:variant": { "value": 2 },
        "minecraft:type_family": { "family": ["slapback", "player_alien", "hero"] },
        "minecraft:rideable": {
          "seat_count": 1,
          "family_types": ["slapback_duplicate"],
          "pull_in_entities": false,
          "seats": [{ "position": [0, -0.3, 0], "min_rider_count": 0, "max_rider_count": 1, "lock_rider_rotation": 0.0 }]
        }
      },
      //Diamondhead
      "blockception:diamondhead": {
        "minecraft:variant": { "value": 3 },
        "minecraft:type_family": { "family": ["diamondhead", "player_alien", "hero"] }
      },
      //XLR8
      "blockception:xlr8": {
        "minecraft:variant": { "value": 4 },
        "minecraft:type_family": { "family": ["xlr8", "player_alien", "hero"] }
      },
      //Rath
      "blockception:rath": {
        "minecraft:variant": { "value": 5 },
        "minecraft:knockback_resistance": { "value": 5 },
        "minecraft:type_family": { "family": ["rath", "player_alien", "hero"] }
      },
      //Fourarms
      "blockception:fourarms": {
        "minecraft:variant": { "value": 6 },
        "minecraft:type_family": { "family": ["four_arms", "player_alien", "hero"] },
        "minecraft:knockback_resistance": { "value": 0.6 },
        "minecraft:attack": { "damage": 5 },
        "minecraft:rideable": {
          "seat_count": 1,
          "family_types": ["debris"],
          "pull_in_entities": false,
          "seats": [{ "position": [-0.25, 1.0, 0.5], "min_rider_count": 1, "max_rider_count": 1 }]
        }
      },
      //Humungousaur
      "blockception:humungousaur": {
        "minecraft:variant": { "value": 7 },
        "minecraft:knockback_resistance": { "value": 0.7 },
        "minecraft:type_family": { "family": ["humungousaur", "player_alien", "hero"] }
      },
      //Jetray
      "blockception:jetray": {
        "minecraft:variant": { "value": 8 },
        "minecraft:type_family": { "family": ["jetray", "player_alien", "hero"] },
        "minecraft:rideable": {
          "seat_count": 1,
          "family_types": ["enemy"],
          "pull_in_entities": false,
          "seats": [{ "position": [0, -0.5, 0], "min_rider_count": 1, "max_rider_count": 1 }]
        }
      },
      //Shockrock
      "blockception:shockrock": {
        "minecraft:variant": { "value": 9 },
        "minecraft:type_family": { "family": ["shockrock", "player_alien", "hero"] },
        "minecraft:knockback_resistance": { "value": 0.5 }
      },
      //Cannonbolt
      "blockception:cannonbolt": {
        "minecraft:variant": { "value": 10 },
        "minecraft:type_family": { "family": ["cannonbolt", "player_alien", "hero"] },
        "minecraft:knockback_resistance": { "value": 0.5 },
        "minecraft:area_attack": {
          "cause": "contact",
          "damage_per_tick": 3,
          "damage_range": 0.6,
          "entity_filter": {
            "all_of": [
              { "test": "has_tag", "subject": "self", "value": "cb_damage" },
              { "test": "is_family", "subject": "other", "value": "enemy" }
            ]
          }
        }
      },
      //Quadsmack
      "blockception:quadsmack": {
        "minecraft:variant": { "value": 11 },
        "minecraft:type_family": { "family": ["quadsmack", "player_alien", "hero"] },
        "minecraft:knockback_resistance": { "value": 0.5 }
      },
      //Rush
      "blockception:rush": {
        "minecraft:variant": { "value": 12 },
        "minecraft:type_family": { "family": ["rush", "player_alien", "hero"] }
      },
      //CrystalFist
      "blockception:crystalfist": {
        "minecraft:variant": { "value": 13 },
        "minecraft:type_family": { "family": ["crystalfist", "player_alien", "hero"] },
        "minecraft:knockback_resistance": { "value": 0.5 }
      },
      //Wreckingbolt
      "blockception:wreckingbolt": {
        "minecraft:variant": { "value": 14 },
        "minecraft:type_family": { "family": ["wreckingbolt", "player_alien", "hero"] },
        "minecraft:knockback_resistance": { "value": 0.5 },
        "minecraft:area_attack": {
          "cause": "contact",
          "damage_per_tick": 3,
          "damage_range": 0.6,
          "entity_filter": {
            "all_of": [
              { "test": "has_tag", "subject": "self", "value": "cb_damage" },
              { "test": "is_family", "subject": "other", "value": "enemy" }
            ]
          }
        }
      },
      
      //Gax
      "blockception:gax": {
        "minecraft:variant": { "value": 15 },
        "minecraft:type_family": { "family": ["gax", "player_alien", "hero"] },
        "minecraft:knockback_resistance": { "value": 0.7 },
        "minecraft:attack": { "damage": 7 }
      },

      "cannonbolt:ball": {
        "minecraft:is_baby": {}
      },
      //Abillities
      "player:ability": { "minecraft:is_charged": {} },
      //fourarms
      "fourarms:seismic_clap": {
        "minecraft:spawn_entity": {
          "entities": { "min_wait_time": 0, "max_wait_time": 0, "num_to_spawn": 1, "single_use": true, "spawn_entity": "blockception:seismic_clap" }
        }
      },
      "fourarms:debris_throw": {
        "minecraft:spawn_entity": {
          "entities": { "min_wait_time": 0, "max_wait_time": 0, "num_to_spawn": 1, "single_use": true, "spawn_entity": "blockception:thrown_debris" }
        }
      },
      "fourarms:has_rock": {
        "minecraft:is_illager_captain": {}
      },
      //Slapback
      "slapback:throw_half": {
        "minecraft:spawn_entity": {
          "entities": {
            "min_wait_time": 0,
            "max_wait_time": 0,
            "num_to_spawn": 1,
            "single_use": true,
            "spawn_entity": "blockception:slapback_thrown",
            "spawn_event": "slapback:half"
          }
        }
      },
      "slapback:throw_quarter": {
        "minecraft:spawn_entity": {
          "entities": {
            "min_wait_time": 0,
            "max_wait_time": 0,
            "num_to_spawn": 1,
            "single_use": true,
            "spawn_entity": "blockception:slapback_thrown",
            "spawn_event": "slapback:quarter"
          }
        }
      },
      "slapback:throw_eighth": {
        "minecraft:spawn_entity": {
          "entities": {
            "min_wait_time": 0,
            "max_wait_time": 0,
            "num_to_spawn": 1,
            "single_use": true,
            "spawn_entity": "blockception:slapback_thrown",
            "spawn_event": "slapback:eighth"
          }
        }
      },
      "slapback:scale_full": { "minecraft:scale": { "value": 1 } },
      "slapback:scale_half": { "minecraft:scale": { "value": 0.8 } },
      "slapback:scale_quarter": { "minecraft:scale": { "value": 0.65 } },
      "slapback:scale_eighth": { "minecraft:scale": { "value": 0.5 } },
      //XLR8
      "xlr8:tornado_throw": {
        "minecraft:spawn_entity": {
          "entities": { "min_wait_time": 0, "max_wait_time": 0, "num_to_spawn": 1, "single_use": true, "spawn_entity": "blockception:tornado_thrown" }
        }
      },
      //JetRay
      "jetray:lasers": {
        "minecraft:spawn_entity": {
          "entities": { "min_wait_time": 0, "max_wait_time": 0, "num_to_spawn": 1, "single_use": true, "spawn_entity": "blockception:jetray_lasers" }
        }
      },
      //Shockrock
      "shockrock:bluemerang": {
        "minecraft:spawn_entity": {
          "entities": {
            "min_wait_time": 0,
            "max_wait_time": 0,
            "num_to_spawn": 1,
            "single_use": true,
            "spawn_entity": "blockception:shockrock_bluemerang"
          }
        }
      },
      "shockrock:blast": {
        "minecraft:spawn_entity": {
          "entities": {
            "min_wait_time": 0,
            "max_wait_time": 0,
            "num_to_spawn": 1,
            "single_use": true,
            "spawn_entity": "blockception:dummy",
            "spawn_event": "shockrock:blast"
          }
        }
      },
      "shockrock:charging": {
        "minecraft:is_charged": {}
      },
      //Heatblast
      "heatblast:fireball": {
        "minecraft:spawn_entity": {
          "entities": {
            "min_wait_time": 0,
            "max_wait_time": 0,
            "num_to_spawn": 1,
            "single_use": true,
            "spawn_entity": "blockception:heatblast_fireball"
          }
        }
      },
      "heatblast:flamethrower": {
        "minecraft:spawn_entity": {
          "entities": {
            "min_wait_time": 0,
            "max_wait_time": 0,
            "num_to_spawn": 1,
            "single_use": true,
            "spawn_entity": "blockception:heatblast_flamethrower"
          }
        }
      },
      //Diamondhead
      "diamondhead:darts": {
        "minecraft:spawn_entity": {
          "entities": {
            "min_wait_time": 0,
            "max_wait_time": 0,
            "num_to_spawn": 9,
            "single_use": true,
            "spawn_entity": "blockception:diamondhead_dart"
          }
        }
      },
      //Crystalfist
      "crystalfist:darts": {
        "minecraft:spawn_entity": {
          "entities": {
            "min_wait_time": 0,
            "max_wait_time": 0,
            "num_to_spawn": 9,
            "single_use": true,
            "spawn_entity": "blockception:crystalfist_dart"
          }
        }
      },
      //Rath
      "rath:roar": {
        "minecraft:spawn_entity": {
          "entities": {
            "min_wait_time": 0,
            "max_wait_time": 0,
            "num_to_spawn": 1,
            "single_use": true,
            "spawn_entity": "blockception:dummy",
            "spawn_event": "rath:roar"
          }
        }
      },
      "rath:slash": {
        "minecraft:area_attack": {
          "cause": "contact",
          "damage_per_tick": 3,
          "damage_range": 2.5,
          "entity_filter": {
            "any_of": [
              { "test": "is_family", "subject": "other", "value": "enemy" },
              { "test": "is_family", "subject": "other", "value": "boss" },
              { "test": "is_family", "subject": "other", "value": "villain" }
            ]
          }
        }
      },
      "rath:climb": {
        "minecraft:spawn_entity": {
          "entities": {
            "min_wait_time": 0,
            "max_wait_time": 0,
            "num_to_spawn": 1,
            "single_use": true,
            "spawn_entity": "blockception:rath_climb_projectile"
          }
        }
      },
      //Humungousaur
      "humungousaur:stomp": {
        "minecraft:spawn_entity": {
          "entities": {
            "min_wait_time": 0,
            "max_wait_time": 0,
            "num_to_spawn": 1,
            "single_use": true,
            "spawn_entity": "blockception:dummy",
            "spawn_event": "humungousaur:stomp"
          }
        }
      },
      "humungousaur:laser": {
        "minecraft:spawn_entity": {
          "entities": {
            "min_wait_time": 0,
            "max_wait_time": 0,
            "num_to_spawn": 1,
            "single_use": true,
            "spawn_entity": "blockception:humungousaur_laser"
          }
        }
      },
      //Cannonbolt
      "cannonbolt:piledriver": {
        "minecraft:spawn_entity": {
          "entities": {
            "min_wait_time": 0,
            "max_wait_time": 0,
            "num_to_spawn": 1,
            "single_use": true,
            "spawn_entity": "blockception:dummy",
            "spawn_event": "cannonbolt:piledriver"
          }
        }
      },
      "ben:normal": { "minecraft:variant": { "value": 20 } },
      "ben:alien_force": { "minecraft:variant": { "value": 21 } },
      "ben:omniverse": { "minecraft:variant": { "value": 22 } },
      "ben:reboot": { "minecraft:variant": { "value": 23 } },
      "gwen:normal": { "minecraft:variant": { "value": 24 } },
      "kevin:normal": { "minecraft:variant": { "value": 25 } },
      "player:transforming_alien": {
        "minecraft:spell_effects": {
          "add_effects": [
            {
              "effect": "bad_omen",
              "duration": 1,
              "display_on_screen_animation": true,
              "visible": false
            }
          ]
        },
        "minecraft:timer": {
          "time": 0.0,
          "looping": false,
          "time_down_event": {
            "event": "player:remove_transform_alien",
            "target": "self"
          }
        }
      },
      "player:transforming_human": {
        "minecraft:spell_effects": {
          "add_effects": [
            {
              "effect": "village_hero",
              "duration": 1,
              "display_on_screen_animation": true,
              "visible": false
            }
          ]
        },
        "minecraft:timer": {
          "time": 0.0,
          "looping": false,
          "time_down_event": {
            "event": "player:remove_transform_human",
            "target": "self"
          }
        }
      }
    },

    "components": {
      "minecraft:experience_reward": { "on_death": "Math.min(query.player_level * 7, 100)" },
      "minecraft:is_hidden_when_invisible": {},
      "minecraft:loot": { "table": "loot_tables/empty.json" },
      "minecraft:collision_box": { "width": 0.6, "height": 1.8 },
      "minecraft:can_climb": {},
      "minecraft:variant": { "value": 0 },
      "minecraft:type_family": { "family": ["player", "hero"] },

      "minecraft:hurt_on_condition": {
        "damage_conditions": [
          {
            "filters": { "test": "in_lava", "subject": "self", "operator": "==", "value": true },
            "cause": "lava",
            "damage_per_tick": 4
          }
        ]
      },
      "minecraft:attack": { "damage": 1 },
      "minecraft:player.saturation": { "value": 20 },
      "minecraft:player.exhaustion": { "value": 0, "max": 4 },
      "minecraft:player.level": { "value": 0, "max": 24791 },
      "minecraft:player.experience": { "value": 0, "max": 1 },

      "minecraft:breathable": {
        "total_supply": 15,
        "suffocate_time": -1,
        "inhale_time": 3.75,
        "generates_bubbles": false
      },
      "minecraft:nameable": { "always_show": true, "allow_name_tag_renaming": false },
      "minecraft:physics": {},
      "minecraft:pushable": { "is_pushable": false, "is_pushable_by_piston": true },
      "minecraft:insomnia": { "days_until_insomnia": 3 },

      "minecraft:conditional_bandwidth_optimization": {},
      "minecraft:scaffolding_climber": {},

      "minecraft:damage_sensor": {
        "triggers": [
          {
            "on_damage": {
              "filters": {
                "any_of": [
                  { "test": "has_damage", "subject": "self", "value": "fall" },
                  { "test": "is_family", "subject": "other", "value": "non_damaging" },
                  { "test": "is_family", "subject": "other", "value": "friendly" },
                  {
                    "all_of": [
                      { "test": "is_family", "subject": "self", "value": "heatblast" },
                      {
                        "any_of": [
                          { "test": "has_damage", "subject": "self", "value": "fire" },
                          { "test": "has_damage", "subject": "self", "value": "fire_tick" }
                        ]
                      }
                    ]
                  }
                ]
              }
            },
            "deals_damage": false
          }
        ]
      },
      "minecraft:environment_sensor": {
        "triggers": [
          {
            "filters": {
              "all_of": [
                { "test": "has_mob_effect", "subject": "self", "value": "bad_omen" },
                { "test": "is_in_village", "subject": "self", "value": true }
              ]
            },
            "event": "minecraft:trigger_raid"
          }
        ]
      }
    },

    "events": {
      "minecraft:gain_bad_omen": { "add": { "component_groups": ["minecraft:add_bad_omen"] } },
      "minecraft:clear_add_bad_omen": {
        "remove": { "component_groups": ["minecraft:add_bad_omen"] },
        "add": { "component_groups": ["minecraft:clear_bad_omen_spell_effect"] }
      },
      "minecraft:trigger_raid": { "add": { "component_groups": ["minecraft:raid_trigger"] } },
      "minecraft:remove_raid_trigger": { "remove": { "component_groups": ["minecraft:raid_trigger"] } },
      //Aliens
      "omnitrix:no_alien": { "add": { "component_groups": ["blockception:no_alien"] }, "remove": { "component_groups": ["player:ability"] } },
      "omnitrix:add1": { "add": { "component_groups": ["blockception:heatblast", "player:transforming_alien"] } },
      "omnitrix:add2": { "add": { "component_groups": ["blockception:slapback", "player:transforming_alien"] } },
      "omnitrix:add3": { "add": { "component_groups": ["blockception:diamondhead", "player:transforming_alien"] } },
      "omnitrix:add4": { "add": { "component_groups": ["blockception:xlr8", "player:transforming_alien"] } },
      "omnitrix:add5": { "add": { "component_groups": ["blockception:rath", "player:transforming_alien"] } },
      "omnitrix:add6": { "add": { "component_groups": ["blockception:fourarms", "player:transforming_alien"] } },
      "omnitrix:add7": { "add": { "component_groups": ["blockception:humungousaur", "player:transforming_alien"] } },
      "omnitrix:add8": { "add": { "component_groups": ["blockception:jetray", "player:transforming_alien"] } },
      "omnitrix:add9": { "add": { "component_groups": ["blockception:shockrock", "player:transforming_alien"] } },
      "omnitrix:add10": { "add": { "component_groups": ["blockception:cannonbolt", "player:transforming_alien"] } },
      "omnitrix:add11": { "add": { "component_groups": ["blockception:quadsmack", "player:transforming_alien"] } },
      "omnitrix:add12": { "add": { "component_groups": ["blockception:rush", "player:transforming_alien"] } },
      "omnitrix:add13": { "add": { "component_groups": ["blockception:crystalfist", "player:transforming_alien"] } },
      "omnitrix:add14": { "add": { "component_groups": ["blockception:wreckingbolt", "player:transforming_alien"] } },
      "omnitrix:add15": { "add": { "component_groups": ["blockception:gax", "player:transforming_alien"] } },
      "omnitrix:clear_alien": {
        "sequence": [
          {
            "remove": {
              "component_groups": [
                "blockception:heatblast",
                "blockception:slapback",
                "blockception:diamondhead",
                "blockception:xlr8",
                "blockception:rath",
                "blockception:fourarms",
                "blockception:humungousaur",
                "blockception:jetray",
                "blockception:shockrock",
                "blockception:cannonbolt",
                "blockception:quadsmack",
                "blockception:rush",
                "blockception:crystalfist",
                "blockception:wreckingbolt",
                "blockception:gax"
              ]
            }
          },
          { "add": { "component_groups": ["blockception:no_alien", "player:transforming_human"] } }
        ]
      },
      //Four Arms
      "fourarms:seismic_clap": {
        "add": { "component_groups": ["fourarms:seismic_clap"] },
        "remove": { "component_groups": ["fourarms:seismic_clap"] }
      },
      "fourarms:debris_throw": {
        "add": { "component_groups": ["fourarms:debris_throw"] },
        "remove": { "component_groups": ["fourarms:debris_throw"] }
      },
      "fourarms:has_rock": { "add": { "component_groups": ["fourarms:has_rock"] } },
      "fourarms:remove_rock": { "remove": { "component_groups": ["fourarms:has_rock"] } },
      //Slapback
      "slapback:half_throw": { "add": { "component_groups": ["slapback:throw_half"] }, "remove": { "component_groups": ["slapback:throw_half"] } },
      "slapback:quarter_throw": {
        "add": { "component_groups": ["slapback:throw_quarter"] },
        "remove": { "component_groups": ["slapback:throw_quarter"] }
      },
      "slapback:eighth_throw": {
        "add": { "component_groups": ["slapback:throw_eighth"] },
        "remove": { "component_groups": ["slapback:throw_eighth"] }
      },
      //XLR8
      "xlr8:tornado_throw": { "add": { "component_groups": ["xlr8:tornado_throw"] }, "remove": { "component_groups": ["xlr8:tornado_throw"] } },
      //Diamondhead
      "diamondhead:throw_darts": {
        "add": { "component_groups": ["diamondhead:darts"] },
        "remove": { "component_groups": ["diamondhead:darts"] }
      },
      //Crystalfist
      "crystalfist:throw_darts": {
        "add": { "component_groups": ["crystalfist:darts"] },
        "remove": { "component_groups": ["crystalfist:darts"] }
      },
      //Jetray
      "jetray:lasers": { "add": { "component_groups": ["jetray:lasers"] }, "remove": { "component_groups": ["jetray:lasers"] } },
      //Shock Rock
      "shockrock:bluemerang": { "add": { "component_groups": ["shockrock:bluemerang"] }, "remove": { "component_groups": ["shockrock:bluemerang"] } },
      "shockrock:add_charge": { "add": { "component_groups": ["shockrock:charging"] } },
      "shockrock:remove_charge": { "remove": { "component_groups": ["shockrock:charging"] } },
      "shockrock:blast": { "add": { "component_groups": ["shockrock:blast"] }, "remove": { "component_groups": ["shockrock:blast"] } },
      //Heatblast
      "heatblast:fireball": { "add": { "component_groups": ["heatblast:fireball"] }, "remove": { "component_groups": ["heatblast:fireball"] } },
      "heatblast:flamethrower": {
        "add": { "component_groups": ["heatblast:flamethrower"] },
        "remove": { "component_groups": ["heatblast:flamethrower"] }
      },
      //Humungousaur
      "humungousaur:stomp": { "add": { "component_groups": ["humungousaur:stomp"] }, "remove": { "component_groups": ["humungousaur:stomp"] } },
      "humungousaur:sonar_beam": { "add": { "component_groups": ["humungousaur:laser"] }, "remove": { "component_groups": ["humungousaur:laser"] } },
      //Rath
      "rath:roar": { "add": { "component_groups": ["rath:roar"] }, "remove": { "component_groups": ["rath:roar"] } },
      "rath:climb": { "add": { "component_groups": ["rath:climb"] }, "remove": { "component_groups": ["rath:climb"] } },
      "rath:slash_damage": { "add": { "component_groups": ["rath:slash"] } },
      "rath:remove_slash_damage": { "remove": { "component_groups": ["rath:slash"] } },
      //Cannonbolt
      "cannonbolt:piledriver": {
        "add": { "component_groups": ["cannonbolt:piledriver"] },
        "remove": { "component_groups": ["cannonbolt:piledriver"] }
      },
      "cannonbolt:transform_ball": { "add": { "component_groups": ["cannonbolt:ball"] } },
      "cannonbolt:transform_standing": { "remove": { "component_groups": ["cannonbolt:ball"] } },
      //General Player
      "player:is_using_ability": { "add": { "component_groups": ["player:ability"] } },
      "player:not_using_ability": { "remove": { "component_groups": ["player:ability"] } },
      //Misc
      "self:ben_normal": { "add": { "component_groups": ["ben:normal"] } },
      "self:ben_alienforce": { "add": { "component_groups": ["ben:alien_force"] } },
      "self:ben_omniverse": { "add": { "component_groups": ["ben:omniverse"] } },
      "self:ben_reboot": { "add": { "component_groups": ["ben:reboot"] } },
      "self:gwen_normal": { "add": { "component_groups": ["gwen:normal"] } },
      "self:kevin_normal": { "add": { "component_groups": ["kevin:normal"] } },
      //Transform
      "player:transform_alien": { "add": { "component_groups": ["player:transforming_alien"] } },
      "player:remove_transform_alien": { "remove": { "component_groups": ["player:transforming_alien"] } },
      "player:transform_human": { "add": { "component_groups": ["player:transforming_human"] } },
      "player:remove_transform_human": { "remove": { "component_groups": ["player:transforming_human"] } }
    }
  }
}
