{
  "format_version": "1.12.0",
  "minecraft:geometry": [
    {
      "description": {
        "identifier": "geometry.lwp_corruptedbunbun1",
        "texture_width": 64,
        "texture_height": 64,
        "visible_bounds_width": 2,
        "visible_bounds_height": 3.5,
        "visible_bounds_offset": [
          0,
          1.25,
          0
        ]
      },
      "bones": [
        {
          "name": "Body",
          "cubes": [
            {
              "origin": [
                -4.0,
                7.0,
                -2.0
              ],
              "size": [
                7.0,
                11.0,
                4.0
              ],
              "uv": [
                0,
                14
              ],
              "inflate": 0
            },
            {
              "origin": [
                -1.5,
                8.0,
                2.0
              ],
              "size": [
                2.0,
                2.0,
                2.0
              ],
              "uv": [
                28,
                9
              ],
              "inflate": 0
            },
            {
              "origin": [
                -1.5,
                18.0,
                -1.0
              ],
              "size": [
                2.0,
                1.0,
                2.0
              ],
              "uv": [
                28,
                13
              ],
              "inflate": 0
            }
          ]
        },
        {
          "name": "Head",
          "pivot": [
            -0.5,
            19,
            0
          ],
          "cubes": [
            {
              "origin": [
                -4.0,
                19.0,
                -3.5
              ],
              "size": [
                7.0,
                7.0,
                7.0
              ],
              "uv": [
                0,
                0
              ],
              "inflate": 0
            },
            {
              "origin": [
                -4.0,
                26.0,
                -0.5
              ],
              "size": [
                2.0,
                7.0,
                1.0
              ],
              "uv": [
                14,
                29
              ],
              "inflate": 0
            },
            {
              "origin": [
                1.0,
                26.0,
                -0.5
              ],
              "size": [
                2.0,
                7.0,
                1.0
              ],
              "uv": [
                8,
                29
              ],
              "inflate": 0
            }
          ],
          "locators": {}
        },
        {
          "name": "Rightleg",
          "pivot": [
            2,
            7,
            0
          ],
          "cubes": [
            {
              "origin": [
                1.0,
                0.0,
                -1.0
              ],
              "size": [
                2.0,
                7.0,
                2.0
              ],
              "uv": [
                28,
                0
              ],
              "inflate": 0
            }
          ],
          "locators": {}
        },
        {
          "name": "Leftleg",
          "pivot": [
            -3,
            7,
            0
          ],
          "cubes": [
            {
              "origin": [
                -4.0,
                0.0,
                -1.0
              ],
              "size": [
                2.0,
                7.0,
                2.0
              ],
              "uv": [
                28,
                0
              ],
              "inflate": 0
            }
          ],
          "locators": {}
        },
        {
          "name": "Rightarm",
          "pivot": [
            3.5,
            17,
            0
          ],
          "cubes": [
            {
              "origin": [
                6.0,
                8.0,
                -1.0
              ],
              "size": [
                2.0,
                8.0,
                2.0
              ],
              "pivot": [
                0.0,
                0.0,
                0.0
              ],
              "rotation": [
                0.0,
                0.0,
                -12.5
              ],
              "uv": [
                22,
                14
              ],
              "inflate": 0
            }
          ],
          "locators": {}
        },
        {
          "name": "Leftarm",
          "pivot": [
            -4.5,
            17,
            0
          ],
          "cubes": [
            {
              "origin": [
                -9.0,
                8.0,
                -1.0
              ],
              "size": [
                2.0,
                8.0,
                2.0
              ],
              "pivot": [
                0.0,
                0.0,
                0.0
              ],
              "rotation": [
                0.0,
                0.0,
                12.5
              ],
              "uv": [
                22,
                24
              ],
              "inflate": 0
            }
          ],
          "locators": {}
        }
      ]
    }
  ]
}