{
  "format_version": "1.12.0",
  "minecraft:geometry": [
    {
      "description": {
        "identifier": "geometry.lwp_corrupbunbun",
        "texture_width": 128,
        "texture_height": 128,
        "visible_bounds_width": 3,
        "visible_bounds_height": 4.5,
        "visible_bounds_offset": [
          0,
          1.75,
          0
        ]
      },
      "bones": [
        {
          "name": "Body",
          "cubes": [
            {
              "origin": [
                -10.0,
                0.0,
                -10.0
              ],
              "size": [
                20.0,
                3.0,
                21.0
              ],
              "uv": [
                0,
                0
              ],
              "inflate": 0
            },
            {
              "origin": [
                -9.0,
                3.0,
                -9.0
              ],
              "size": [
                18.0,
                3.0,
                19.0
              ],
              "uv": [
                0,
                24
              ],
              "inflate": 0
            },
            {
              "origin": [
                -8.0,
                6.0,
                -8.0
              ],
              "size": [
                16.0,
                3.0,
                17.0
              ],
              "uv": [
                0,
                46
              ],
              "inflate": 0
            },
            {
              "origin": [
                -7.0,
                9.0,
                -7.0
              ],
              "size": [
                14.0,
                3.0,
                15.0
              ],
              "uv": [
                51,
                51
              ],
              "inflate": 0
            },
            {
              "origin": [
                -6.0,
                12.0,
                -6.0
              ],
              "size": [
                12.0,
                3.0,
                13.0
              ],
              "uv": [
                55,
                24
              ],
              "inflate": 0
            },
            {
              "origin": [
                -5.0,
                15.0,
                -5.0
              ],
              "size": [
                10.0,
                6.0,
                11.0
              ],
              "uv": [
                61,
                0
              ],
              "inflate": 0
            }
          ]
        },
        {
          "name": "Head",
          "pivot": [
            0,
            21,
            0
          ],
          "cubes": [
            {
              "origin": [
                -5.0,
                33.0,
                0.0
              ],
              "size": [
                3.0,
                13.0,
                1.0
              ],
              "uv": [
                8,
                0
              ],
              "inflate": 0
            },
            {
              "origin": [
                2.0,
                33.0,
                0.0
              ],
              "size": [
                3.0,
                13.0,
                1.0
              ],
              "uv": [
                0,
                0
              ],
              "inflate": 0
            },
            {
              "origin": [
                -6.0,
                21.0,
                -6.0
              ],
              "size": [
                12.0,
                12.0,
                13.0
              ],
              "uv": [
                0,
                66
              ],
              "inflate": 0
            }
          ],
          "locators": {}
        }
      ]
    }
  ]
}