{
  "format_version": "1.12.0",
  "minecraft:geometry": [
    {
      "description": {
        "identifier": "geometry.lwp_corruptedjake",
        "texture_width": 128,
        "texture_height": 128,
        "visible_bounds_width": 3,
        "visible_bounds_height": 2.5,
        "visible_bounds_offset": [
          0,
          0.75,
          0
        ]
      },
      "bones": [
        {
          "name": "Leftarm",
          "pivot": [
            -5,
            15,
            0
          ],
          "cubes": [
            {
              "origin": [
                1.0,
                9.0,
                -1.0
              ],
              "size": [
                11.0,
                2.0,
                2.0
              ],
              "pivot": [
                0.0,
                0.0,
                0.0
              ],
              "rotation": [
                0.0,
                0.0,
                -65.0
              ],
              "uv": [
                48,
                28
              ],
              "inflate": 0
            },
            {
              "origin": [
                -11.5,
                -2.0,
                -1.5
              ],
              "size": [
                3.0,
                3.0,
                3.0
              ],
              "pivot": [
                0.0,
                0.0,
                0.0
              ],
              "rotation": [
                0.0,
                0.0,
                25.0
              ],
              "uv": [
                0,
                6
              ],
              "inflate": 0
            }
          ],
          "locators": {}
        },
        {
          "name": "Rightarm",
          "pivot": [
            5,
            15,
            0
          ],
          "cubes": [
            {
              "origin": [
                2.0,
                -10.5,
                -1.0
              ],
              "size": [
                11.0,
                2.0,
                2.0
              ],
              "pivot": [
                0.0,
                0.0,
                0.0
              ],
              "rotation": [
                0.0,
                0.0,
                -110.0
              ],
              "uv": [
                36,
                38
              ],
              "inflate": 0
            },
            {
              "origin": [
                8.0,
                -1.0,
                -1.5
              ],
              "size": [
                3.0,
                3.0,
                3.0
              ],
              "pivot": [
                0.0,
                0.0,
                0.0
              ],
              "rotation": [
                0.0,
                0.0,
                -20.0
              ],
              "uv": [
                0,
                0
              ],
              "inflate": 0
            }
          ],
          "locators": {}
        },
        {
          "name": "Head",
          "pivot": [
            0,
            9,
            0
          ],
          "cubes": [
            {
              "origin": [
                -5.0,
                9.0,
                -5.0
              ],
              "size": [
                10.0,
                13.0,
                10.0
              ],
              "uv": [
                38,
                45
              ],
              "inflate": 0
            },
            {
              "origin": [
                -4.0,
                22.0,
                -4.0
              ],
              "size": [
                8.0,
                1.0,
                8.0
              ],
              "uv": [
                48,
                19
              ],
              "inflate": 0
            },
            {
              "origin": [
                -1.0,
                15.0,
                -6.0
              ],
              "size": [
                2.0,
                2.0,
                1.0
              ],
              "uv": [
                9,
                0
              ],
              "inflate": 0
            },
            {
              "origin": [
                -0.5,
                17.0,
                -7.0
              ],
              "size": [
                1.0,
                1.0,
                1.0
              ],
              "uv": [
                9,
                6
              ],
              "inflate": 0
            }
          ],
          "locators": {}
        },
        {
          "name": "Body",
          "cubes": [
            {
              "origin": [
                -9.0,
                0.0,
                -9.0
              ],
              "size": [
                18.0,
                1.0,
                18.0
              ],
              "uv": [
                0,
                0
              ],
              "inflate": 0
            },
            {
              "origin": [
                -8.0,
                1.0,
                -8.0
              ],
              "size": [
                16.0,
                3.0,
                16.0
              ],
              "uv": [
                0,
                19
              ],
              "inflate": 0
            },
            {
              "origin": [
                -6.0,
                4.0,
                -6.0
              ],
              "size": [
                12.0,
                5.0,
                12.0
              ],
              "uv": [
                0,
                38
              ],
              "inflate": 0
            }
          ]
        }
      ]
    }
  ]
}