{
  "format_version": "1.12.0",
  "minecraft:geometry": [
    {
      "description": {
        "identifier": "geometry.lwp_corruptedspongebob",
        "texture_width": 128,
        "texture_height": 128,
        "visible_bounds_width": 3,
        "visible_bounds_height": 2.5,
        "visible_bounds_offset": [
          0,
          0.75,
          0
        ]
      },
      "bones": [
        {
          "name": "bb_main",
          "cubes": [
            {
              "origin": [
                -10.0,
                0.0,
                -9.0
              ],
              "size": [
                20.0,
                2.0,
                21.0
              ],
              "uv": [
                0,
                0
              ],
              "inflate": 0
            },
            {
              "origin": [
                -8.0,
                2.0,
                -7.0
              ],
              "size": [
                16.0,
                2.0,
                17.0
              ],
              "uv": [
                0,
                23
              ],
              "inflate": 0
            },
            {
              "origin": [
                -7.0,
                4.0,
                -5.0
              ],
              "size": [
                14.0,
                2.0,
                14.0
              ],
              "uv": [
                0,
                42
              ],
              "inflate": 0
            },
            {
              "origin": [
                3.0,
                7.0,
                -3.0
              ],
              "size": [
                1.0,
                1.0,
                3.0
              ],
              "uv": [
                12,
                8
              ],
              "inflate": 0
            },
            {
              "origin": [
                3.0,
                6.0,
                -3.0
              ],
              "size": [
                1.0,
                2.0,
                1.0
              ],
              "uv": [
                0,
                16
              ],
              "inflate": 0
            },
            {
              "origin": [
                -5.0,
                7.0,
                0.0
              ],
              "size": [
                10.0,
                15.0,
                3.0
              ],
              "uv": [
                53,
                55
              ],
              "inflate": 0
            },
            {
              "origin": [
                -6.0,
                6.0,
                -3.0
              ],
              "size": [
                4.0,
                1.0,
                10.0
              ],
              "uv": [
                42,
                42
              ],
              "inflate": 0
            },
            {
              "origin": [
                -12.0,
                12.0,
                1.0
              ],
              "size": [
                5.0,
                1.0,
                1.0
              ],
              "pivot": [
                0.0,
                0.0,
                0.0
              ],
              "rotation": [
                0.0,
                0.0,
                10.0
              ],
              "uv": [
                7,
                6
              ],
              "inflate": 0
            },
            {
              "origin": [
                -9.0,
                11.0,
                0.0
              ],
              "size": [
                2.0,
                3.0,
                3.0
              ],
              "pivot": [
                0.0,
                0.0,
                0.0
              ],
              "rotation": [
                0.0,
                0.0,
                10.0
              ],
              "uv": [
                0,
                0
              ],
              "inflate": 0
            },
            {
              "origin": [
                7.0,
                12.0,
                1.0
              ],
              "size": [
                5.0,
                1.0,
                1.0
              ],
              "pivot": [
                0.0,
                0.0,
                0.0
              ],
              "rotation": [
                0.0,
                0.0,
                -10.0
              ],
              "uv": [
                7,
                0
              ],
              "inflate": 0
            },
            {
              "origin": [
                7.0,
                11.0,
                0.0
              ],
              "size": [
                2.0,
                3.0,
                3.0
              ],
              "pivot": [
                0.0,
                0.0,
                0.0
              ],
              "rotation": [
                0.0,
                0.0,
                -10.0
              ],
              "uv": [
                0,
                6
              ],
              "inflate": 0
            },
            {
              "origin": [
                -12.0,
                7.0,
                1.0
              ],
              "size": [
                1.0,
                5.0,
                1.0
              ],
              "pivot": [
                0.0,
                0.0,
                0.0
              ],
              "rotation": [
                0.0,
                0.0,
                10.0
              ],
              "uv": [
                11,
                15
              ],
              "inflate": 0
            },
            {
              "origin": [
                11.0,
                7.0,
                1.0
              ],
              "size": [
                1.0,
                5.0,
                1.0
              ],
              "pivot": [
                0.0,
                0.0,
                0.0
              ],
              "rotation": [
                0.0,
                0.0,
                -10.0
              ],
              "uv": [
                7,
                15
              ],
              "inflate": 0
            },
            {
              "origin": [
                -11.0,
                7.0,
                0.5
              ],
              "size": [
                2.0,
                2.0,
                2.0
              ],
              "uv": [
                0,
                12
              ],
              "inflate": 0
            },
            {
              "origin": [
                9.0,
                7.0,
                0.5
              ],
              "size": [
                2.0,
                2.0,
                2.0
              ],
              "uv": [
                10,
                2
              ],
              "inflate": 0
            },
            {
              "origin": [
                -0.5,
                15.0,
                -3.0
              ],
              "size": [
                1.0,
                1.0,
                3.0
              ],
              "uv": [
                7,
                9
              ],
              "inflate": 0
            },
            {
              "origin": [
                -0.5,
                7.0,
                -1.0
              ],
              "size": [
                1.0,
                2.0,
                1.0
              ],
              "uv": [
                15,
                14
              ],
              "inflate": 0
            },
            {
              "origin": [
                -1.5,
                9.0,
                -1.0
              ],
              "size": [
                3.0,
                1.0,
                1.0
              ],
              "uv": [
                8,
                13
              ],
              "inflate": 0
            }
          ]
        }
      ]
    }
  ]
}