{
  "format_version": "1.12.0",
  "minecraft:geometry": [
    {
      "description": {
        "identifier": "geometry.lwp_pibby3",
        "texture_width": 64,
        "texture_height": 64,
        "visible_bounds_width": 3,
        "visible_bounds_height": 3.5,
        "visible_bounds_offset": [
          0,
          1.25,
          0
        ]
      },
      "bones": [
        {
          "name": "Body",
          "cubes": [
            {
              "origin": [
                -3.5,
                11.0,
                -1.0
              ],
              "size": [
                7.5,
                13.0,
                3.0
              ],
              "uv": [
                0,
                31
              ],
              "inflate": 0
            },
            {
              "origin": [
                -1.0,
                12.0,
                2.0
              ],
              "size": [
                4.0,
                8.0,
                2.0
              ],
              "uv": [
                31,
                0
              ],
              "inflate": 0
            }
          ]
        },
        {
          "name": "Head",
          "pivot": [
            0,
            24,
            0.5
          ],
          "cubes": [
            {
              "origin": [
                -4.5,
                25.0,
                -4.0
              ],
              "size": [
                9.0,
                9.0,
                9.0
              ],
              "uv": [
                0,
                13
              ],
              "inflate": 0
            },
            {
              "origin": [
                -1.5,
                24.0,
                -1.0
              ],
              "size": [
                3.0,
                1.0,
                3.0
              ],
              "uv": [
                40,
                7
              ],
              "inflate": 0
            },
            {
              "origin": [
                -5.0,
                34.0,
                -5.0
              ],
              "size": [
                10.0,
                2.0,
                11.0
              ],
              "uv": [
                0,
                0
              ],
              "inflate": 0
            },
            {
              "origin": [
                -5.0,
                15.0,
                -32.0
              ],
              "size": [
                10.0,
                2.0,
                11.0
              ],
              "pivot": [
                0.0,
                0.0,
                0.0
              ],
              "rotation": [
                -72.5,
                0.0,
                0.0
              ],
              "uv": [
                0,
                0
              ],
              "inflate": 0
            },
            {
              "origin": [
                -5.0,
                10.0,
                -24.0
              ],
              "size": [
                10.0,
                2.0,
                11.0
              ],
              "pivot": [
                0.0,
                0.0,
                0.0
              ],
              "rotation": [
                -85.0,
                0.0,
                0.0
              ],
              "uv": [
                0,
                0
              ],
              "inflate": 0
            }
          ],
          "locators": {}
        },
        {
          "name": "Leftleg",
          "pivot": [
            -2,
            11,
            0.5
          ],
          "cubes": [
            {
              "origin": [
                -5.0,
                -1.0,
                -1.0
              ],
              "size": [
                3.0,
                12.0,
                3.0
              ],
              "pivot": [
                0.0,
                0.0,
                0.0
              ],
              "rotation": [
                0.0,
                0.0,
                7.5
              ],
              "uv": [
                41,
                43
              ],
              "inflate": 0
            }
          ],
          "locators": {}
        },
        {
          "name": "Rightleg",
          "pivot": [
            3,
            11,
            0.5
          ],
          "cubes": [
            {
              "origin": [
                2.0,
                -1.0,
                -1.0
              ],
              "size": [
                3.0,
                12.0,
                3.0
              ],
              "pivot": [
                0.0,
                0.0,
                0.0
              ],
              "rotation": [
                0.0,
                0.0,
                -5.0
              ],
              "uv": [
                36,
                13
              ],
              "inflate": 0
            }
          ],
          "locators": {}
        },
        {
          "name": "Leftarm",
          "pivot": [
            -4,
            23,
            0.5
          ],
          "cubes": [
            {
              "origin": [
                -12.0,
                9.0,
                -1.0
              ],
              "size": [
                3.0,
                12.0,
                3.0
              ],
              "pivot": [
                0.0,
                0.0,
                0.0
              ],
              "rotation": [
                0.0,
                0.0,
                17.5
              ],
              "uv": [
                20,
                31
              ],
              "inflate": 0
            }
          ],
          "locators": {}
        },
        {
          "name": "Rightarm",
          "pivot": [
            4,
            23,
            0.5
          ],
          "cubes": [
            {
              "origin": [
                9.0,
                9.0,
                -1.0
              ],
              "size": [
                3.0,
                12.0,
                3.0
              ],
              "pivot": [
                0.0,
                0.0,
                0.0
              ],
              "rotation": [
                0.0,
                0.0,
                -17.5
              ],
              "uv": [
                32,
                31
              ],
              "inflate": 0
            }
          ],
          "locators": {}
        }
      ]
    }
  ]
}