{
  "format_version": "1.12.0",
  "minecraft:geometry": [
    {
      "description": {
        "identifier": "geometry.lwp_corrupfinn",
        "texture_width": 64,
        "texture_height": 64,
        "visible_bounds_width": 3,
        "visible_bounds_height": 4.5,
        "visible_bounds_offset": [
          0,
          1.75,
          0
        ]
      },
      "bones": [
        {
          "name": "Leftleg",
          "pivot": [
            -3,
            27,
            2
          ],
          "cubes": [
            {
              "origin": [
                -4.0,
                2.0,
                1.0
              ],
              "size": [
                2.0,
                25.0,
                2.0
              ],
              "uv": {
                "north": {
                  "uv": [
                    2,
                    36
                  ],
                  "uv_size": [
                    2,
                    25
                  ]
                },
                "east": {
                  "uv": [
                    0,
                    36
                  ],
                  "uv_size": [
                    2,
                    25
                  ]
                },
                "south": {
                  "uv": [
                    6,
                    36
                  ],
                  "uv_size": [
                    2,
                    25
                  ]
                },
                "west": {
                  "uv": [
                    4,
                    36
                  ],
                  "uv_size": [
                    2,
                    25
                  ]
                },
                "up": {
                  "uv": [
                    2,
                    34
                  ],
                  "uv_size": [
                    2,
                    2
                  ]
                },
                "down": {
                  "uv": [
                    4,
                    36
                  ],
                  "uv_size": [
                    2,
                    -2
                  ]
                }
              },
              "inflate": 0
            },
            {
              "origin": [
                -4.0,
                0.0,
                -3.0
              ],
              "size": [
                2.0,
                2.0,
                6.0
              ],
              "uv": {
                "north": {
                  "uv": [
                    30,
                    48
                  ],
                  "uv_size": [
                    2,
                    2
                  ]
                },
                "east": {
                  "uv": [
                    24,
                    48
                  ],
                  "uv_size": [
                    6,
                    2
                  ]
                },
                "south": {
                  "uv": [
                    38,
                    48
                  ],
                  "uv_size": [
                    2,
                    2
                  ]
                },
                "west": {
                  "uv": [
                    32,
                    48
                  ],
                  "uv_size": [
                    6,
                    2
                  ]
                },
                "up": {
                  "uv": [
                    30,
                    42
                  ],
                  "uv_size": [
                    2,
                    6
                  ]
                },
                "down": {
                  "uv": [
                    32,
                    48
                  ],
                  "uv_size": [
                    2,
                    -6
                  ]
                }
              },
              "inflate": 0
            },
            {
              "origin": [
                -5.0,
                4.0,
                0.0
              ],
              "size": [
                4.0,
                1.0,
                4.0
              ],
              "uv": {
                "north": {
                  "uv": [
                    50,
                    36
                  ],
                  "uv_size": [
                    4,
                    1
                  ]
                },
                "east": {
                  "uv": [
                    46,
                    36
                  ],
                  "uv_size": [
                    4,
                    1
                  ]
                },
                "south": {
                  "uv": [
                    58,
                    36
                  ],
                  "uv_size": [
                    4,
                    1
                  ]
                },
                "west": {
                  "uv": [
                    54,
                    36
                  ],
                  "uv_size": [
                    4,
                    1
                  ]
                },
                "up": {
                  "uv": [
                    50,
                    32
                  ],
                  "uv_size": [
                    4,
                    4
                  ]
                },
                "down": {
                  "uv": [
                    54,
                    36
                  ],
                  "uv_size": [
                    4,
                    -4
                  ]
                }
              },
              "inflate": 0
            }
          ],
          "locators": {}
        },
        {
          "name": "Body",
          "cubes": [
            {
              "origin": [
                -5.0,
                27.0,
                0.0
              ],
              "size": [
                10.0,
                16.0,
                4.0
              ],
              "uv": {
                "north": {
                  "uv": [
                    4,
                    4
                  ],
                  "uv_size": [
                    10,
                    16
                  ]
                },
                "east": {
                  "uv": [
                    0,
                    4
                  ],
                  "uv_size": [
                    4,
                    16
                  ]
                },
                "south": {
                  "uv": [
                    18,
                    4
                  ],
                  "uv_size": [
                    10,
                    16
                  ]
                },
                "west": {
                  "uv": [
                    14,
                    4
                  ],
                  "uv_size": [
                    4,
                    16
                  ]
                },
                "up": {
                  "uv": [
                    4,
                    0
                  ],
                  "uv_size": [
                    10,
                    4
                  ]
                },
                "down": {
                  "uv": [
                    14,
                    4
                  ],
                  "uv_size": [
                    10,
                    -4
                  ]
                }
              },
              "inflate": 0
            },
            {
              "origin": [
                -4.0,
                30.0,
                4.0
              ],
              "size": [
                8.0,
                12.0,
                3.0
              ],
              "uv": {
                "north": {
                  "uv": [
                    31,
                    3
                  ],
                  "uv_size": [
                    8,
                    12
                  ]
                },
                "east": {
                  "uv": [
                    28,
                    3
                  ],
                  "uv_size": [
                    3,
                    12
                  ]
                },
                "south": {
                  "uv": [
                    42,
                    3
                  ],
                  "uv_size": [
                    8,
                    12
                  ]
                },
                "west": {
                  "uv": [
                    39,
                    3
                  ],
                  "uv_size": [
                    3,
                    12
                  ]
                },
                "up": {
                  "uv": [
                    31,
                    0
                  ],
                  "uv_size": [
                    8,
                    3
                  ]
                },
                "down": {
                  "uv": [
                    39,
                    3
                  ],
                  "uv_size": [
                    8,
                    -3
                  ]
                }
              },
              "inflate": 0
            }
          ]
        },
        {
          "name": "Head",
          "pivot": [
            0,
            43,
            2
          ],
          "cubes": [
            {
              "origin": [
                -5.0,
                51.0,
                -1.0
              ],
              "size": [
                3.0,
                3.0,
                6.0
              ],
              "uv": {
                "north": {
                  "uv": [
                    46,
                    21
                  ],
                  "uv_size": [
                    3,
                    3
                  ]
                },
                "east": {
                  "uv": [
                    40,
                    21
                  ],
                  "uv_size": [
                    6,
                    3
                  ]
                },
                "south": {
                  "uv": [
                    55,
                    21
                  ],
                  "uv_size": [
                    3,
                    3
                  ]
                },
                "west": {
                  "uv": [
                    49,
                    21
                  ],
                  "uv_size": [
                    6,
                    3
                  ]
                },
                "up": {
                  "uv": [
                    46,
                    15
                  ],
                  "uv_size": [
                    3,
                    6
                  ]
                },
                "down": {
                  "uv": [
                    49,
                    21
                  ],
                  "uv_size": [
                    3,
                    -6
                  ]
                }
              },
              "inflate": 0
            },
            {
              "origin": [
                2.0,
                51.0,
                -1.0
              ],
              "size": [
                3.0,
                3.0,
                6.0
              ],
              "uv": {
                "north": {
                  "uv": [
                    40,
                    42
                  ],
                  "uv_size": [
                    3,
                    3
                  ]
                },
                "east": {
                  "uv": [
                    34,
                    42
                  ],
                  "uv_size": [
                    6,
                    3
                  ]
                },
                "south": {
                  "uv": [
                    49,
                    42
                  ],
                  "uv_size": [
                    3,
                    3
                  ]
                },
                "west": {
                  "uv": [
                    43,
                    42
                  ],
                  "uv_size": [
                    6,
                    3
                  ]
                },
                "up": {
                  "uv": [
                    40,
                    36
                  ],
                  "uv_size": [
                    3,
                    6
                  ]
                },
                "down": {
                  "uv": [
                    43,
                    42
                  ],
                  "uv_size": [
                    3,
                    -6
                  ]
                }
              },
              "inflate": 0
            },
            {
              "origin": [
                -5.0,
                43.0,
                -5.0
              ],
              "size": [
                10.0,
                8.0,
                6.0
              ],
              "pivot": [
                0.0,
                0.0,
                0.0
              ],
              "rotation": [
                -180.0,
                0.0,
                180.0
              ],
              "uv": {
                "north": {
                  "uv": [
                    6,
                    26
                  ],
                  "uv_size": [
                    10,
                    8
                  ]
                },
                "east": {
                  "uv": [
                    0,
                    26
                  ],
                  "uv_size": [
                    6,
                    8
                  ]
                },
                "south": {
                  "uv": [
                    22,
                    26
                  ],
                  "uv_size": [
                    10,
                    8
                  ]
                },
                "west": {
                  "uv": [
                    16,
                    26
                  ],
                  "uv_size": [
                    6,
                    8
                  ]
                },
                "up": {
                  "uv": [
                    6,
                    20
                  ],
                  "uv_size": [
                    10,
                    6
                  ]
                },
                "down": {
                  "uv": [
                    16,
                    26
                  ],
                  "uv_size": [
                    10,
                    -6
                  ]
                }
              },
              "inflate": 0
            }
          ],
          "locators": {}
        },
        {
          "name": "Leftarm",
          "pivot": [
            -5,
            42,
            2
          ],
          "cubes": [
            {
              "origin": [
                -13.0,
                19.0,
                1.0
              ],
              "size": [
                2.0,
                22.0,
                2.0
              ],
              "pivot": [
                0.0,
                0.0,
                0.0
              ],
              "rotation": [
                0.0,
                0.0,
                10.0
              ],
              "uv": {
                "north": {
                  "uv": [
                    18,
                    36
                  ],
                  "uv_size": [
                    2,
                    22
                  ]
                },
                "east": {
                  "uv": [
                    16,
                    36
                  ],
                  "uv_size": [
                    2,
                    22
                  ]
                },
                "south": {
                  "uv": [
                    22,
                    36
                  ],
                  "uv_size": [
                    2,
                    22
                  ]
                },
                "west": {
                  "uv": [
                    20,
                    36
                  ],
                  "uv_size": [
                    2,
                    22
                  ]
                },
                "up": {
                  "uv": [
                    18,
                    34
                  ],
                  "uv_size": [
                    2,
                    2
                  ]
                },
                "down": {
                  "uv": [
                    20,
                    36
                  ],
                  "uv_size": [
                    2,
                    -2
                  ]
                }
              },
              "inflate": 0
            },
            {
              "origin": [
                -12.85,
                17.0,
                1.0
              ],
              "size": [
                0.5,
                2.0,
                2.0
              ],
              "pivot": [
                0.0,
                0.0,
                0.0
              ],
              "rotation": [
                0.0,
                0.0,
                10.0
              ],
              "uv": {
                "north": {
                  "uv": [
                    2,
                    24
                  ],
                  "uv_size": [
                    0,
                    2
                  ]
                },
                "east": {
                  "uv": [
                    0,
                    24
                  ],
                  "uv_size": [
                    2,
                    2
                  ]
                },
                "south": {
                  "uv": [
                    4,
                    24
                  ],
                  "uv_size": [
                    0,
                    2
                  ]
                },
                "west": {
                  "uv": [
                    2,
                    24
                  ],
                  "uv_size": [
                    2,
                    2
                  ]
                },
                "up": {
                  "uv": [
                    2,
                    22
                  ],
                  "uv_size": [
                    0,
                    2
                  ]
                },
                "down": {
                  "uv": [
                    2,
                    24
                  ],
                  "uv_size": [
                    0,
                    -2
                  ]
                }
              },
              "inflate": 0
            },
            {
              "origin": [
                -11.85,
                17.0,
                1.0
              ],
              "size": [
                0.5,
                2.0,
                2.0
              ],
              "pivot": [
                0.0,
                0.0,
                0.0
              ],
              "rotation": [
                0.0,
                0.0,
                10.0
              ],
              "uv": {
                "north": {
                  "uv": [
                    2,
                    22
                  ],
                  "uv_size": [
                    0,
                    2
                  ]
                },
                "east": {
                  "uv": [
                    0,
                    22
                  ],
                  "uv_size": [
                    2,
                    2
                  ]
                },
                "south": {
                  "uv": [
                    4,
                    22
                  ],
                  "uv_size": [
                    0,
                    2
                  ]
                },
                "west": {
                  "uv": [
                    2,
                    22
                  ],
                  "uv_size": [
                    2,
                    2
                  ]
                },
                "up": {
                  "uv": [
                    2,
                    20
                  ],
                  "uv_size": [
                    0,
                    2
                  ]
                },
                "down": {
                  "uv": [
                    2,
                    22
                  ],
                  "uv_size": [
                    0,
                    -2
                  ]
                }
              },
              "inflate": 0
            }
          ],
          "locators": {}
        },
        {
          "name": "Rightarm",
          "pivot": [
            5,
            42,
            2
          ],
          "cubes": [
            {
              "origin": [
                13.0,
                18.0,
                0.0
              ],
              "size": [
                2.0,
                22.0,
                2.0
              ],
              "pivot": [
                0.0,
                0.0,
                0.0
              ],
              "rotation": [
                -1.24118,
                -0.92298,
                -13.3764
              ],
              "uv": {
                "north": {
                  "uv": [
                    10,
                    36
                  ],
                  "uv_size": [
                    2,
                    22
                  ]
                },
                "east": {
                  "uv": [
                    8,
                    36
                  ],
                  "uv_size": [
                    2,
                    22
                  ]
                },
                "south": {
                  "uv": [
                    14,
                    36
                  ],
                  "uv_size": [
                    2,
                    22
                  ]
                },
                "west": {
                  "uv": [
                    12,
                    36
                  ],
                  "uv_size": [
                    2,
                    22
                  ]
                },
                "up": {
                  "uv": [
                    10,
                    34
                  ],
                  "uv_size": [
                    2,
                    2
                  ]
                },
                "down": {
                  "uv": [
                    12,
                    36
                  ],
                  "uv_size": [
                    2,
                    -2
                  ]
                }
              },
              "inflate": 0
            },
            {
              "origin": [
                14.2,
                16.2,
                0.5
              ],
              "size": [
                0.5,
                2.0,
                2.0
              ],
              "pivot": [
                0.0,
                0.0,
                0.0
              ],
              "rotation": [
                0.0,
                0.0,
                -12.5
              ],
              "uv": {
                "north": {
                  "uv": [
                    2,
                    2
                  ],
                  "uv_size": [
                    0,
                    2
                  ]
                },
                "east": {
                  "uv": [
                    0,
                    2
                  ],
                  "uv_size": [
                    2,
                    2
                  ]
                },
                "south": {
                  "uv": [
                    4,
                    2
                  ],
                  "uv_size": [
                    0,
                    2
                  ]
                },
                "west": {
                  "uv": [
                    2,
                    2
                  ],
                  "uv_size": [
                    2,
                    2
                  ]
                },
                "up": {
                  "uv": [
                    2,
                    0
                  ],
                  "uv_size": [
                    0,
                    2
                  ]
                },
                "down": {
                  "uv": [
                    2,
                    2
                  ],
                  "uv_size": [
                    0,
                    -2
                  ]
                }
              },
              "inflate": 0
            },
            {
              "origin": [
                13.2,
                16.2,
                0.5
              ],
              "size": [
                0.5,
                2.0,
                2.0
              ],
              "pivot": [
                0.0,
                0.0,
                0.0
              ],
              "rotation": [
                0.0,
                0.0,
                -12.5
              ],
              "uv": {
                "north": {
                  "uv": [
                    2,
                    20
                  ],
                  "uv_size": [
                    0,
                    2
                  ]
                },
                "east": {
                  "uv": [
                    0,
                    20
                  ],
                  "uv_size": [
                    2,
                    2
                  ]
                },
                "south": {
                  "uv": [
                    4,
                    20
                  ],
                  "uv_size": [
                    0,
                    2
                  ]
                },
                "west": {
                  "uv": [
                    2,
                    20
                  ],
                  "uv_size": [
                    2,
                    2
                  ]
                },
                "up": {
                  "uv": [
                    2,
                    18
                  ],
                  "uv_size": [
                    0,
                    2
                  ]
                },
                "down": {
                  "uv": [
                    2,
                    20
                  ],
                  "uv_size": [
                    0,
                    -2
                  ]
                }
              },
              "inflate": 0
            }
          ],
          "locators": {}
        },
        {
          "name": "Rightleg",
          "pivot": [
            3,
            27,
            2
          ],
          "cubes": [
            {
              "origin": [
                2.0,
                2.0,
                1.0
              ],
              "size": [
                2.0,
                25.0,
                2.0
              ],
              "uv": {
                "north": {
                  "uv": [
                    2,
                    36
                  ],
                  "uv_size": [
                    2,
                    25
                  ]
                },
                "east": {
                  "uv": [
                    0,
                    36
                  ],
                  "uv_size": [
                    2,
                    25
                  ]
                },
                "south": {
                  "uv": [
                    6,
                    36
                  ],
                  "uv_size": [
                    2,
                    25
                  ]
                },
                "west": {
                  "uv": [
                    4,
                    36
                  ],
                  "uv_size": [
                    2,
                    25
                  ]
                },
                "up": {
                  "uv": [
                    2,
                    34
                  ],
                  "uv_size": [
                    2,
                    2
                  ]
                },
                "down": {
                  "uv": [
                    4,
                    36
                  ],
                  "uv_size": [
                    2,
                    -2
                  ]
                }
              },
              "inflate": 0
            },
            {
              "origin": [
                2.0,
                0.0,
                -3.0
              ],
              "size": [
                2.0,
                2.0,
                6.0
              ],
              "uv": {
                "north": {
                  "uv": [
                    30,
                    48
                  ],
                  "uv_size": [
                    2,
                    2
                  ]
                },
                "east": {
                  "uv": [
                    24,
                    48
                  ],
                  "uv_size": [
                    6,
                    2
                  ]
                },
                "south": {
                  "uv": [
                    38,
                    48
                  ],
                  "uv_size": [
                    2,
                    2
                  ]
                },
                "west": {
                  "uv": [
                    32,
                    48
                  ],
                  "uv_size": [
                    6,
                    2
                  ]
                },
                "up": {
                  "uv": [
                    30,
                    42
                  ],
                  "uv_size": [
                    2,
                    6
                  ]
                },
                "down": {
                  "uv": [
                    32,
                    48
                  ],
                  "uv_size": [
                    2,
                    -6
                  ]
                }
              },
              "inflate": 0
            },
            {
              "origin": [
                1.0,
                4.0,
                0.0
              ],
              "size": [
                4.0,
                1.0,
                4.0
              ],
              "uv": {
                "north": {
                  "uv": [
                    50,
                    36
                  ],
                  "uv_size": [
                    4,
                    1
                  ]
                },
                "east": {
                  "uv": [
                    46,
                    36
                  ],
                  "uv_size": [
                    4,
                    1
                  ]
                },
                "south": {
                  "uv": [
                    58,
                    36
                  ],
                  "uv_size": [
                    4,
                    1
                  ]
                },
                "west": {
                  "uv": [
                    54,
                    36
                  ],
                  "uv_size": [
                    4,
                    1
                  ]
                },
                "up": {
                  "uv": [
                    50,
                    32
                  ],
                  "uv_size": [
                    4,
                    4
                  ]
                },
                "down": {
                  "uv": [
                    54,
                    36
                  ],
                  "uv_size": [
                    4,
                    -4
                  ]
                }
              },
              "inflate": 0
            }
          ],
          "locators": {}
        }
      ]
    }
  ]
}