{
  "format_version": "1.14.0",
  "sound_definitions": {
    //Player
    "player-talking": {
      "category": "player",
      "sounds": [
        { "load_on_low_memory": true, "name": "sounds/voice/npc-1" },
        { "load_on_low_memory": false, "name": "sounds/voice/npc-2" },
        { "load_on_low_memory": false, "name": "sounds/voice/npc-3" }
      ]
    },

    "npc-1": { "category": "ui", "sounds": ["sounds/voice/npc-1"] },
    "npc-2": { "category": "ui", "sounds": ["sounds/voice/npc-2"] },
    "npc-3": { "category": "ui", "sounds": ["sounds/voice/npc-3"] },
    "npc-4": { "category": "ui", "sounds": ["sounds/voice/npc-4"] },
    "npc-5": { "category": "ui", "sounds": ["sounds/voice/npc-5"] },
    "npc-6": { "category": "ui", "sounds": ["sounds/voice/npc-6"] },
    "npc-7": { "category": "ui", "sounds": ["sounds/voice/npc-7"] },
    "npc-8": { "category": "ui", "sounds": ["sounds/voice/npc-8"] },
    "npc-9": { "category": "ui", "sounds": ["sounds/voice/npc-9"] },
    "npc-10": { "category": "ui", "sounds": ["sounds/voice/npc-10"] },
    "npc-11": { "category": "ui", "sounds": ["sounds/voice/npc-11"] },
    "npc-12": { "category": "ui", "sounds": ["sounds/voice/npc-12"] },
    "npc-13": { "category": "ui", "sounds": ["sounds/voice/npc-13"] },
    "npc-14": { "category": "ui", "sounds": ["sounds/voice/npc-14"] },
    "npc-15": { "category": "ui", "sounds": ["sounds/voice/npc-15"] },

    //Zombozo Grunts
    "zb-boxing-glove1": { "category": "ui", "sounds": ["sounds/voice/zb-boxing-glove1"] },
    "zb-boxing-glove2": { "category": "ui", "sounds": ["sounds/voice/zb-boxing-glove2"] },
    "zb-boxing-glove3": { "category": "ui", "sounds": ["sounds/voice/zb-boxing-glove3"] },
    "zb-boxing-glove4": { "category": "ui", "sounds": ["sounds/voice/zb-boxing-glove4"] },
    "zb-hurt1": { "category": "ui", "sounds": ["sounds/voice/zb-hurt1"] },
    "zb-hurt2": { "category": "ui", "sounds": ["sounds/voice/zb-hurt2"] },
    "zb-hypnosis": { "category": "ui", "sounds": ["sounds/voice/zb-hypnosis"] },
    "zb-laughing1": { "category": "ui", "sounds": ["sounds/voice/zb-laughing1"] },
    "zb-laughing2": { "category": "ui", "sounds": ["sounds/voice/zb-laughing2"] },
    "zb-smokebomb2": { "category": "ui", "sounds": ["sounds/voice/zb-smokebomb2"] },
    "zb-smokebomb3": { "category": "ui", "sounds": ["sounds/voice/zb-smokebomb3"] },
    "zb-smokebomb4": { "category": "ui", "sounds": ["sounds/voice/zb-smokebomb4"] },
    "zb-throwing1": { "category": "ui", "sounds": ["sounds/voice/zb-throwing1"] },
    "zb-throwing2": { "category": "ui", "sounds": ["sounds/voice/zb-throwing2"] },
    "zb-throwing3": { "category": "ui", "sounds": ["sounds/voice/zb-throwing3"] },
    "zb-out1": { "category": "ui", "sounds": ["sounds/voice/zb-out1"] },
    "zb-out2": { "category": "ui", "sounds": ["sounds/voice/zb-out2"] },
    "zb-fist": { "category": "hostile", "sounds": ["sounds/sfx/zb-fist"] },
    "zb-smoke": { "category": "hostile", "sounds": ["sounds/sfx/zb-smoke"] },
    "zb-watch": { "category": "hostile", "sounds": ["sounds/sfx/zb-watch"] },

    //Kevin
    "kl-attack1": { "category": "ui", "sounds": ["sounds/voice/kl-attack1"] },
    "kl-attack2": { "category": "ui", "sounds": ["sounds/voice/kl-attack2"] },
    "kl-attack3": { "category": "ui", "sounds": ["sounds/voice/kl-attack3"] },
    "kl-attack4": { "category": "ui", "sounds": ["sounds/voice/kl-attack4"] },
    "kl-hurt1": { "category": "ui", "sounds": ["sounds/voice/kl-hurt1"] },
    "kl-hurt2": { "category": "ui", "sounds": ["sounds/voice/kl-hurt2"] },
    "kl-hurt3": { "category": "ui", "sounds": ["sounds/voice/kl-hurt3"] },
    "kl-tease1": { "category": "ui", "sounds": ["sounds/voice/kl-tease1"] },
    "kl-tease3": { "category": "ui", "sounds": ["sounds/voice/kl-tease3"] },
    "kl-tease4": { "category": "ui", "sounds": ["sounds/voice/kl-tease4"] },

    //Steam Smythe
    "ss-angry1": { "category": "ui", "sounds": ["sounds/voice/ss-angry1"] },
    "ss-angry2": { "category": "ui", "sounds": ["sounds/voice/ss-angry2"] },
    "ss-angry3": { "category": "ui", "sounds": ["sounds/voice/ss-angry3"] },
    "ss-hurt1": { "category": "ui", "sounds": ["sounds/voice/ss-hurt1"] },
    "ss-hurt2": { "category": "ui", "sounds": ["sounds/voice/ss-hurt2"] },
    "ss-hurt3": { "category": "ui", "sounds": ["sounds/voice/ss-hurt3"] },
    "ss-talking1": { "category": "ui", "sounds": ["sounds/voice/ss-talking1"] },
    "ss-talking2": { "category": "ui", "sounds": ["sounds/voice/ss-talking2"] },
    "ss-talking3": { "category": "ui", "sounds": ["sounds/voice/ss-talking3"] },
    "ss-talking4": { "category": "ui", "sounds": ["sounds/voice/ss-talking4"] },
    "ss-talking5": { "category": "ui", "sounds": ["sounds/voice/ss-talking5"] },
    "ss-talking6": { "category": "ui", "sounds": ["sounds/voice/ss-talking6"] },
    "ss-ahurt": { "category": "hostile", "sounds": ["sounds/sfx/ss-ahurt"] },
    "ss-melee": { "category": "hostile", "sounds": ["sounds/sfx/ss-melee"] },
    //Dr Animo
    "da-angry1": { "category": "ui", "sounds": ["sounds/voice/da-angry1"] },
    "da-hurt1": { "category": "ui", "sounds": ["sounds/voice/da-hurt1"] },
    "da-hurt2": { "category": "ui", "sounds": ["sounds/voice/da-hurt2"] },
    "da-hurt3": { "category": "ui", "sounds": ["sounds/voice/da-hurt3"] },
    "da-laugh1": { "category": "ui", "sounds": ["sounds/voice/da-laugh1"] },
    "da-talking1": { "category": "ui", "sounds": ["sounds/voice/da-talking1"] },
    "da-talking2": { "category": "ui", "sounds": ["sounds/voice/da-talking2"] },
    "da-talking3": { "category": "ui", "sounds": ["sounds/voice/da-talking3"] },
    "da-talking4": { "category": "ui", "sounds": ["sounds/voice/da-talking4"] },
    "da-talking5": { "category": "ui", "sounds": ["sounds/voice/da-talking5"] },
    "da-1attack": {
      "category": "hostile",
      "sounds": [
        { "load_on_low_memory": true, "name": "sounds/sfx/da-1attack1" },
        { "load_on_low_memory": false, "name": "sounds/sfx/da-1attack2" },
        { "load_on_low_memory": false, "name": "sounds/sfx/da-1attack3" },
        { "load_on_low_memory": false, "name": "sounds/sfx/da-1attack4" }
      ]
    },
    "da-2attack": {
      "category": "hostile",
      "sounds": [
        { "load_on_low_memory": true, "name": "sounds/sfx/da-2attack1" },
        { "load_on_low_memory": false, "name": "sounds/sfx/da-2attack2" },
        { "load_on_low_memory": false, "name": "sounds/sfx/da-2attack3" },
        { "load_on_low_memory": false, "name": "sounds/sfx/da-2attack4" }
      ]
    },
    "da-3attack": {
      "category": "hostile",
      "sounds": [
        { "load_on_low_memory": true, "name": "sounds/sfx/da-3attack1" },
        { "load_on_low_memory": false, "name": "sounds/sfx/da-3attack2" },
        { "load_on_low_memory": false, "name": "sounds/sfx/da-3attack3" },
        { "load_on_low_memory": false, "name": "sounds/sfx/da-3attack4" }
      ]
    },
    "da-ahurt": {
      "category": "hostile",
      "sounds": [
        { "load_on_low_memory": true, "name": "sounds/sfx/da-ahurt1" },
        { "load_on_low_memory": false, "name": "sounds/sfx/da-ahurt2" },
        { "load_on_low_memory": false, "name": "sounds/sfx/da-ahurt3" }
      ]
    },
    "da-death": { "category": "hostile", "sounds": ["sounds/sfx/da-death"] },
    "da-dna": { "category": "hostile", "sounds": ["sounds/sfx/da-dna"] },
    "da-point": { "category": "hostile", "sounds": ["sounds/sfx/da-point"] },
    "da-world": { "category": "hostile", "sounds": ["sounds/sfx/da-world"] },
    //Hex
    "hx-chanting1": { "category": "ui", "sounds": ["sounds/voice/hx-chanting1"] },
    "hx-chanting2": { "category": "ui", "sounds": ["sounds/voice/hx-chanting2"] },
    "hx-death": { "category": "ui", "sounds": ["sounds/voice/hx-death"] },
    "hx-do2": { "category": "ui", "sounds": ["sounds/voice/hx-do2"] },
    "hx-talking1": { "category": "ui", "sounds": ["sounds/voice/hx-talking1"] },
    "hx-talking2": { "category": "ui", "sounds": ["sounds/voice/hx-talking2"] },
    "hx-talking3": { "category": "ui", "sounds": ["sounds/voice/hx-talking3"] },
    "hx-talking4": { "category": "ui", "sounds": ["sounds/voice/hx-talking4"] },
    "hx-talking5": { "category": "ui", "sounds": ["sounds/voice/hx-talking5"] },
    "hx-achant": { "category": "hostile", "sounds": ["sounds/sfx/hx-achant"] },
    "hx-adeath": { "category": "hostile", "sounds": ["sounds/sfx/hx-adeath"] },
    "hx-cast": { "category": "hostile", "sounds": ["sounds/sfx/hx-cast"] },
    "hx-intro": { "category": "hostile", "sounds": ["sounds/sfx/hx-intro"] },

    //Billy billions
    "bb-talking1": { "category": "ui", "sounds": ["sounds/voice/bb-talking1"] },
    "bb-talking2": { "category": "ui", "sounds": ["sounds/voice/bb-talking2"] },
    "bb-talking3": { "category": "ui", "sounds": ["sounds/voice/bb-talking3"] },
    "bb-talking4": { "category": "ui", "sounds": ["sounds/voice/bb-talking4"] },
    "bb-attack1": { "category": "ui", "sounds": ["sounds/voice/bb-attack1"] },
    "bb-attack2": { "category": "ui", "sounds": ["sounds/voice/bb-attack2"] },
    "bb-attack3": { "category": "ui", "sounds": ["sounds/voice/bb-attack3"] },
    "bb-attack4": { "category": "ui", "sounds": ["sounds/voice/bb-attack4"] },
    "bb-hurt1": { "category": "ui", "sounds": ["sounds/voice/bb-hurt1"] },
    "bb-hurt2": { "category": "ui", "sounds": ["sounds/voice/bb-hurt2"] },
    "bb-hurt3": { "category": "ui", "sounds": ["sounds/voice/bb-hurt3"] },
    "bb-hurt4": { "category": "ui", "sounds": ["sounds/voice/bb-hurt4"] },
    "bb-cry1": { "category": "ui", "sounds": ["sounds/voice/bb-cry1"] },
    "bb-cry2": { "category": "ui", "sounds": ["sounds/voice/bb-cry2"] },

    //Forever knight
    "fk-talking1": { "category": "ui", "sounds": ["sounds/voice/fk-talking1"] },
    "fk-talking2": { "category": "ui", "sounds": ["sounds/voice/fk-talking2"] },
    "fk-talking3": { "category": "ui", "sounds": ["sounds/voice/fk-talking3"] },
    "fk-talking4": { "category": "ui", "sounds": ["sounds/voice/fk-talking4"] },
    "fk-talking5": { "category": "ui", "sounds": ["sounds/voice/fk-talking5"] },
    "fk-talking6": { "category": "ui", "sounds": ["sounds/voice/fk-talking6"] },
    "fk-talking7": { "category": "ui", "sounds": ["sounds/voice/fk-talking7"] },
    "fk-ahurt": { "category": "hostile", "sounds": ["sounds/sfx/fk-ahurt"] },
    "fk-alasso": { "category": "hostile", "sounds": ["sounds/sfx/fk-alasso"] },
    "fk-melee": { "category": "hostile", "sounds": ["sounds/sfx/fk-melee"] },
    "fk-shield": { "category": "hostile", "sounds": ["sounds/sfx/fk-shield"] },
    "fk-shieldbounce": { "category": "hostile", "sounds": ["sounds/sfx/fk-shieldbounce"] },

    //Twain Twins
    "tt-talking1": { "category": "ui", "sounds": ["sounds/voice/tt-talking1"] },
    "tt-talking2": { "category": "ui", "sounds": ["sounds/voice/tt-talking2"] },
    "tt-talking3": { "category": "ui", "sounds": ["sounds/voice/tt-talking3"] },
    "tt-talking4": { "category": "ui", "sounds": ["sounds/voice/tt-talking4"] },
    "tt-talking5": { "category": "ui", "sounds": ["sounds/voice/tt-talking5"] },
    "tt-talking6": { "category": "ui", "sounds": ["sounds/voice/tt-talking6"] },
    "tt-talking7": { "category": "ui", "sounds": ["sounds/voice/tt-talking7"] },
    "tt-talking8": { "category": "ui", "sounds": ["sounds/voice/tt-talking8"] },

    //Vilgax
    "vg-shouting1": { "category": "ui", "sounds": ["sounds/voice/vg-shouting1"] },
    "vg-shouting2": { "category": "ui", "sounds": ["sounds/voice/vg-shouting2"] },
    "vg-shouting3": { "category": "ui", "sounds": ["sounds/voice/vg-shouting3"] },
    "vg-shouting4": { "category": "ui", "sounds": ["sounds/voice/vg-shouting4"] },
    "vg-attack1": { "category": "ui", "sounds": ["sounds/voice/vg-attack1"] },
    "vg-attack2": { "category": "ui", "sounds": ["sounds/voice/vg-attack2"] },
    "vg-attack3": { "category": "ui", "sounds": ["sounds/voice/vg-attack3"] },
    "vg-attack4": { "category": "ui", "sounds": ["sounds/voice/vg-attack4"] },
    "vg-hurt1": { "category": "ui", "sounds": ["sounds/voice/vg-hurt1"] },
    "vg-hurt2": { "category": "ui", "sounds": ["sounds/voice/vg-hurt2"] },
    "vg-hurt3": { "category": "ui", "sounds": ["sounds/voice/vg-hurt3"] },
    "vg-hurt4": { "category": "ui", "sounds": ["sounds/voice/vg-hurt4"] },
    "vg-angry1": { "category": "ui", "sounds": ["sounds/voice/vg-angry1"] },
    "vg-angry2": { "category": "ui", "sounds": ["sounds/voice/vg-angry2"] },
    "vg-angry3": { "category": "ui", "sounds": ["sounds/voice/vg-angry3"] },
    "vg-angry4": { "category": "ui", "sounds": ["sounds/voice/vg-angry4"] },
    "vg-kick": { "category": "hostile", "sounds": ["sounds/sfx/vg-kick"] },
    "vg-laser": { "category": "hostile", "sounds": ["sounds/sfx/vg-laser"] },
    "vg-punch": { "category": "hostile", "sounds": ["sounds/sfx/vg-punch"] },
    "vg-slam": { "category": "hostile", "sounds": ["sounds/sfx/vg-slam"] },
    "vg-throw": { "category": "hostile", "sounds": ["sounds/sfx/vg-throw"] },

    //Aliens

    //Fourarms
    "fa-talking": {
      "category": "player",
      "sounds": [
        { "load_on_low_memory": true, "name": "sounds/voice/fa-talking1" },
        { "load_on_low_memory": false, "name": "sounds/voice/fa-talking2" },
        { "load_on_low_memory": false, "name": "sounds/voice/fa-talking3" },
        { "load_on_low_memory": false, "name": "sounds/voice/fa-talking4" },
        { "load_on_low_memory": false, "name": "sounds/voice/fa-talking5" },
        { "load_on_low_memory": false, "name": "sounds/voice/fa-talking6" },
        { "load_on_low_memory": false, "name": "sounds/voice/fa-talking7" }
      ]
    },

    "fa-select": {
      "category": "player",
      "sounds": [
        { "load_on_low_memory": true, "name": "sounds/voice/fa-select1" },
        { "load_on_low_memory": false, "name": "sounds/voice/fa-select2" },
        { "load_on_low_memory": false, "name": "sounds/voice/fa-select3" }
      ]
    },

    "fa-seismic": { "category": "player", "sounds": ["sounds/sfx/fa-seismic"] },
    "fa-pickup": { "category": "player", "sounds": ["sounds/sfx/fa-pickup"] },
    "fa-smash": { "category": "player", "sounds": ["sounds/sfx/fa-smash"] },
    "fa-throw": { "category": "player", "sounds": ["sounds/sfx/fa-throw"] },
    "fa-land": { "category": "player", "sounds": ["sounds/sfx/fa-land"] },
    "fajboost": { "category": "player", "sounds": ["sounds/sfx/fajboost"] },
    "fa-running": {
      "category": "player",
      "sounds": [
        { "load_on_low_memory": true, "name": "sounds/sfx/fa-running1" },
        { "load_on_low_memory": false, "name": "sounds/sfx/fa-running2" },
        { "load_on_low_memory": false, "name": "sounds/sfx/fa-running3" },
        { "load_on_low_memory": false, "name": "sounds/sfx/fa-running4" },
        { "load_on_low_memory": false, "name": "sounds/sfx/fa-running5" }
      ]
    },
    "fa-attack": {
      "category": "player",
      "sounds": [
        { "load_on_low_memory": true, "name": "sounds/sfx/fa-attack1" },
        { "load_on_low_memory": false, "name": "sounds/sfx/fa-attack2" },
        { "load_on_low_memory": false, "name": "sounds/sfx/fa-attack3" },
        { "load_on_low_memory": false, "name": "sounds/sfx/fa-attack4" }
      ]
    },

    //XLR8
    "xr-talking": {
      "category": "player",
      "sounds": [
        { "load_on_low_memory": true, "name": "sounds/voice/xr-talking1" },
        { "load_on_low_memory": false, "name": "sounds/voice/xr-talking2" },
        { "load_on_low_memory": false, "name": "sounds/voice/xr-talking3" },
        { "load_on_low_memory": false, "name": "sounds/voice/xr-talking4" },
        { "load_on_low_memory": false, "name": "sounds/voice/xr-talking5" },
        { "load_on_low_memory": false, "name": "sounds/voice/xr-talking6" },
        { "load_on_low_memory": false, "name": "sounds/voice/xr-talking7" },
        { "load_on_low_memory": false, "name": "sounds/voice/xr-talking8" }
      ]
    },

    "xr-boost": { "category": "player", "sounds": ["sounds/sfx/xr-boost"] },

    "xr-jump": {
      "category": "player",
      "sounds": [
        { "load_on_low_memory": true, "name": "sounds/sfx/xr-jump1" },
        { "load_on_low_memory": false, "name": "sounds/sfx/xr-jump2" },
        { "load_on_low_memory": false, "name": "sounds/sfx/xr-jump3" },
        { "load_on_low_memory": false, "name": "sounds/sfx/xr-jump4" },
        { "load_on_low_memory": false, "name": "sounds/sfx/xr-jump5" }
      ]
    },
    "xr-kick": {
      "category": "player",
      "sounds": [
        { "load_on_low_memory": true, "name": "sounds/sfx/xr-kick1" },
        { "load_on_low_memory": false, "name": "sounds/sfx/xr-kick2" },
        { "load_on_low_memory": false, "name": "sounds/sfx/xr-kick3" },
        { "load_on_low_memory": false, "name": "sounds/sfx/xr-kick4" },
        { "load_on_low_memory": false, "name": "sounds/sfx/xr-kick5" }
      ]
    },
    "xr-throw": {
      "category": "player",
      "sounds": [
        { "load_on_low_memory": true, "name": "sounds/sfx/xr-throw1" },
        { "load_on_low_memory": false, "name": "sounds/sfx/xr-throw2" },
        { "load_on_low_memory": false, "name": "sounds/sfx/xr-throw3" }
      ]
    },
    "xr-dodge": {
      "category": "player",
      "sounds": [
        { "load_on_low_memory": true, "name": "sounds/sfx/xr-dodge1" },
        { "load_on_low_memory": false, "name": "sounds/sfx/xr-dodge2" }
      ]
    },

    "xr-select": {
      "category": "player",
      "sounds": [
        "sounds/voice/xr-select1",
        { "load_on_low_memory": true, "name": "sounds/voice/xr-select2" },
        { "load_on_low_memory": false, "name": "sounds/voice/xr-select3" }
      ]
    },

    //Rath
    "rt-talking": {
      "category": "player",
      "sounds": [
        { "load_on_low_memory": true, "name": "sounds/voice/rt-talking1" },
        { "load_on_low_memory": false, "name": "sounds/voice/rt-talking2" },
        { "load_on_low_memory": false, "name": "sounds/voice/rt-talking3" },
        { "load_on_low_memory": false, "name": "sounds/voice/rt-talking4" },
        { "load_on_low_memory": false, "name": "sounds/voice/rt-talking5" },
        { "load_on_low_memory": false, "name": "sounds/voice/rt-talking6" }
      ]
    },

    "rt-attack": {
      "category": "player",
      "sounds": [
        "sounds/sfx/rt-attack1",
        "sounds/sfx/rt-attack2",
        "sounds/sfx/rt-attack3",
        "sounds/sfx/rt-attack4",
        "sounds/sfx/rt-attack5",
        "sounds/sfx/rt-attack6"
      ]
    },
    "rt-climb": {
      "category": "ui",
      "sounds": [
        "sounds/sfx/rt-climb1",
        "sounds/sfx/rt-climb2",
        "sounds/sfx/rt-climb3",
        "sounds/sfx/rt-climb4",
        "sounds/sfx/rt-climb5",
        "sounds/sfx/rt-climb6"
      ]
    },
    "rt-jump": {
      "category": "player",
      "sounds": ["sounds/sfx/rt-jump1", "sounds/sfx/rt-jump2", "sounds/sfx/rt-jump3", "sounds/sfx/rt-jump4", "sounds/sfx/rt-jump5"]
    },
    "rt-roar": {
      "category": "player",
      "sounds": ["sounds/sfx/rt-roar1", "sounds/sfx/rt-roar2", "sounds/sfx/rt-roar3"]
    },
    "rt-slash": {
      "category": "player",
      "sounds": ["sounds/sfx/rt-slash1", "sounds/sfx/rt-slash2", "sounds/sfx/rt-slash3", "sounds/sfx/rt-slash4"]
    },

    "rt-select": {
      "category": "player",
      "sounds": [
        "sounds/voice/rt-select1",
        { "load_on_low_memory": false, "name": "sounds/voice/rt-select2" },
        { "load_on_low_memory": false, "name": "sounds/voice/rt-select3" }
      ]
    },

    //Slapback
    "sb-talking": {
      "category": "player",
      "sounds": [
        { "load_on_low_memory": true, "name": "sounds/voice/sb-talking1" },
        { "load_on_low_memory": false, "name": "sounds/voice/sb-talking2" },
        { "load_on_low_memory": false, "name": "sounds/voice/sb-talking3" },
        { "load_on_low_memory": false, "name": "sounds/voice/sb-talking4" },
        { "load_on_low_memory": false, "name": "sounds/voice/sb-talking5" },
        { "load_on_low_memory": false, "name": "sounds/voice/sb-talking6" }
      ]
    },

    "sb-attack": {
      "category": "player",
      "sounds": [
        { "load_on_low_memory": true, "name": "sounds/sfx/sb-attack1" },
        { "load_on_low_memory": false, "name": "sounds/sfx/sb-attack2" },
        { "load_on_low_memory": false, "name": "sounds/sfx/sb-attack3" },
        { "load_on_low_memory": false, "name": "sounds/sfx/sb-attack4" }
      ]
    },

    "sb-direct": {
      "category": "player",
      "sounds": [
        { "load_on_low_memory": true, "name": "sounds/sfx/sb-direct1" },
        { "load_on_low_memory": false, "name": "sounds/sfx/sb-direct2" },
        { "load_on_low_memory": false, "name": "sounds/sfx/sb-direct3" },
        { "load_on_low_memory": false, "name": "sounds/sfx/sb-direct4" }
      ]
    },

    "sb-jump": {
      "category": "player",
      "sounds": [
        { "load_on_low_memory": true, "name": "sounds/sfx/sb-jump1" },
        { "load_on_low_memory": false, "name": "sounds/sfx/sb-jump2" },
        { "load_on_low_memory": false, "name": "sounds/sfx/sb-jump3" },
        { "load_on_low_memory": false, "name": "sounds/sfx/sb-jump4" }
      ]
    },

    "sb-drop": { "category": "player", "sounds": ["sounds/sfx/sb-drop"] },
    "sb-fall": { "category": "player", "sounds": ["sounds/sfx/sb-fall"] },
    "sb-land": { "category": "player", "sounds": ["sounds/sfx/sb-land"] },
    "sb-throw": { "category": "player", "sounds": ["sounds/sfx/sb-throw"] },
    "sb-pickup": { "category": "player", "sounds": ["sounds/sfx/sb-pickup"] },

    "sb-select": {
      "category": "player",
      "sounds": [
        { "load_on_low_memory": true, "name": "sounds/voice/sb-select1" },
        { "load_on_low_memory": false, "name": "sounds/voice/sb-select2" },
        { "load_on_low_memory": false, "name": "sounds/voice/sb-select3" }
      ]
    },

    //CannonBolt
    "cb-talking": {
      "category": "player",
      "sounds": [
        { "load_on_low_memory": true, "name": "sounds/voice/cb-talking1" },
        { "load_on_low_memory": false, "name": "sounds/voice/cb-talking2" },
        { "load_on_low_memory": false, "name": "sounds/voice/cb-talking3" },
        { "load_on_low_memory": false, "name": "sounds/voice/cb-talking4" },
        { "load_on_low_memory": false, "name": "sounds/voice/cb-talking5" },
        { "load_on_low_memory": false, "name": "sounds/voice/cb-talking6" }
      ]
    },

    "cb-piledriver": { "category": "player", "sounds": ["sounds/sfx/cb-piledriver"] },
    "cb-rollend": { "category": "player", "sounds": ["sounds/sfx/cb-rollend"] },
    "cb-rollstart": { "category": "player", "sounds": ["sounds/sfx/cb-rollstart"] },
    "cb-wallslam": { "category": "player", "sounds": ["sounds/sfx/cb-wallslam"] },
    "cb-loop": { "category": "player", "sounds": ["sounds/sfx/cb-loop"] },

    "cb-attack": {
      "category": "player",
      "sounds": [
        { "load_on_low_memory": true, "name": "sounds/sfx/cb-attack1" },
        { "load_on_low_memory": false, "name": "sounds/sfx/cb-attack2" },
        { "load_on_low_memory": false, "name": "sounds/sfx/cb-attack3" },
        { "load_on_low_memory": false, "name": "sounds/sfx/cb-attack4" }
      ]
    },
    "cb-jump": {
      "category": "player",
      "sounds": [
        { "load_on_low_memory": true, "name": "sounds/sfx/cb-jump1" },
        { "load_on_low_memory": false, "name": "sounds/sfx/cb-jump2" },
        { "load_on_low_memory": false, "name": "sounds/sfx/cb-jump3" },
        { "load_on_low_memory": false, "name": "sounds/sfx/cb-jump4" }
      ]
    },
    "cb-select": {
      "category": "player",
      "sounds": [
        { "load_on_low_memory": true, "name": "sounds/voice/cb-select1" },
        { "load_on_low_memory": false, "name": "sounds/voice/cb-select2" },
        { "load_on_low_memory": false, "name": "sounds/voice/cb-select3" }
      ]
    },

    //Shockrock
    "sr-talking": {
      "category": "player",
      "sounds": [
        { "load_on_low_memory": true, "name": "sounds/voice/sr-talking1" },
        { "load_on_low_memory": false, "name": "sounds/voice/sr-talking2" },
        { "load_on_low_memory": false, "name": "sounds/voice/sr-talking3" },
        { "load_on_low_memory": false, "name": "sounds/voice/sr-talking4" },
        { "load_on_low_memory": false, "name": "sounds/voice/sr-talking5" }
      ]
    },

    "sr-select": {
      "category": "player",
      "sounds": [
        { "load_on_low_memory": true, "name": "sounds/voice/sr-select1" },
        { "load_on_low_memory": false, "name": "sounds/voice/sr-select2" },
        { "load_on_low_memory": false, "name": "sounds/voice/sr-select3" }
      ]
    },

    "sr-attack": { "category": "player", "sounds": ["sounds/sfx/sr-attack"] },
    "sr-blast": { "category": "player", "sounds": ["sounds/sfx/sr-blast"] },
    "sr-charge": { "category": "player", "sounds": ["sounds/sfx/sr-charge"] },
    "sr-throw": { "category": "player", "sounds": ["sounds/sfx/sr-throw"] },
    "sr-field": { "category": "player", "sounds": ["sounds/sfx/sr-field"] },

    "sr-fall": {
      "category": "player",
      "sounds": [
        { "load_on_low_memory": true, "name": "sounds/sfx/sr-fall1" },
        { "load_on_low_memory": false, "name": "sounds/sfx/sr-fall2" },
        { "load_on_low_memory": false, "name": "sounds/sfx/sr-fall3" },
        { "load_on_low_memory": false, "name": "sounds/sfx/sr-fall4" }
      ]
    },

    "sr-jump": {
      "category": "player",
      "sounds": [
        { "load_on_low_memory": true, "name": "sounds/sfx/sr-jump1" },
        { "load_on_low_memory": false, "name": "sounds/sfx/sr-jump2" },
        { "load_on_low_memory": false, "name": "sounds/sfx/sr-jump3" },
        { "load_on_low_memory": false, "name": "sounds/sfx/sr-jump4" }
      ]
    },

    "sr_dome_end": { "category": "player", "sounds": ["sounds/sfx/sr-dome-end"] },

    //Diamondhead
    "dh-talking": {
      "category": "player",
      "sounds": [
        { "load_on_low_memory": true, "name": "sounds/voice/dh-talking1" },
        { "load_on_low_memory": false, "name": "sounds/voice/dh-talking2" },
        { "load_on_low_memory": false, "name": "sounds/voice/dh-talking3" },
        { "load_on_low_memory": false, "name": "sounds/voice/dh-talking4" },
        { "load_on_low_memory": false, "name": "sounds/voice/dh-talking5" },
        { "load_on_low_memory": false, "name": "sounds/voice/dh-talking6" }
      ]
    },

    "dh-spike": { "category": "player", "sounds": ["sounds/sfx/dh-spike"] },
    "dh-dart": { "category": "player", "sounds": ["sounds/sfx/dh-dart"] },

    "dh-jump": {
      "category": "player",
      "sounds": ["sounds/sfx/dh-jump1", "sounds/sfx/dh-jump2", "sounds/sfx/dh-jump3", "sounds/sfx/dh-jump4"]
    },

    "dh-attack": {
      "category": "player",
      "sounds": ["sounds/sfx/dh-attack1", "sounds/sfx/dh-attack2", "sounds/sfx/dh-attack3", "sounds/sfx/dh-attack4"]
    },

    "dh-select": {
      "category": "player",
      "sounds": [
        { "load_on_low_memory": true, "name": "sounds/voice/dh-select1" },
        { "load_on_low_memory": false, "name": "sounds/voice/dh-select2" },
        { "load_on_low_memory": false, "name": "sounds/voice/dh-select3" }
      ]
    },

    //Heatblast
    "hb-talking": {
      "category": "player",
      "sounds": [
        { "load_on_low_memory": true, "name": "sounds/voice/hb-talking1" },
        { "load_on_low_memory": false, "name": "sounds/voice/hb-talking2" },
        { "load_on_low_memory": false, "name": "sounds/voice/hb-talking3" },
        { "load_on_low_memory": false, "name": "sounds/voice/hb-talking4" },
        { "load_on_low_memory": false, "name": "sounds/voice/hb-talking5" },
        { "load_on_low_memory": false, "name": "sounds/voice/hb-talking6" }
      ]
    },

    "hb-flame": {
      "category": "player",
      "sounds": [
        { "load_on_low_memory": true, "name": "sounds/sfx/hb-flame1" },
        { "load_on_low_memory": false, "name": "sounds/sfx/hb-flame2" },
        { "load_on_low_memory": false, "name": "sounds/sfx/hb-flame3" },
        { "load_on_low_memory": false, "name": "sounds/sfx/hb-flame4" }
      ]
    },

    "hb-attack": {
      "category": "player",
      "sounds": [
        { "load_on_low_memory": true, "name": "sounds/sfx/hb-attack1" },
        { "load_on_low_memory": false, "name": "sounds/sfx/hb-attack2" },
        { "load_on_low_memory": false, "name": "sounds/sfx/hb-attack3" },
        { "load_on_low_memory": false, "name": "sounds/sfx/hb-attack4" }
      ]
    },

    "hb-throw": {
      "category": "player",
      "sounds": [
        { "load_on_low_memory": true, "name": "sounds/sfx/hb-throw1" },
        { "load_on_low_memory": false, "name": "sounds/sfx/hb-throw2" },
        { "load_on_low_memory": false, "name": "sounds/sfx/hb-throw3" },
        { "load_on_low_memory": false, "name": "sounds/sfx/hb-throw4" }
      ]
    },

    "hb-jump": {
      "category": "player",
      "sounds": [
        { "load_on_low_memory": true, "name": "sounds/sfx/hb-jump1" },
        { "load_on_low_memory": false, "name": "sounds/sfx/hb-jump2" },
        { "load_on_low_memory": false, "name": "sounds/sfx/hb-jump3" }
      ]
    },

    "hb-takeoff": {
      "category": "ui",
      "sounds": [
        { "load_on_low_memory": true, "name": "sounds/sfx/hb-takeoff1" },
        { "load_on_low_memory": false, "name": "sounds/sfx/hb-takeoff2" },
        { "load_on_low_memory": false, "name": "sounds/sfx/hb-takeoff3" },
        { "load_on_low_memory": false, "name": "sounds/sfx/hb-takeoff4" }
      ]
    },

    "hb-select": {
      "category": "player",
      "sounds": [
        { "load_on_low_memory": true, "name": "sounds/voice/hb-select1" },
        { "load_on_low_memory": false, "name": "sounds/voice/hb-select2" },
        { "load_on_low_memory": false, "name": "sounds/voice/hb-select3" }
      ]
    },

    //Jetray
    "jr-talking": {
      "category": "player",
      "sounds": [
        { "load_on_low_memory": true, "name": "sounds/voice/jr-talking1" },
        { "load_on_low_memory": false, "name": "sounds/voice/jr-talking2" },
        { "load_on_low_memory": false, "name": "sounds/voice/jr-talking3" },
        { "load_on_low_memory": false, "name": "sounds/voice/jr-talking4" },
        { "load_on_low_memory": false, "name": "sounds/voice/jr-talking5" },
        { "load_on_low_memory": false, "name": "sounds/voice/jr-talking6" },
        { "load_on_low_memory": false, "name": "sounds/voice/jr-talking7" }
      ]
    },

    "jr-select": {
      "category": "player",
      "sounds": [
        { "load_on_low_memory": true, "name": "sounds/voice/jr-select1" },
        { "load_on_low_memory": false, "name": "sounds/voice/jr-select2" },
        { "load_on_low_memory": false, "name": "sounds/voice/jr-select3" }
      ]
    },

    "jr-attack": { "category": "player", "sounds": ["sounds/sfx/jr-attack"] },
    "jr-land": { "category": "player", "sounds": ["sounds/sfx/jr-land"] },
    "jr-jumpfull": { "category": "player", "sounds": ["sounds/sfx/jr-jumpfull"] },
    "jr-laser": {
      "category": "player",
      "sounds": [
        { "load_on_low_memory": true, "name": "sounds/sfx/jr-laser" },
        { "load_on_low_memory": false, "name": "sounds/sfx/jr-laser1" },
        { "load_on_low_memory": false, "name": "sounds/sfx/jr-laser2" },
        { "load_on_low_memory": false, "name": "sounds/sfx/jr-laser3" }
      ]
    },

    "jr-takeoff": {
      "category": "player",
      "sounds": [
        { "load_on_low_memory": true, "name": "sounds/sfx/jr-takeoff" },
        { "load_on_low_memory": false, "name": "sounds/sfx/jr-takeoff1" },
        { "load_on_low_memory": false, "name": "sounds/sfx/jr-takeoff2" },
        { "load_on_low_memory": false, "name": "sounds/sfx/jr-takeoff3" }
      ]
    },

    "jr-jump": {
      "category": "player",
      "sounds": [
        { "load_on_low_memory": true, "name": "sounds/sfx/jr-jump1" },
        { "load_on_low_memory": false, "name": "sounds/sfx/jr-jump2" },
        { "load_on_low_memory": false, "name": "sounds/sfx/jr-jump3" },
        { "load_on_low_memory": false, "name": "sounds/sfx/jr-jump4" },
        { "load_on_low_memory": false, "name": "sounds/sfx/jr-jump5" }
      ]
    },

    //Humungoursaur
    "hg-talking": {
      "category": "player",
      "sounds": [
        { "load_on_low_memory": true, "name": "sounds/voice/hg-talking1" },
        { "load_on_low_memory": false, "name": "sounds/voice/hg-talking2" },
        { "load_on_low_memory": false, "name": "sounds/voice/hg-talking3" },
        { "load_on_low_memory": false, "name": "sounds/voice/hg-talking4" },
        { "load_on_low_memory": false, "name": "sounds/voice/hg-talking5" },
        { "load_on_low_memory": false, "name": "sounds/voice/hg-talking6" }
      ]
    },

    "hg-laser": { "category": "player", "sounds": ["sounds/sfx/hg-laser"] },

    "hg-jump": {
      "category": "player",
      "sounds": [
        { "load_on_low_memory": true, "name": "sounds/sfx/hg-jump1" },
        { "load_on_low_memory": false, "name": "sounds/sfx/hg-jump2" },
        { "load_on_low_memory": false, "name": "sounds/sfx/hg-jump3" },
        { "load_on_low_memory": false, "name": "sounds/sfx/hg-jump4" }
      ]
    },

    "hg-punch": {
      "category": "player",
      "sounds": [
        { "load_on_low_memory": true, "name": "sounds/sfx/hg-punch1" },
        { "load_on_low_memory": false, "name": "sounds/sfx/hg-punch2" },
        { "load_on_low_memory": false, "name": "sounds/sfx/hg-punch3" },
        { "load_on_low_memory": false, "name": "sounds/sfx/hg-punch4" }
      ]
    },

    "hg-stomp": {
      "category": "player",
      "sounds": [
        { "load_on_low_memory": true, "name": "sounds/sfx/hg-stomp1" },
        { "load_on_low_memory": false, "name": "sounds/sfx/hg-stomp2" },
        { "load_on_low_memory": false, "name": "sounds/sfx/hg-stomp3" },
        { "load_on_low_memory": false, "name": "sounds/sfx/hg-stomp4" }
      ]
    },

    "hg-whip": {
      "category": "player",
      "sounds": [
        { "load_on_low_memory": true, "name": "sounds/sfx/hg-whip1" },
        { "load_on_low_memory": false, "name": "sounds/sfx/hg-whip2" },
        { "load_on_low_memory": false, "name": "sounds/sfx/hg-whip3" },
        { "load_on_low_memory": false, "name": "sounds/sfx/hg-whip4" }
      ]
    },

    "hg-select": {
      "category": "player",
      "sounds": [
        { "load_on_low_memory": true, "name": "sounds/voice/hg-select1" },
        { "load_on_low_memory": false, "name": "sounds/voice/hg-select2" },
        { "load_on_low_memory": false, "name": "sounds/voice/hg-select3" }
      ]
    },

    //quadsmack
    "qs-throw": { "category": "player", "sounds": ["sounds/sfx/qs-throw"] },
    "qs-clap": { "category": "player", "sounds": ["sounds/sfx/qs-clap"] },
    "qs-jump": { "category": "player", "sounds": ["sounds/sfx/qs-jump"] },
    "qs-pickup": { "category": "player", "sounds": ["sounds/sfx/qs-pickup"] },
    //rush
    "ru-kick": { "category": "player", "sounds": ["sounds/sfx/ru-kick"] },
    "ru-throw": { "category": "player", "sounds": ["sounds/sfx/ru-throw"] },
    //CrystalFist
    "cf-attack": { "category": "player", "sounds": ["sounds/sfx/cf-attack"] },
    "cf-dart": { "category": "player", "sounds": ["sounds/sfx/cf-dart"] },
    "cf-spike": { "category": "player", "sounds": ["sounds/sfx/cf-spike"] },
    //Azmuth

    "az-clears1": { "category": "ui", "sounds": ["sounds/voice/az-clears1"] },
    "az-clears2": { "category": "ui", "sounds": ["sounds/voice/az-clears2"] },
    "az-nervous1": { "category": "ui", "sounds": ["sounds/voice/az-nervous1"] },
    "az-nervous2": { "category": "ui", "sounds": ["sounds/voice/az-nervous2"] },
    "az-nervous3": { "category": "ui", "sounds": ["sounds/voice/az-nervous3"] },
    "az-talking1": { "category": "ui", "sounds": ["sounds/voice/az-talking1"] },
    "az-talking2": { "category": "ui", "sounds": ["sounds/voice/az-talking2"] },
    "az-talking3": { "category": "ui", "sounds": ["sounds/voice/az-talking3"] },
    "az-talking4": { "category": "ui", "sounds": ["sounds/voice/az-talking4"] },

    //Max

    "mx-angry2": { "category": "ui", "sounds": ["sounds/voice/mx-angry2"] },
    "mx-angry3": { "category": "ui", "sounds": ["sounds/voice/mx-angry3"] },
    "mx-angry4": { "category": "ui", "sounds": ["sounds/voice/mx-angry4"] },
    "mx-angry5": { "category": "ui", "sounds": ["sounds/voice/mx-angry5"] },
    "mx-talking1": { "category": "ui", "sounds": ["sounds/voice/mx-talking1"] },
    "mx-talking2": { "category": "ui", "sounds": ["sounds/voice/mx-talking2"] },
    "mx-talking3": { "category": "ui", "sounds": ["sounds/voice/mx-talking3"] },
    "mx-talking4": { "category": "ui", "sounds": ["sounds/voice/mx-talking4"] },
    "mx-talking5": { "category": "ui", "sounds": ["sounds/voice/mx-talking5"] },
    "mx-talking6": { "category": "ui", "sounds": ["sounds/voice/mx-talking6"] },
    "mx-worry1": { "category": "ui", "sounds": ["sounds/voice/mx-worry1"] },

    //Ben
    "ben-talking1": { "category": "ui", "sounds": ["sounds/voice/ben-talking1"] },
    "ben-talking2": { "category": "ui", "sounds": ["sounds/voice/ben-talking2"] },
    "ben-talking3": { "category": "hostile", "sounds": ["sounds/voice/ben-talking3"] },
    "ben-talking4": { "category": "ui", "sounds": ["sounds/voice/ben-talking4"] },
    "ben-talking5": { "category": "ui", "sounds": ["sounds/voice/ben-talking5"] },
    "ben-talking6": { "category": "ui", "sounds": ["sounds/voice/ben-talking6"] },
    "ben-talking7": { "category": "ui", "sounds": ["sounds/voice/ben-talking7"] },
    "ben-talking8": { "category": "ui", "sounds": ["sounds/voice/ben-talking8"] },
    "ben-talking9": { "category": "ui", "sounds": ["sounds/voice/ben-talking9"] },
    "ben-talking10": { "category": "hostile", "sounds": ["sounds/voice/ben-talking10"] },
    //Gwen
    "gw-talking1": { "category": "ui", "sounds": ["sounds/voice/gw-talking1"] },
    "gw-talking2": { "category": "ui", "sounds": ["sounds/voice/gw-talking2"] },
    "gw-talking3": { "category": "ui", "sounds": ["sounds/voice/gw-talking3"] },
    "gw-talking4": { "category": "ui", "sounds": ["sounds/voice/gw-talking4"] },
    "gw-talking5": { "category": "ui", "sounds": ["sounds/voice/gw-talking5"] },
    //automated voice

    "automated-voice1": { "category": "ui", "sounds": ["sounds/voice/automated-voice1"] },
    "automated-voice2": { "category": "ui", "sounds": ["sounds/voice/automated-voice2"] },
    "automated-voice3": { "category": "ui", "sounds": ["sounds/voice/automated-voice3"] },
    "automated-voice4": { "category": "ui", "sounds": ["sounds/voice/automated-voice4"] },
    "automated-voice5": { "category": "ui", "sounds": ["sounds/voice/automated-voice5"] },
    "automated-voice6": { "category": "ui", "sounds": ["sounds/voice/automated-voice6"] },
    "automated-voice7": { "category": "ui", "sounds": ["sounds/voice/automated-voice7"] },

    //Omnitrix UI

    "omnitrix-ui-close": { "category": "ui", "sounds": ["sounds/sfx/omnitrix-ui-close"] },

    "omnitrix-ui-select": {
      "category": "player",
      "sounds": [
        { "load_on_low_memory": true, "name": "sounds/sfx/omnitrix-ui-select1" },
        { "load_on_low_memory": false, "name": "sounds/sfx/omnitrix-ui-select2" },
        { "load_on_low_memory": false, "name": "sounds/sfx/omnitrix-ui-select3" },
        { "load_on_low_memory": false, "name": "sounds/sfx/omnitrix-ui-select4" },
        { "load_on_low_memory": false, "name": "sounds/sfx/omnitrix-ui-select5" },
        { "load_on_low_memory": false, "name": "sounds/sfx/omnitrix-ui-select6" },
        { "load_on_low_memory": false, "name": "sounds/sfx/omnitrix-ui-select7" }
      ]
    },

    "omnitrix-ui-place": {
      "category": "player",
      "sounds": [
        { "load_on_low_memory": true, "name": "sounds/sfx/omnitrix-ui-place1" },
        { "load_on_low_memory": false, "name": "sounds/sfx/omnitrix-ui-place2" },
        { "load_on_low_memory": false, "name": "sounds/sfx/omnitrix-ui-place3" },
        { "load_on_low_memory": false, "name": "sounds/sfx/omnitrix-ui-place4" },
        { "load_on_low_memory": false, "name": "sounds/sfx/omnitrix-ui-place5" },
        { "load_on_low_memory": false, "name": "sounds/sfx/omnitrix-ui-place6" },
        { "load_on_low_memory": false, "name": "sounds/sfx/omnitrix-ui-place7" }
      ]
    },

    "omnitrix-ui": {
      "category": "player",
      "sounds": [
        { "load_on_low_memory": true, "name": "sounds/sfx/omnitrix-ui-swipe1" },
        { "load_on_low_memory": false, "name": "sounds/sfx/omnitrix-ui-swipe2" },
        { "load_on_low_memory": false, "name": "sounds/sfx/omnitrix-ui-swipe3" },
        { "load_on_low_memory": false, "name": "sounds/sfx/omnitrix-ui-swipe4" },
        { "load_on_low_memory": false, "name": "sounds/sfx/omnitrix-ui-swipe5" }
      ]
    },

    "omnitrix_error": { "category": "ui", "sounds": ["sounds/sfx/omnitrix_error"] },

    //Ingame Model Animation SFX
    "be-droneend": { "category": "hostile", "sounds": ["sounds/sfx/be-droneend"] },
    "be-droneloop": { "category": "hostile", "sounds": ["sounds/sfx/be-droneloop"] },
    "be-dronestart": { "category": "hostile", "sounds": ["sounds/sfx/be-dronestart"] },
    "br-activate": { "category": "hostile", "sounds": ["sounds/sfx/br-activate"] },
    "br-deactivate": { "category": "hostile", "sounds": ["sounds/sfx/br-deactivate"] },
    "br-laser": { "category": "hostile", "sounds": ["sounds/sfx/br-laser"] },
    "br-melee": { "category": "hostile", "sounds": ["sounds/sfx/br-melee"] },
    "br-hurt": {
      "category": "hostile",
      "sounds": [
        { "load_on_low_memory": true, "name": "sounds/sfx/br-hurt1" },
        { "load_on_low_memory": true, "name": "sounds/sfx/br-hurt2" },
        { "load_on_low_memory": true, "name": "sounds/sfx/br-hurt3" }
      ]
    },
    "nr-portalend": { "category": "ui", "sounds": ["sounds/sfx/nr-portalend"] },
    "nr-portalstart": { "category": "ui", "sounds": ["sounds/sfx/nr-portalstart"] },
    "nr_suck": { "category": "ui", "sounds": ["sounds/sfx/nr_suck"] },
    "sm-2melee": { "category": "hostile", "sounds": ["sounds/sfx/sm-2melee"] },
    "sm-hurt": {
      "category": "hostile",
      "sounds": [
        { "load_on_low_memory": true, "name": "sounds/sfx/sm-hurt1" },
        { "load_on_low_memory": true, "name": "sounds/sfx/sm-hurt2" },
        { "load_on_low_memory": true, "name": "sounds/sfx/sm-hurt3" }
      ]
    },
    "sm-melee": {
      "category": "hostile",
      "sounds": [
        { "load_on_low_memory": true, "name": "sounds/sfx/sm-melee1" },
        { "load_on_low_memory": true, "name": "sounds/sfx/sm-melee2" }
      ]
    },
    //Token Collect
    "token_collect": { "category": "ui", "sounds": ["sounds/sfx/coin-collect"] },
    //OBJ
    "obj1": { "category": "ui", "sounds": ["sounds/sfx/obj1"] },
    "obj2": { "category": "ui", "sounds": ["sounds/sfx/obj2"] },
    "obj3": { "category": "ui", "sounds": ["sounds/sfx/obj3"] },
    //In Game SFX
    "game_alarm": { "category": "ui", "sounds": ["sounds/sfx/game_alarm"] },
    "game_bombtick": { "category": "ui", "sounds": ["sounds/sfx/game_bombtick"] },
    "game_chaos": { "category": "ui", "sounds": ["sounds/sfx/game_chaos"] },
    "game_labtype": { "category": "ui", "sounds": ["sounds/sfx/game_labtype"] },
    "game_portalopen": { "category": "ui", "sounds": ["sounds/sfx/game_portalopen"] },
    "game_powerdown": { "category": "ui", "sounds": ["sounds/sfx/game_powerdown"] },
    "az_typing1": { "category": "hostile", "sounds": ["sounds/sfx/az_typing1"] },
    "az_typing2": { "category": "hostile", "sounds": ["sounds/sfx/az_typing2"] },
    "crystal_break": { "category": "ui", "sounds": ["sounds/sfx/crystal_break"] },
    //Ambiences
    "ambience_lab": { "category": "ui", "sounds": ["sounds/sfx/ambience_lab"] },

    //ben-rock_fight_array

    "ben_rock_fight_array": {
      "category": "music",
      "sounds": [
        { "load_on_low_memory": true, "stream": true, "name": "sounds/music/4m1" },
        { "load_on_low_memory": false, "stream": true, "name": "sounds/music/9m1" },
        { "load_on_low_memory": false, "stream": true, "name": "sounds/music/13m1" },
        { "load_on_low_memory": false, "stream": true, "name": "sounds/music/15m1" },
        { "load_on_low_memory": false, "stream": true, "name": "sounds/music/4m1_no_theremin" },
        { "load_on_low_memory": false, "stream": true, "name": "sounds/music/9m1_no_melody" },
        { "load_on_low_memory": false, "stream": true, "name": "sounds/music/15m1_no_melody" }
      ]

      //ht_electronic_array
    },

    "ht_electronic_array": {
      "category": "music",
      "sounds": [
        { "load_on_low_memory": true, "stream": true, "name": "sounds/music/1m1" },
        { "load_on_low_memory": false, "stream": true, "name": "sounds/music/1m2_no_kick" },
        { "load_on_low_memory": false, "stream": true, "name": "sounds/music/6m1" },
        { "load_on_low_memory": false, "stream": true, "name": "sounds/music/7m1" },
        { "load_on_low_memory": false, "stream": true, "name": "sounds/music/8m2" }
      ]
    },

    "1m1": { "category": "music", "sounds": [{ "stream": true, "name": "sounds/music/1m1" }] },
    "1m2": { "category": "music", "sounds": [{ "stream": true, "name": "sounds/music/1m2" }] },
    "3m1": { "category": "music", "sounds": [{ "stream": true, "name": "sounds/music/3m1" }] },
    "3m2": { "category": "music", "sounds": [{ "stream": true, "name": "sounds/music/3m2" }] },
    "4m1": { "category": "music", "sounds": [{ "stream": true, "name": "sounds/music/4m1" }] },
    "5m1": { "category": "music", "sounds": [{ "stream": true, "name": "sounds/music/5m1" }] },
    "6m1": { "category": "music", "sounds": [{ "stream": true, "name": "sounds/music/6m1" }] },
    "7m1": { "category": "music", "sounds": [{ "stream": true, "name": "sounds/music/7m1" }] },
    "8m2": { "category": "music", "sounds": [{ "stream": true, "name": "sounds/music/8m2" }] },
    "9m1": { "category": "music", "sounds": [{ "stream": true, "name": "sounds/music/9m1" }] },
    "10m1": { "category": "music", "sounds": [{ "stream": true, "name": "sounds/music/10m1" }] },
    "13m1": { "category": "music", "sounds": [{ "stream": true, "name": "sounds/music/13m1" }] },
    "15m1": { "category": "music", "sounds": [{ "stream": true, "name": "sounds/music/15m1" }] },
    "17m1": { "category": "music", "sounds": [{ "stream": true, "name": "sounds/music/17m1" }] },
    "17m2": { "category": "music", "sounds": [{ "stream": true, "name": "sounds/music/17m2" }] },
    "18m1": { "category": "music", "sounds": [{ "stream": true, "name": "sounds/music/18m1" }] },
    "showtheme": { "category": "music", "sounds": [{ "stream": true, "name": "sounds/music/showtheme" }] },

    //Alts

    "4m1_no_theremin": { "category": "music", "sounds": [{ "stream": true, "name": "sounds/music/4m1_no_theremin" }] },
    "9m1_no_melody": { "category": "music", "sounds": [{ "stream": true, "name": "sounds/music/9m1_no_melody" }] },
    "15m1_no_melody": { "category": "music", "sounds": [{ "stream": true, "name": "sounds/music/15m1_no_melody" }] },
    "1m2_no_kick": { "category": "music", "sounds": [{ "stream": true, "name": "sounds/music/1m2_no_kick" }] },

    "music_game": {
      "category": "music",
      "sounds": [
        { "load_on_low_memory": true, "name": "sounds/music/1m1", "stream": true, "volume": 1 },
        { "load_on_low_memory": false, "name": "sounds/music/1m2", "stream": true, "volume": 1 },
        { "load_on_low_memory": false, "name": "sounds/music/1m2_no_kick", "stream": true, "volume": 1 },
        { "load_on_low_memory": false, "name": "sounds/music/4m1", "stream": true, "volume": 1 },
        { "load_on_low_memory": false, "name": "sounds/music/4m1_no_theremin", "stream": true, "volume": 1 },
        { "load_on_low_memory": false, "name": "sounds/music/6m1", "stream": true, "volume": 1 },
        { "load_on_low_memory": false, "name": "sounds/music/7m1", "stream": true, "volume": 1 },
        { "load_on_low_memory": false, "name": "sounds/music/8m2", "stream": true, "volume": 1 },
        { "load_on_low_memory": false, "name": "sounds/music/9m1", "stream": true, "volume": 1 },
        { "load_on_low_memory": false, "name": "sounds/music/9m1_no_melody", "stream": true, "volume": 1 },
        { "load_on_low_memory": false, "name": "sounds/music/13m1", "stream": true, "volume": 1 },
        { "load_on_low_memory": false, "name": "sounds/music/15m1", "stream": true, "volume": 1 },
        { "load_on_low_memory": false, "name": "sounds/music/15m1_no_melody", "stream": true, "volume": 1 }
      ]
    },

    "music.game": {
      "category": "music",
      "sounds": [
        { "load_on_low_memory": true, "name": "sounds/music/1m1", "stream": true, "volume": 1 },
        { "load_on_low_memory": false, "name": "sounds/music/1m2", "stream": true, "volume": 1 },
        { "load_on_low_memory": false, "name": "sounds/music/1m2_no_kick", "stream": true, "volume": 1 },
        { "load_on_low_memory": false, "name": "sounds/music/4m1", "stream": true, "volume": 1 },
        { "load_on_low_memory": false, "name": "sounds/music/4m1_no_theremin", "stream": true, "volume": 1 },
        { "load_on_low_memory": false, "name": "sounds/music/6m1", "stream": true, "volume": 1 },
        { "load_on_low_memory": false, "name": "sounds/music/7m1", "stream": true, "volume": 1 },
        { "load_on_low_memory": false, "name": "sounds/music/8m2", "stream": true, "volume": 1 },
        { "load_on_low_memory": false, "name": "sounds/music/9m1", "stream": true, "volume": 1 },
        { "load_on_low_memory": false, "name": "sounds/music/9m1_no_melody", "stream": true, "volume": 1 },
        { "load_on_low_memory": false, "name": "sounds/music/13m1", "stream": true, "volume": 1 },
        { "load_on_low_memory": false, "name": "sounds/music/15m1", "stream": true, "volume": 1 },
        { "load_on_low_memory": false, "name": "sounds/music/15m1_no_melody", "stream": true, "volume": 1 }
      ]
    },
    "music.game.creative": {
      "category": "music",
      "sounds": [
        { "load_on_low_memory": true, "name": "sounds/music/1m1", "stream": true, "volume": 1 },
        { "load_on_low_memory": false, "name": "sounds/music/1m2", "stream": true, "volume": 1 },
        { "load_on_low_memory": false, "name": "sounds/music/1m2_no_kick", "stream": true, "volume": 1 },
        { "load_on_low_memory": false, "name": "sounds/music/4m1", "stream": true, "volume": 1 },
        { "load_on_low_memory": false, "name": "sounds/music/4m1_no_theremin", "stream": true, "volume": 1 },
        { "load_on_low_memory": false, "name": "sounds/music/6m1", "stream": true, "volume": 1 },
        { "load_on_low_memory": false, "name": "sounds/music/7m1", "stream": true, "volume": 1 },
        { "load_on_low_memory": false, "name": "sounds/music/8m2", "stream": true, "volume": 1 },
        { "load_on_low_memory": false, "name": "sounds/music/9m1", "stream": true, "volume": 1 },
        { "load_on_low_memory": false, "name": "sounds/music/9m1_no_melody", "stream": true, "volume": 1 },
        { "load_on_low_memory": false, "name": "sounds/music/13m1", "stream": true, "volume": 1 },
        { "load_on_low_memory": false, "name": "sounds/music/15m1", "stream": true, "volume": 1 },
        { "load_on_low_memory": false, "name": "sounds/music/15m1_no_melody", "stream": true, "volume": 1 }
      ]
    },
    "music.menu": {
      "__use_legacy_max_distance": "true",
      "category": "music",
      "sounds": [
        { "load_on_low_memory": true, "name": "sounds/music/1m1", "stream": true, "volume": 1 },
        { "load_on_low_memory": false, "name": "sounds/music/1m2", "stream": true, "volume": 1 },
        { "load_on_low_memory": false, "name": "sounds/music/1m2_no_kick", "stream": true, "volume": 1 },
        { "load_on_low_memory": false, "name": "sounds/music/4m1", "stream": true, "volume": 1 },
        { "load_on_low_memory": false, "name": "sounds/music/4m1_no_theremin", "stream": true, "volume": 1 },
        { "load_on_low_memory": false, "name": "sounds/music/6m1", "stream": true, "volume": 1 },
        { "load_on_low_memory": false, "name": "sounds/music/7m1", "stream": true, "volume": 1 },
        { "load_on_low_memory": false, "name": "sounds/music/8m2", "stream": true, "volume": 1 },
        { "load_on_low_memory": false, "name": "sounds/music/9m1", "stream": true, "volume": 1 },
        { "load_on_low_memory": false, "name": "sounds/music/9m1_no_melody", "stream": true, "volume": 1 },
        { "load_on_low_memory": false, "name": "sounds/music/13m1", "stream": true, "volume": 1 },
        { "load_on_low_memory": false, "name": "sounds/music/15m1", "stream": true, "volume": 1 },
        { "load_on_low_memory": false, "name": "sounds/music/15m1_no_melody", "stream": true, "volume": 1 }
      ]
    }
  }
}
