{
  "format_version": "1.16.100",
  "minecraft:item": {
      "description": {
          "identifier": "rhz:antitrix",
          "category" : "Equipment"     
      },
      "components": {		  
		  "minecraft:display_name":{
			  "value": "§cAntitrix"
		  },
		  "minecraft:icon":{
			  "texture": "item_antitrix"
		  },
      "minecraft:creative_category": {
		  "parent": "itemGroup.name.antitrix"
		  },
            "tag:invisible_item": {},
	        "minecraft:should_despawn": true,
			"minecraft:max_stack_size": 1,
			"minecraft:use_duration": 99,
			"minecraft:cooldown": {
				"category": "alien",
				"duration": 1.0
		  },
            "minecraft:render_offsets": {
                "main_hand": {
                    "first_person": { "scale": [0.0,0.0,0.0]},
                    "third_person": { "scale": [0.0,0.0,0.0]}
                },
                "off_hand": {
                    "first_person": { "scale": [0.0,0.0,0.0]},
                    "third_person": { "scale": [0.0,0.0,0.0]
            }
        }
    },
		  "minecraft:on_use": {
			"on_use": {
			"event": "use",
			"target": "self"
			}
		 }
	  },
        "events": {
        "use": {
				"run_command": {
					"command": [
				    "function omnitrix/select/quadsmack_dna"
					],
          "target" : "self"
				}
    }
    }
  }
}