{
  "format_version": "1.16.100",
  "minecraft:item": {
      "description": {
          "identifier": "rhz:rush_dna",
          "category" : "Unknown"     
      },
      "components": {		  
		  "minecraft:display_name":{
			  "value": "Rush"
		  },
		  "minecraft:icon":{
			  "texture": "rush_dna"
		  },
            "tag:invisible_item": {},
	        "minecraft:should_despawn": true,
			"minecraft:max_stack_size": 1,
			"minecraft:use_duration": 99,
			"minecraft:cooldown": {
				"category": "alien",
				"duration": 1.0
		  },
            "minecraft:render_offsets": {
                "main_hand": {
                    "first_person": { "scale": [0.0,0.0,0.0]},
                    "third_person": { "scale": [0.0,0.0,0.0]}
                },
                "off_hand": {
                    "first_person": { "scale": [0.0,0.0,0.0]},
                    "third_person": { "scale": [0.0,0.0,0.0]
            }
        }
    },
		  "minecraft:on_use": {
			"on_use": {
			"event": "use",
			"target": "self"
			}
		 }
	  },
      "events": {
		 "use":{
			"sequence":[
			{
            "condition": "!query.is_sneaking",
            "run_command": {
              "command": [
                "function omnitrix/select/crystalfist_dna"
              ]
			}
			},
			{
			"condition": "query.is_sneaking",
			"run_command":{
				"command": [ 
				    "function aliens/apply/rushalien",
				    "function omnitrix/select/ant_revert_dna"
			  ]
			}
			}
			]
		 }			 
	  }
  }
}