{
  "resource_pack_name": "Ben 10",
  "texture_name": "atlas.items",
  "texture_data": {
    "item_omnitrix": { "textures": ["textures/items/omnitrix"] },
    "item_antitrix": { "textures": ["textures/items/antitrix"] },
    //Cannonbolt Abilities
    "cannonbolt_piledriver": { "textures": ["textures/items/abilities/cannonbolt/piledriver"] },
    "cannonbolt_piledriver_cd": { "textures": ["textures/items/abilities/cannonbolt/piledriver_cd"] },
    "cannonbolt_slam": { "textures": ["textures/items/abilities/cannonbolt/slam"] },
    "cannonbolt_slam_cd": { "textures": ["textures/items/abilities/cannonbolt/slam_cd"] },
    "cannonbolt_transform": { "textures": ["textures/items/abilities/cannonbolt/transform"] },
    "cannonbolt_transform_cd": { "textures": ["textures/items/abilities/cannonbolt/transform_cd"] },
    //Crystalfist Abilities
    "crystalfist_circle": { "textures": ["textures/items/abilities/crystalfist/circle"] },
    "crystalfist_circle_cd": { "textures": ["textures/items/abilities/crystalfist/circle_cd"] },
    "crystalfist_darts": { "textures": ["textures/items/abilities/crystalfist/darts"] },
    "crystalfist_darts_cd": { "textures": ["textures/items/abilities/crystalfist/darts_cd"] },
    "crystalfist_line": { "textures": ["textures/items/abilities/crystalfist/line"] },
    "crystalfist_line_cd": { "textures": ["textures/items/abilities/crystalfist/line_cd"] },
    //Diamondhead Abilities
    "diamondhead_circle": { "textures": ["textures/items/abilities/diamondhead/circle"] },
    "diamondhead_circle_cd": { "textures": ["textures/items/abilities/diamondhead/circle_cd"] },
    "diamondhead_darts": { "textures": ["textures/items/abilities/diamondhead/darts"] },
    "diamondhead_darts_cd": { "textures": ["textures/items/abilities/diamondhead/darts_cd"] },
    "diamondhead_line": { "textures": ["textures/items/abilities/diamondhead/line"] },
    "diamondhead_line_cd": { "textures": ["textures/items/abilities/diamondhead/line_cd"] },
    //Four Arms Abilities
    "fourarms_seismic_clap": { "textures": ["textures/items/abilities/fourarms/seismic_clap"] },
    "fourarms_seismic_clap_cd": { "textures": ["textures/items/abilities/fourarms/seismic_clap_cd"] },
    "fourarms_get_debris": { "textures": ["textures/items/abilities/fourarms/get_debris"] },
    "fourarms_get_debris_cd": { "textures": ["textures/items/abilities/fourarms/get_debris_cd"] },
    "fourarms_throw_debris": { "textures": ["textures/items/abilities/fourarms/throw_debris"] },
    "fourarms_throw_debris_cd": { "textures": ["textures/items/abilities/fourarms/throw_debris_cd"] },
    //Heatblast Abilities
    "heatblast_fireball": { "textures": ["textures/items/abilities/heatblast/fireball"] },
    "heatblast_fireball_cd": { "textures": ["textures/items/abilities/heatblast/fireball_cd"] },
    "heatblast_flamethrower": { "textures": ["textures/items/abilities/heatblast/flamethrower"] },
    "heatblast_flamethrower_cd": { "textures": ["textures/items/abilities/heatblast/flamethrower_cd"] },
    "heatblast_takeoff": { "textures": ["textures/items/abilities/heatblast/takeoff"] },
    "heatblast_takeoff_cd": { "textures": ["textures/items/abilities/heatblast/takeoff_cd"] },
    //Humungousaur Abilities
    "humungousaur_sonar": { "textures": ["textures/items/abilities/humungousaur/sonar"] },
    "humungousaur_sonar_cd": { "textures": ["textures/items/abilities/humungousaur/sonar_cd"] },
    "humungousaur_stomp": { "textures": ["textures/items/abilities/humungousaur/stomp"] },
    "humungousaur_stomp_cd": { "textures": ["textures/items/abilities/humungousaur/stomp_cd"] },
    "humungousaur_tail": { "textures": ["textures/items/abilities/humungousaur/tail"] },
    "humungousaur_tail_cd": { "textures": ["textures/items/abilities/humungousaur/tail_cd"] },
    //Jetray Abilities
    "jetray_drop": { "textures": ["textures/items/abilities/jetray/drop"] },
    "jetray_drop_cd": { "textures": ["textures/items/abilities/jetray/drop_cd"] },
    "jetray_flight": { "textures": ["textures/items/abilities/jetray/flight"] },
    "jetray_flight_cd": { "textures": ["textures/items/abilities/jetray/flight_cd"] },
    "jetray_lasers": { "textures": ["textures/items/abilities/jetray/lasers"] },
    "jetray_lasers_cd": { "textures": ["textures/items/abilities/jetray/lasers_cd"] },
    "jetray_pickup": { "textures": ["textures/items/abilities/jetray/pickup"] },
    "jetray_pickup_cd": { "textures": ["textures/items/abilities/jetray/pickup_cd"] },
    //Quad Smack Abilities
    "quadsmack_seismic_clap": { "textures": ["textures/items/abilities/quadsmack/seismic_clap"] },
    "quadsmack_seismic_clap_cd": { "textures": ["textures/items/abilities/quadsmack/seismic_clap_cd"] },
    "quadsmack_get_debris": { "textures": ["textures/items/abilities/quadsmack/get_debris"] },
    "quadsmack_get_debris_cd": { "textures": ["textures/items/abilities/quadsmack/get_debris_cd"] },
    "quadsmack_throw_debris": { "textures": ["textures/items/abilities/quadsmack/throw_debris"] },
    "quadsmack_throw_debris_cd": { "textures": ["textures/items/abilities/quadsmack/throw_debris_cd"] },
    //Rath Abilities
    "rath_climb": { "textures": ["textures/items/abilities/rath/climb"] },
    "rath_climb_cd": { "textures": ["textures/items/abilities/rath/climb_cd"] },
    "rath_roar": { "textures": ["textures/items/abilities/rath/roar"] },
    "rath_roar_cd": { "textures": ["textures/items/abilities/rath/roar_cd"] },
    "rath_slash": { "textures": ["textures/items/abilities/rath/slash"] },
    "rath_slash_cd": { "textures": ["textures/items/abilities/rath/slash_cd"] },
    //Rush Abilities
    "rush_boost": { "textures": ["textures/items/abilities/xlr8/boost"] },
    "rush_boost_cd": { "textures": ["textures/items/abilities/xlr8/boost_cd"] },
    "rush_left": { "textures": ["textures/items/abilities/rush/left"] },
    "rush_left_cd": { "textures": ["textures/items/abilities/rush/left_cd"] },
    "rush_right": { "textures": ["textures/items/abilities/rush/right"] },
    "rush_right_cd": { "textures": ["textures/items/abilities/rush/right_cd"] },
    "rush_tornado": { "textures": ["textures/items/abilities/xlr8/tornado"] },
    "rush_tornado_cd": { "textures": ["textures/items/abilities/xlr8/tornado_cd"] },
    //Shock Rock Abilities
    "shockrock_blast": { "textures": ["textures/items/abilities/shockrock/blast"] },
    "shockrock_blast_cd": { "textures": ["textures/items/abilities/shockrock/blast_cd"] },
    "shockrock_bluemerang": { "textures": ["textures/items/abilities/shockrock/bluemerang"] },
    "shockrock_bluemerang_cd": { "textures": ["textures/items/abilities/shockrock/bluemerang_cd"] },
    "shockrock_charge": { "textures": ["textures/items/abilities/shockrock/charge"] },
    "shockrock_charge_cd": { "textures": ["textures/items/abilities/shockrock/charge_cd"] },
    "shockrock_forcefield": { "textures": ["textures/items/abilities/shockrock/forcefield"] },
    "shockrock_forcefield_cd": { "textures": ["textures/items/abilities/shockrock/forcefield_cd"] },
    //Slapback Abilities
    "slapback_throw": { "textures": ["textures/items/abilities/slapback/throw"] },
    "slapback_throw_cd": { "textures": ["textures/items/abilities/slapback/throw_cd"] },
    "slapback_pickup": { "textures": ["textures/items/abilities/slapback/pickup"] },
    "slapback_pickup_cd": { "textures": ["textures/items/abilities/slapback/pickup_cd"] },
    "slapback_direct": { "textures": ["textures/items/abilities/slapback/direct"] },
    "slapback_direct_cd": { "textures": ["textures/items/abilities/slapback/direct_cd"] },
    "slapback_drop": { "textures": ["textures/items/abilities/slapback/drop"] },
    "slapback_drop_cd": { "textures": ["textures/items/abilities/slapback/drop_cd"] },
    "slapback_merge": { "textures": ["textures/items/abilities/slapback/merge"] },
    "slapback_merge_cd": { "textures": ["textures/items/abilities/slapback/merge_cd"] },
    "slapback_split": { "textures": ["textures/items/abilities/slapback/split"] },
    "slapback_split_cd": { "textures": ["textures/items/abilities/slapback/split_cd"] },
    //XLR8 Abilities
    "xlr8_boost": { "textures": ["textures/items/abilities/xlr8/boost"] },
    "xlr8_boost_cd": { "textures": ["textures/items/abilities/xlr8/boost_cd"] },
    "xlr8_left": { "textures": ["textures/items/abilities/xlr8/left"] },
    "xlr8_left_cd": { "textures": ["textures/items/abilities/xlr8/left_cd"] },
    "xlr8_right": { "textures": ["textures/items/abilities/xlr8/right"] },
    "xlr8_right_cd": { "textures": ["textures/items/abilities/xlr8/right_cd"] },
    "xlr8_tornado": { "textures": ["textures/items/abilities/xlr8/tornado"] },
    "xlr8_tornado_cd": { "textures": ["textures/items/abilities/xlr8/tornado_cd"] },
    //Player Abilities
    "revert_human": { "textures": ["textures/items/abilities/revert_human"] },
    //Dna
    "alien_dna": {
      "textures": "textures/items/dna/alien_dna"
    },
    "fourarms_dna": {
      "textures": "textures/items/dna/fourarms_dna"
    },
    "xlr8_dna": {
      "textures": "textures/items/dna/xlr8_dna"
    },
    "rath_dna": {
      "textures": "textures/items/dna/rath_dna"
    },
    "slapback_dna": {
      "textures": "textures/items/dna/slapback_dna"
    },
    "cannonbolt_dna": {
      "textures": "textures/items/dna/cannonbolt_dna"
    },
    "humungousaur_dna": {
      "textures": "textures/items/dna/humungousaur_dna"
    },
    "shockrock_dna": {
      "textures": "textures/items/dna/shockrock_dna"
    },
    "heatblast_dna": {
      "textures": "textures/items/dna/heatblast_dna"
    },
    "diamondhead_dna": {
      "textures": "textures/items/dna/diamondhead_dna"
    },
    "jetray_dna": {
      "textures": "textures/items/dna/jetray_dna"
    },
    "quadsmack_dna": {
      "textures": "textures/items/dna/quadsmack_dna"
    },
    "rush_dna": {
      "textures": "textures/items/dna/rush_dna"
    },
    "crystalfist_dna": {
      "textures": "textures/items/dna/crystalfist_dna"
    },
    "wreckingbolt_dna": {
      "textures": "textures/items/dna/wreckingbolt_dna"
    }
  }
}