{
  "resource_pack_name": "Ben 10",
  "texture_name": "atlas.terrain",
  "padding": 8,
  "num_mip_levels": 4,
  "texture_data": {
    "custom_forcefield": { "textures": "textures/blocks/custom/shockrock_forcefield" },
    "stone_slab_top_2": {
      "textures": [
        "textures/blocks/red_sandstone_top",
        "textures/blocks/concrete_gray",
        "textures/blocks/prismarine_rough",
        "textures/blocks/prismarine_dark",
        "textures/blocks/prismarine_bricks",
        "textures/blocks/cobblestone_mossy",
        "textures/blocks/sandstone_top",
        "textures/blocks/red_nether_brick"
      ]
    },
    "stone_slab_bottom_2": {
      "textures": [
        "textures/blocks/red_sandstone_bottom",
        "textures/blocks/concrete_gray",
        "textures/blocks/prismarine_rough",
        "textures/blocks/prismarine_dark",
        "textures/blocks/prismarine_bricks",
        "textures/blocks/cobblestone_mossy",
        "textures/blocks/sandstone_top",
        "textures/blocks/red_nether_brick"
      ]
    },
    "stone_slab_side_2": {
      "textures": [
        "textures/blocks/red_sandstone_normal",
        "textures/blocks/concrete_gray",
        "textures/blocks/prismarine_rough",
        "textures/blocks/prismarine_dark",
        "textures/blocks/prismarine_bricks",
        "textures/blocks/cobblestone_mossy",
        "textures/blocks/sandstone_top",
        "textures/blocks/red_nether_brick"
      ]
    }
  }
}
