{
  "format_version": "1.10.0",
  "minecraft:client_entity": {
    "description": {
      "identifier": "blockception:omnitrix_asset",
      "min_engine_version": "1.8.0",
      "materials": { "default": "entity", "alpha": "entity_alphatest", "blend": "entity_alphablend" },
      "textures": { "default": "textures/entity/omnitrix/omnitrix" },
      "render_controllers": ["controller.render.omnitrix"],
      "geometry": { "default": "geometry.omnitrix_menu" },
      "animations": {
        "base_pose.anim": "animation.omnitrix.base_pose",
        "cycle.anim": "animation.omnitrix.cycle",
        "select.anim": "animation.omnitrix.select",
        "open.anim": "animation.omnitrix_menu.open",
        "close.anim": "animation.omnitrix_menu.close",
        "fail.anim": "animation.omnitrix_menu.error",

        "open_close.controller": "controller.animation.omnitrix.open_close"
      },
      "scripts": {
        "pre_animation": ["variable.active = query.distance_from_camera < 11;"],
        "animate": ["open_close.controller", "base_pose.anim"]
      }
    }
  }
}
