{
  "format_version": "1.10.0",
  "minecraft:client_entity": {
    "description": {
      "identifier": "blockception:omnitrix_button_right",
      "materials": { "default": "entity", "alpha": "entity_alphatest" },
      "textures": { "default": "textures/entity/omnitrix/omnitrix_button" },
      "geometry": { "default": "geometry.omnitrix.button_right" },
      "render_controllers": ["controller.render.omnitrix.button"],
      "scripts": {
        "pre_animation": ["variable.active = query.distance_from_camera < 13;"]
      },
      "spawn_egg": {
        "base_color": "#00FF00",
        "overlay_color": "#000000"
      }
    }
  }
}
