{
  "format_version": "1.10.0",
  "minecraft:client_entity": {
    "description": {
      "identifier": "blockception:omnitrix",

      "materials": { "default": "entity", "alpha": "entity_alphatest", "blend": "entity_alphablend" },

      "geometry": {
        "cannonbolt_card": "geometry.cannonbolt_icon",
        "crystalfist_card": "geometry.crystalfist_icon",
        "default": "geometry.omnitrix_menu",
        "diamondhead_card": "geometry.diamondhead_icon",
        "fourarms_card": "geometry.fourarms_icon",
        "heatblast_card": "geometry.heatblast_icon",
        "humungousaur_card": "geometry.humungousaur_icon",
        "jetray_card": "geometry.jetray_icon",
        "quadsmack_card": "geometry.quadsmack_icon",
        "rath_card": "geometry.rath_icon",
        "rush_card": "geometry.rush_icon",
        "shockrock_card": "geometry.shockrock_icon",
        "slapback_card": "geometry.slapback_icon",
        "xlr8_card": "geometry.xlr8_icon"
      },

      "textures": {
        "default": "textures/entity/omnitrix/omnitrix",
        //Heatblast
        "heatblast": "textures/entity/aliens/heatblast/heatblast",
        "heatblast_locked": "textures/entity/aliens/heatblast/locked",
        //Slapback
        "slapback": "textures/entity/aliens/slapback/slapback",
        "slapback_locked": "textures/entity/aliens/slapback/locked",
        //Diamondhead
        "diamondhead": "textures/entity/aliens/diamondhead/diamondhead",
        "diamondhead_locked": "textures/entity/aliens/diamondhead/locked",
        //XLR8
        "xlr8": "textures/entity/aliens/xlr8/xlr8",
        "xlr8_locked": "textures/entity/aliens/xlr8/locked",
        //Rath
        "rath": "textures/entity/aliens/rath/rath",
        "rath_locked": "textures/entity/aliens/rath/locked",
        //Four Arms
        "fourarms": "textures/entity/aliens/fourarms/fourarms",
        "fourarms_locked": "textures/entity/aliens/fourarms/locked",
        //Humungousaur
        "humungousaur": "textures/entity/aliens/humungousaur/humungousaur",
        "humungousaur_locked": "textures/entity/aliens/humungousaur/locked",
        //Jetray
        "jetray": "textures/entity/aliens/jetray/jetray",
        "jetray_locked": "textures/entity/aliens/jetray/locked",
        //Shock Rock
        "shockrock": "textures/entity/aliens/shockrock/shockrock_icon",
        "shockrock_locked": "textures/entity/aliens/shockrock/locked",
        //Cannonbolt
        "cannonbolt": "textures/entity/aliens/cannonbolt/cannonbolt",
        "cannonbolt_locked": "textures/entity/aliens/cannonbolt/locked",
        //Quad Smack
        "quadsmack": "textures/entity/aliens/fourarms/quadsmack",
        "quadsmack_locked": "textures/entity/aliens/fourarms/quadsmack_locked",
        //Rush
        "rush": "textures/entity/aliens/xlr8/rush",
        "rush_locked": "textures/entity/aliens/xlr8/rush_locked",
        //Crystalfist
        "crystalfist": "textures/entity/aliens/diamondhead/crystalfist",
        "crystalfist_locked": "textures/entity/aliens/diamondhead/crystalfist_locked"
      },

      "scripts": {
        "variables": {
          "variable.heatblast": "public",
          "variable.slapback": "public",
          "variable.diamondhead": "public",
          "variable.xlr8": "public",
          "variable.rath": "public",
          "variable.fourarms": "public",
          "variable.humungousaur": "public",
          "variable.jetray": "public",
          "variable.shockrock": "public",
          "variable.cannonbolt": "public",
          "variable.quadsmack": "public",
          "variable.rush": "public",
          "variable.crystalfist": "public"
        },
        "initialize": [
          "variable.heatblast = 0;",
          "variable.slapback = 0;",
          "variable.diamondhead = 0;",
          "variable.xlr8 = 0;",
          "variable.rath = 0;",
          "variable.fourarms = 0;",
          "variable.humungousaur = 0;",
          "variable.jetray = 0;",
          "variable.shockrock = 0;",
          "variable.cannonbolt = 0;",
          "variable.quadsmack = 0;",
          "variable.rush = 0;",
          "variable.crystalfist = 0;"
        ],
        "pre_animation": ["variable.active = query.distance_from_camera < 11;"],
        "animate": [
          "cycle.controller",
          "select.controller",
          "open_close.controller",
          "heatblast.pose",
          "slapback.pose",
          "diamondhead.pose",
          "xlr8.pose",
          "rath.pose",
          "fourarms.pose",
          "humungousaur.pose",
          "jetray.pose",
          "shockrock.pose",
          "cannonbolt.pose",
          "quadsmack.pose",
          "rush.pose",
          "crystalfist.pose",
          "base_pose.anim"
        ]
      },

      "animations": {
        "cycle.controller": "controller.animation.omnitrix.cycle",
        "select.controller": "controller.animation.omnitrix.select",
        "open_close.controller": "controller.animation.omnitrix.open_close",

        //Menu Animations
        "base_pose.anim": "animation.omnitrix.base_pose",
        "cycle.anim": "animation.omnitrix.cycle",
        "select.anim": "animation.omnitrix.select",
        "open.anim": "animation.omnitrix_menu.open",
        "close.anim": "animation.omnitrix_menu.close",
        "fail.anim": "animation.omnitrix_menu.error",

        //Cards in the right spots
        "heatblast.anim": "animation.omnitrix.heatblast",
        "slapback.anim": "animation.omnitrix.slapback",
        "diamondhead.anim": "animation.omnitrix.diamondhead",
        "xlr8.anim": "animation.omnitrix.xlr8",
        "rath.anim": "animation.omnitrix.rath",
        "fourarms.anim": "animation.omnitrix.fourarms",
        "humungousaur.anim": "animation.omnitrix.humungousaur",
        "jetray.anim": "animation.omnitrix.jetray",
        "shockrock.anim": "animation.omnitrix.shockrock",
        "cannonbolt.anim": "animation.omnitrix.cannonbolt",
        "quadsmack.anim": "animation.omnitrix.quadsmack",
        "rush.anim": "animation.omnitrix.rush",
        "crystalfist.anim": "animation.omnitrix.crystalfist",

        //Alien Unlocks
        "heatblast.unlock": "animation.heatblast.unlock",
        "slapback.unlock": "animation.slapback.unlock",
        "diamondhead.unlock": "animation.diamondhead.unlock",
        "xlr8.unlock": "animation.xlr8.unlock",
        "rath.unlock": "animation.rath.unlock",
        "fourarms.unlock": "animation.fourarms.unlock",
        "humungousaur.unlock": "animation.humungousaur.unlock",
        "jetray.unlock": "animation.jetray.unlock",
        "shockrock.unlock": "animation.shockrock.unlock",
        "cannonbolt.unlock": "animation.cannonbolt.unlock",
        "quadsmack.unlock": "animation.quadsmack.unlock",
        "rush.unlock": "animation.rush.unlock",
        "crystalfist.unlock": "animation.crystalfist.unlock",

        //Alien Locks
        "heatblast.lock": "animation.heatblast.lock",
        "slapback.lock": "animation.slapback.lock",
        "diamondhead.lock": "animation.diamondhead.lock",
        "xlr8.lock": "animation.xlr8.lock",
        "rath.lock": "animation.rath.lock",
        "fourarms.lock": "animation.fourarms.lock",
        "humungousaur.lock": "animation.humungousaur.lock",
        "jetray.lock": "animation.jetray.lock",
        "shockrock.lock": "animation.shockrock.lock",
        "cannonbolt.lock": "animation.cannonbolt.lock",
        "quadsmack.lock": "animation.quadsmack.lock",
        "rush.lock": "animation.rush.lock",
        "crystalfist.lock": "animation.crystalfist.lock",

        //Poses
        "heatblast.pose": "animation.omnitrix.heatblast.pose",
        "slapback.pose": "animation.omnitrix.slapback.pose",
        "diamondhead.pose": "animation.omnitrix.diamondhead.pose",
        "xlr8.pose": "animation.omnitrix.xlr8.pose",
        "rath.pose": "animation.omnitrix.rath.pose",
        "fourarms.pose": "animation.omnitrix.fourarms.pose",
        "humungousaur.pose": "animation.omnitrix.humungousaur.pose",
        "jetray.pose": "animation.omnitrix.jetray.pose",
        "shockrock.pose": "animation.omnitrix.shockrock.pose",
        "cannonbolt.pose": "animation.omnitrix.cannonbolt.pose",
        "quadsmack.pose": "animation.omnitrix.quadsmack.pose",
        "rush.pose": "animation.omnitrix.rush.pose",
        "crystalfist.pose": "animation.omnitrix.crystalfist.pose"
      },

      "render_controllers": [
        "controller.render.omnitrix",
        { "controller.render.omnitrix_card.heatblast": "variable.active" },
        { "controller.render.omnitrix_card.slapback": "variable.active" },
        { "controller.render.omnitrix_card.diamondhead": "variable.active" },
        { "controller.render.omnitrix_card.xlr8": "variable.active" },
        { "controller.render.omnitrix_card.rath": "variable.active" },
        { "controller.render.omnitrix_card.fourarms": "variable.active" },
        { "controller.render.omnitrix_card.humungousaur": "variable.active" },
        { "controller.render.omnitrix_card.jetray": "variable.active" },
        { "controller.render.omnitrix_card.shockrock": "variable.active" },
        { "controller.render.omnitrix_card.cannonbolt": "variable.active" },
        { "controller.render.omnitrix_card.quadsmack": "variable.active" },
        { "controller.render.omnitrix_card.rush": "variable.active" },
        { "controller.render.omnitrix_card.crystalfist": "variable.active" }
      ],

      "spawn_egg": { "texture": "spawn_omnitrix", "texture_index": 0 }
    }
  }
}
